"FullName","Name","CreationTime","LastWriteTime","Length","Attributes"
"F:\$DESCRIPTION_510","$DESCRIPTION_510","6/10/2026 9:15:55 AM","6/10/2026 9:15:55 AM",,"Hidden, Directory"
"F:\$Net_Worth-179.png","$Net_Worth-179.png","8/24/2014 8:00:00 AM","8/24/2014 8:00:00 AM","146023","Hidden, Archive"
"F:\7Valuation_Budget-118.xlsx","7Valuation_Budget-118.xlsx","8/24/2014 8:00:00 AM","8/24/2014 8:00:00 AM","5079","Hidden, Archive"
"F:\9Assets_Amortization-904.csv","9Assets_Amortization-904.csv","8/24/2014 8:00:00 AM","8/24/2014 8:00:00 AM","3403","Hidden, Archive"
"F:\$DESCRIPTION_510\1Description-Loans_667.csv","1Description-Loans_667.csv","8/24/2014 8:00:00 AM","8/24/2014 8:00:00 AM","3402","Hidden, Archive"
"F:\$DESCRIPTION_510\2Cash-834.png","2Cash-834.png","8/24/2014 8:00:00 AM","8/24/2014 8:00:00 AM","146035","Hidden, Archive"
"F:\$DESCRIPTION_510\5Annuity-Backup_45.xlsx","5Annuity-Backup_45.xlsx","8/24/2014 8:00:00 AM","8/24/2014 8:00:00 AM","5087","Hidden, Archive"
"F:\Bids and Proposals\2Summary-Loans_492.csv","2Summary-Loans_492.csv","8/24/2014 8:00:00 AM","8/24/2014 8:00:00 AM","3403","Hidden, Archive"
"F:\Bids and Proposals\About_KLD\1Loans_230.csv","1Loans_230.csv","8/24/2014 8:00:00 AM","8/24/2014 8:00:00 AM","3404","Hidden, Archive"
"F:\Bids and Proposals\About_KLD\3Description-524.pdf","3Description-524.pdf","8/24/2014 8:00:00 AM","8/24/2014 8:00:00 AM","2213","Hidden, Archive"
"F:\Bids and Proposals\About_KLD\Baker\Cut Sheets\#Loans-244.jpg","#Loans-244.jpg","8/24/2014 8:00:00 AM","8/24/2014 8:00:00 AM","102015","Hidden, Archive"
"F:\Bids and Proposals\About_KLD\Baker\Cut Sheets\3Cash-EBITDA-762.csv","3Cash-EBITDA-762.csv","8/24/2014 8:00:00 AM","8/24/2014 8:00:00 AM","3401","Hidden, Archive"
"F:\Bids and Proposals\About_KLD\Baker\Cut Sheets\8Annuity-668.xlsx","8Annuity-668.xlsx","8/24/2014 8:00:00 AM","8/24/2014 8:00:00 AM","5078","Hidden, Archive"
"F:\Bids and Proposals\Past_Proposals\Cashin","Cashin","11/2/2023 2:01:47 PM","10/20/2022 9:10:02 AM",,"Directory"
"F:\Bids and Proposals\Past_Proposals\MnDOT ITS CAV Master Contract with ICF","MnDOT ITS CAV Master Contract with ICF","11/2/2023 2:04:23 PM","1/12/2023 7:52:48 AM",,"Directory"
"F:\Bids and Proposals\Past_Proposals\1334 NYNJ FWC26 LOC\Contract","Contract","3/10/2025 9:41:34 AM","3/10/2025 2:21:30 PM",,"Directory"
"F:\Bids and Proposals\Past_Proposals\1337 WAS Commanders\Contracts","Contracts","7/24/2025 2:43:00 PM","11/10/2025 10:12:53 PM",,"Directory"
"F:\Bids and Proposals\Past_Proposals\1337 WAS Commanders\Contracts\SS\(01B) Arup Consulting Standard Contract.docx","(01B) Arup Consulting Standard Contract.docx","7/24/2025 2:43:31 PM","6/25/2025 10:22:54 AM","119769","Archive"
"F:\Bids and Proposals\Past_Proposals\1339 - Phil Arena\Contract","Contract","7/31/2025 11:42:33 AM","8/20/2025 4:24:56 PM",,"Directory"
"F:\Bids and Proposals\Past_Proposals\3_Project Database\Additional Info & Projects to add\Job Numbers & Description.xlsx","Job Numbers & Description.xlsx","11/6/2016 2:53:34 PM","2/15/2013 11:39:51 AM","31970","Archive"
"F:\Bids and Proposals\Past_Proposals\601_NYCDOT_ACDSS_Staten_Island\Invoicing\Contract numbers.docx","Contract numbers.docx","11/8/2013 9:37:30 AM","11/8/2013 9:39:39 AM","16170","Archive"
"F:\Bids and Proposals\Past_Proposals\730_ACDSS_Arcadia\Contractual Documents","Contractual Documents","11/2/2023 1:54:03 PM","8/15/2016 10:19:49 AM",,"Directory"
"F:\Bids and Proposals\Past_Proposals\730_ACDSS_Arcadia\2023 Discussions with City and TransCore\Contractual","Contractual","11/2/2023 1:54:03 PM","9/18/2023 12:54:25 PM",,"Directory"
"F:\Bids and Proposals\Past_Proposals\770 ACDSS_SaudiArabia\Contracts","Contracts","11/2/2023 1:54:17 PM","1/25/2024 10:19:59 PM",,"Directory"
"F:\Bids and Proposals\Past_Proposals\770 ACDSS_SaudiArabia\2023 Supplemental Tasks\Original Full Scope\2 - ACDSS Maintenance and Support\Previously Submitted\Riyadh ATCS TransSuite and ACDSS Maintenance Contract rev 011322 RR_MMR to KLD.docx","Riyadh ATCS TransSuite and ACDSS Maintenance Contract rev 011322 RR_MMR to KLD.docx","3/15/2023 10:27:11 AM","1/17/2022 12:18:30 PM","1456313","Archive"
"F:\Bids and Proposals\Past_Proposals\770 ACDSS_SaudiArabia\2023 Supplemental Tasks\Reduced Scope\2 - ACDSS Maintenance and Support\Previously Submitted\Maintenance\Riyadh ATCS TransSuite and ACDSS Maintenance Contract rev 011322 RR_MMR to KLD.docx","Riyadh ATCS TransSuite and ACDSS Maintenance Contract rev 011322 RR_MMR to KLD.docx","5/12/2023 10:43:00 AM","1/17/2022 12:18:30 PM","1456313","Archive"
"F:\Bids and Proposals\Past_Proposals\770 ACDSS_SaudiArabia\770.2 - Software Maintenance\Software Maintenance Support Proposal\Riyadh ATCS TransSuite and ACDSS Maintenance Contract rev 011322 RR_MMR to KLD.docx","Riyadh ATCS TransSuite and ACDSS Maintenance Contract rev 011322 RR_MMR to KLD.docx","1/17/2022 12:18:29 PM","1/17/2022 12:18:30 PM","1456313","Archive"
"F:\Bids and Proposals\Past_Proposals\770 ACDSS_SaudiArabia\770.4_770.5 - RRU and METRO\From Prime Contract","From Prime Contract","3/21/2024 5:31:47 PM","3/14/2024 8:43:08 AM",,"Directory"
"F:\Bids and Proposals\Past_Proposals\770 ACDSS_SaudiArabia\770.4_770.5 - RRU and METRO\Invoicing\Accruals\KLD_WIP_full_contract_v2.xlsx","KLD_WIP_full_contract_v2.xlsx","4/19/2024 2:13:38 PM","4/19/2024 2:13:38 PM","29517","Archive"
"F:\Bids and Proposals\Past_Proposals\770 ACDSS_SaudiArabia\Contracts\ATCS_Riyadh_Subcontract Agreement KLD Rev0.docx","ATCS_Riyadh_Subcontract Agreement KLD Rev0.docx","5/18/2015 5:15:24 PM","5/19/2015 9:56:23 PM","240595","Archive"
"F:\Bids and Proposals\Past_Proposals\770 ACDSS_SaudiArabia\Contracts\ATCS_Riyadh_Subcontract Agreement KLD.docx","ATCS_Riyadh_Subcontract Agreement KLD.docx","5/15/2015 4:56:06 PM","5/15/2015 5:21:18 PM","240600","Archive"
"F:\Bids and Proposals\Past_Proposals\770 ACDSS_SaudiArabia\Contracts\ATCS_Riyadh_Subcontract Agreement KLD_Draft Final (31-Mar-15) 2015-05-05.docx","ATCS_Riyadh_Subcontract Agreement KLD_Draft Final (31-Mar-15) 2015-05-05.docx","5/5/2015 10:32:37 PM","5/5/2015 10:37:06 PM","260829","Archive"
"F:\Bids and Proposals\Past_Proposals\770 ACDSS_SaudiArabia\Contracts\ATCS_Riyadh_Subcontract Agreement KLD_Draft Final (31-Mar-15) RR 042115.docx","ATCS_Riyadh_Subcontract Agreement KLD_Draft Final (31-Mar-15) RR 042115.docx","5/5/2015 9:48:06 PM","5/5/2015 9:48:00 PM","82177","Archive"
"F:\Bids and Proposals\Past_Proposals\770 ACDSS_SaudiArabia\Contracts\ATCS_Riyadh_Subcontract Agreement KLD_Draft Final (31-Mar-15).docx","ATCS_Riyadh_Subcontract Agreement KLD_Draft Final (31-Mar-15).docx","4/7/2015 11:10:30 AM","4/7/2015 11:10:00 AM","81315","Archive"
"F:\Bids and Proposals\Past_Proposals\770 ACDSS_SaudiArabia\Contracts\ATCS_Riyadh_Subcontract Agreement KLD_Draft V0_0 KLD Notes WRM.docx","ATCS_Riyadh_Subcontract Agreement KLD_Draft V0_0 KLD Notes WRM.docx","12/22/2014 7:48:35 AM","12/22/2014 7:48:35 AM","67451","Archive"
"F:\Bids and Proposals\Past_Proposals\770 ACDSS_SaudiArabia\Contracts\ATCS_Riyadh_Subcontract Agreement KLD_Draft V0_0.docx","ATCS_Riyadh_Subcontract Agreement KLD_Draft V0_0.docx","12/22/2014 8:07:24 AM","12/22/2014 8:07:24 AM","69483","Archive"
"F:\Bids and Proposals\Past_Proposals\770 ACDSS_SaudiArabia\Contracts\ATCS_Riyadh_Subcontract Agreement KLD_Draft V0_0A KLD Notes.docx","ATCS_Riyadh_Subcontract Agreement KLD_Draft V0_0A KLD Notes.docx","12/22/2014 8:05:07 AM","12/22/2014 8:05:13 AM","65675","Archive"
"F:\Bids and Proposals\Past_Proposals\770 ACDSS_SaudiArabia\Contracts\ATCS_Riyadh_Subcontract Agreement KLD_Draft V0_0B KLD_TC Notes.docx","ATCS_Riyadh_Subcontract Agreement KLD_Draft V0_0B KLD_TC Notes.docx","3/18/2015 6:16:22 AM","2/9/2015 4:50:00 AM","76794","Archive"
"F:\Bids and Proposals\Past_Proposals\770 ACDSS_SaudiArabia\Contracts\ATCS_Riyadh_Subcontract Agreement KLD_Draft V0_0B KLD_TC Notes_Followup.docx","ATCS_Riyadh_Subcontract Agreement KLD_Draft V0_0B KLD_TC Notes_Followup.docx","3/18/2015 6:16:23 AM","2/12/2015 4:49:02 AM","68402","Archive"
"F:\Bids and Proposals\Past_Proposals\770 ACDSS_SaudiArabia\Contracts\ATCS_Riyadh_Subcontract Agreement KLD_Draft V0_0C.docx","ATCS_Riyadh_Subcontract Agreement KLD_Draft V0_0C.docx","3/18/2015 6:05:02 AM","3/18/2015 6:10:01 AM","68405","Archive"
"F:\Bids and Proposals\Past_Proposals\770 ACDSS_SaudiArabia\Contracts\G & M Comments ATCS_Riyadh_Subcontract Agreement KLD_Draft V0_0A KLD Notes.docx","G & M Comments ATCS_Riyadh_Subcontract Agreement KLD_Draft V0_0A KLD Notes.docx","2/2/2015 10:55:51 AM","2/2/2015 10:55:00 AM","67608","Archive"
"F:\Bids and Proposals\Past_Proposals\770 ACDSS_SaudiArabia\Contracts\Main Contract Section 1 - English.pdf","Main Contract Section 1 - English.pdf","5/5/2015 9:52:07 PM","5/5/2015 9:52:00 PM","413324","Archive"
"F:\Bids and Proposals\Past_Proposals\770 ACDSS_SaudiArabia\Contracts\Main Contract Section 2 - English.pdf","Main Contract Section 2 - English.pdf","5/5/2015 9:51:55 PM","5/5/2015 9:51:00 PM","997627","Archive"
"F:\Bids and Proposals\Past_Proposals\770 ACDSS_SaudiArabia\Contracts\Main Contract Section 3 - English.pdf","Main Contract Section 3 - English.pdf","5/5/2015 9:52:00 PM","5/5/2015 9:52:00 PM","2250038","Archive"
"F:\Bids and Proposals\Past_Proposals\770 ACDSS_SaudiArabia\Contracts\Main Contract Section 4 - English.pdf","Main Contract Section 4 - English.pdf","5/5/2015 9:51:46 PM","5/5/2015 9:51:00 PM","2141990","Archive"
"F:\Bids and Proposals\Past_Proposals\770 ACDSS_SaudiArabia\Contracts\Signed Contract Transmittal Letter 2015-06-03.docx","Signed Contract Transmittal Letter 2015-06-03.docx","6/2/2015 3:39:09 PM","6/2/2015 3:39:13 PM","62097","Archive"
"F:\Bids and Proposals\Past_Proposals\770 ACDSS_SaudiArabia\Contracts\~$CS_Riyadh_Subcontract Agreement KLD Rev0.docx","~$CS_Riyadh_Subcontract Agreement KLD Rev0.docx","5/18/2015 5:15:25 PM","5/18/2015 5:15:25 PM","162","Hidden, Archive"
"F:\Bids and Proposals\Past_Proposals\770 ACDSS_SaudiArabia\Contracts\~$CS_Riyadh_Subcontract Agreement KLD_Draft Final (31-Mar-15).docx","~$CS_Riyadh_Subcontract Agreement KLD_Draft Final (31-Mar-15).docx","4/15/2015 4:03:36 PM","4/15/2015 4:03:36 PM","162","Hidden, Archive"
"F:\Bids and Proposals\Past_Proposals\802_ACDSS_City_Of_St.Louis\Post Award Notification\Contract","Contract","11/2/2023 1:54:50 PM","8/15/2016 10:20:22 AM",,"Directory"
"F:\Bids and Proposals\Past_Proposals\802_ACDSS_City_Of_St.Louis\Post Award Notification\Contract\Exhibit C, Subcontractor's proposal.pdf","Exhibit C, Subcontractor's proposal.pdf","2/11/2015 4:37:19 PM","2/11/2015 4:37:20 PM","56804","Archive"
"F:\Bids and Proposals\Past_Proposals\802_ACDSS_City_Of_St.Louis\Post Award Notification\Contract\EXHIBIT E - SUBCONTRACT GENERAL CONDITIONS KLD Comments.doc","EXHIBIT E - SUBCONTRACT GENERAL CONDITIONS KLD Comments.doc","4/25/2015 10:49:49 PM","2/8/2015 4:17:18 PM","92672","Archive"
"F:\Bids and Proposals\Past_Proposals\802_ACDSS_City_Of_St.Louis\Post Award Notification\Contract\EXHIBIT E - SUBCONTRACT GENERAL CONDITIONS R1.doc","EXHIBIT E - SUBCONTRACT GENERAL CONDITIONS R1.doc","2/11/2015 4:33:51 PM","2/11/2015 4:33:51 PM","92672","Archive"
"F:\Bids and Proposals\Past_Proposals\802_ACDSS_City_Of_St.Louis\Post Award Notification\Contract\EXHIBIT E - SUBCONTRACT GENERAL CONDITIONS SM Comments WRM.doc","EXHIBIT E - SUBCONTRACT GENERAL CONDITIONS SM Comments WRM.doc","4/25/2015 10:49:49 PM","2/8/2015 4:09:00 PM","94720","Archive"
"F:\Bids and Proposals\Past_Proposals\802_ACDSS_City_Of_St.Louis\Post Award Notification\Contract\EXHIBIT E - SUBCONTRACT GENERAL CONDITIONS SM Comments.doc","EXHIBIT E - SUBCONTRACT GENERAL CONDITIONS SM Comments.doc","4/25/2015 10:49:51 PM","2/5/2015 3:26:00 PM","93184","Archive"
"F:\Bids and Proposals\Past_Proposals\802_ACDSS_City_Of_St.Louis\Post Award Notification\Contract\EXHIBIT E - SUBCONTRACT GENERAL CONDITIONS.doc","EXHIBIT E - SUBCONTRACT GENERAL CONDITIONS.doc","4/25/2015 10:49:47 PM","2/5/2015 9:36:00 AM","91136","Archive"
"F:\Bids and Proposals\Past_Proposals\820_AKRF\NYCDOT ESA Task Order\Report of Contract Payments.pdf","Report of Contract Payments.pdf","10/20/2016 10:32:42 AM","10/20/2016 10:32:42 AM","47250","Archive"
"F:\Bids and Proposals\Past_Proposals\822_NYC City For-Hire Vehicle Transportation Industry Study\Subcontract","Subcontract","11/2/2023 1:55:06 PM","7/12/2017 1:04:59 PM",,"Directory"
"F:\Bids and Proposals\Past_Proposals\822_NYC City For-Hire Vehicle Transportation Industry Study\FHV Study - Task Descriptions Text.docx","FHV Study - Task Descriptions Text.docx","8/8/2015 2:57:13 AM","8/8/2015 3:29:50 AM","23095","Archive"
"F:\Bids and Proposals\Past_Proposals\822_NYC City For-Hire Vehicle Transportation Industry Study\Subcontract\Intent to Perform as a Subcontractor_Updated 02-04-2015_HDR-KLD KLD Signed.pdf","Intent to Perform as a Subcontractor_Updated 02-04-2015_HDR-KLD KLD Signed.pdf","2/9/2016 11:40:57 AM","2/9/2016 11:40:57 AM","664465","Archive"
"F:\Bids and Proposals\Past_Proposals\822_NYC City For-Hire Vehicle Transportation Industry Study\Subcontract\Intent to Perform as a Subcontractor_Updated 02-04-2015_HDR-KLD.pdf","Intent to Perform as a Subcontractor_Updated 02-04-2015_HDR-KLD.pdf","2/8/2016 2:23:54 PM","2/8/2016 2:23:55 PM","358729","Archive"
"F:\Bids and Proposals\Past_Proposals\835_NYCDOT_Model Support\835.1\20161118 Subcontractor Profile Form  KLD.xlsx","20161118 Subcontractor Profile Form  KLD.xlsx","11/18/2016 6:31:13 PM","11/18/2016 6:31:13 PM","57079","Archive"
"F:\Bids and Proposals\Past_Proposals\835_NYCDOT_Model Support\835.1\Companion to Subcontractor Profile.pdf","Companion to Subcontractor Profile.pdf","11/18/2016 6:31:15 PM","11/18/2016 6:31:15 PM","1524621","Archive"
"F:\Bids and Proposals\Past_Proposals\885_BQE Triple Cantilever\Weidlinger\Modeling\archive\201601016 KLD -- Subcontractor Profile Form (rev 8 26 15).xlsx","201601016 KLD -- Subcontractor Profile Form (rev 8 26 15).xlsx","6/1/2016 2:06:54 PM","6/1/2016 2:07:01 PM","56920","Archive"
"F:\Bids and Proposals\Past_Proposals\885_BQE Triple Cantilever\Weidlinger\Modeling\archive\Subcontractor Profile Form (rev 8 26 15).xlsx","Subcontractor Profile Form (rev 8 26 15).xlsx","6/1/2016 1:55:29 PM","6/1/2016 1:55:17 PM","57334","Archive"
"F:\Bids and Proposals\Past_Proposals\ACDSS Mexico City\Reports\2017Oct Smart Lights -- System Performance Evaluation Report -- Draft Rev2.pdf","2017Oct Smart Lights -- System Performance Evaluation Report -- Draft Rev2.pdf","6/9/2025 3:50:38 PM","6/2/2018 12:20:28 PM","2405103","Archive"
"F:\Bids and Proposals\Past_Proposals\ACDSS Mexico City\Reports\20230331 Preliminary Evaluation of ACDSS Pilot v0.2 (Full Report).pdf","20230331 Preliminary Evaluation of ACDSS Pilot v0.2 (Full Report).pdf","6/10/2025 10:34:06 AM","9/26/2023 3:37:21 PM","47366634","Archive"
"F:\Bids and Proposals\Past_Proposals\ACDSS Mexico City\Reports\Evaluation-Draft Report-Bloomingdale_20221027.pdf","Evaluation-Draft Report-Bloomingdale_20221027.pdf","6/9/2025 3:46:40 PM","10/27/2022 4:21:16 PM","7910041","Archive"
"F:\Bids and Proposals\Past_Proposals\ACDSS Mexico City\Reports\Riyadh - sent to TransCore 20250610\201912_City-wide_Performance_Evaluation_v5.pdf","201912_City-wide_Performance_Evaluation_v5.pdf","6/10/2025 10:39:55 AM","12/20/2019 5:25:01 PM","1077784","Archive"
"F:\Bids and Proposals\Past_Proposals\ACDSS Mexico City\Reports\Riyadh - sent to TransCore 20250610\2024-10-29 - King Khalid North ACDSS Policy Evaluation.pdf","2024-10-29 - King Khalid North ACDSS Policy Evaluation.pdf","6/10/2025 11:01:43 AM","6/10/2025 11:01:48 AM","3422920","Archive"
"F:\Bids and Proposals\Past_Proposals\ACDSS_AZ\20160907-TCORE-CONTRACT.pdf","20160907-TCORE-CONTRACT.pdf","2/28/2018 6:04:46 AM","2/28/2018 6:03:09 AM","11705525","Archive"
"F:\Bids and Proposals\Past_Proposals\ACDSS_Bayonne_Bridge\Transdyn\Subcontractor Forms","Subcontractor Forms","11/2/2023 1:56:55 PM","8/15/2016 10:16:57 AM",,"Directory"
"F:\Bids and Proposals\Past_Proposals\ACDSS_Bayonne_Bridge\Transdyn\Subcontractor Forms\00b  Subcontractor Approval Instructions - Sub.docx","00b  Subcontractor Approval Instructions - Sub.docx","1/4/2014 2:55:59 PM","1/4/2014 2:56:00 PM","30296","Archive"
"F:\Bids and Proposals\Past_Proposals\ACDSS_Bayonne_Bridge\Transdyn\Subcontractor Forms\02B  OCIP Enrollment Assignment by Subcontractor -- kld.docx","02B  OCIP Enrollment Assignment by Subcontractor -- kld.docx","3/27/2014 3:16:08 PM","3/27/2014 3:20:15 PM","67883","Archive"
"F:\Bids and Proposals\Past_Proposals\ACDSS_Bayonne_Bridge\Transdyn\Subcontractor Forms\02B. OCIP Enrollment Assignment by Subcontractor.docx","02B. OCIP Enrollment Assignment by Subcontractor.docx","1/4/2014 2:54:15 PM","1/4/2014 2:54:00 PM","23638","Archive"
"F:\Bids and Proposals\Past_Proposals\ACDSS_Bayonne_Bridge\Transdyn\Subcontractor Forms\03A. NDA - Exhibit B - SubContractors - Instructions.pdf","03A. NDA - Exhibit B - SubContractors - Instructions.pdf","1/4/2014 2:54:18 PM","1/4/2014 2:54:00 PM","17366","Archive"
"F:\Bids and Proposals\Past_Proposals\ACDSS_Bayonne_Bridge\Transdyn\Subcontractor Forms\03B. NDA - EXHIBIT B - SubConsultant - SubContractor -- KLD.docx","03B. NDA - EXHIBIT B - SubConsultant - SubContractor -- KLD.docx","3/27/2014 3:49:39 PM","3/27/2014 3:49:39 PM","59616","Archive"
"F:\Bids and Proposals\Past_Proposals\ACDSS_Bayonne_Bridge\Transdyn\Subcontractor Forms\03B. NDA - EXHIBIT B - SubConsultant - SubContractor.docx","03B. NDA - EXHIBIT B - SubConsultant - SubContractor.docx","1/4/2014 2:54:06 PM","1/4/2014 2:54:00 PM","58686","Archive"
"F:\Bids and Proposals\Past_Proposals\ACDSS_Bayonne_Bridge\Transdyn\Subcontractor Forms\For JHK\03A. NDA - Exhibit B - SubContractors - Instructions.pdf","03A. NDA - Exhibit B - SubContractors - Instructions.pdf","7/9/2014 2:03:09 PM","1/4/2014 2:54:00 PM","17366","Archive"
"F:\Bids and Proposals\Past_Proposals\ACDSS_Bayonne_Bridge\Transdyn\Subcontractor Forms\For JHK\03B. NDA - EXHIBIT B - SubConsultant - SubContractor.docx","03B. NDA - EXHIBIT B - SubConsultant - SubContractor.docx","7/9/2014 2:03:09 PM","1/4/2014 2:54:00 PM","58686","Archive"
"F:\Bids and Proposals\Past_Proposals\ACDSS_Bayonne_Bridge\Transdyn\Subcontractor Forms\For JHK\Insurance procured by contractor.pdf","Insurance procured by contractor.pdf","7/9/2014 2:04:49 PM","3/18/2014 2:32:00 PM","194102","Archive"
"F:\Bids and Proposals\Past_Proposals\ACDSS_Bayonne_Bridge\Transdyn\Subcontractor Forms\Insurance Related\00b  Subcontractor Approval Instructions - Sub.docx","00b  Subcontractor Approval Instructions - Sub.docx","3/18/2014 2:36:19 PM","3/18/2014 2:36:00 PM","30296","Archive"
"F:\Bids and Proposals\Past_Proposals\ACDSS_Bayonne_Bridge\Transdyn\Subcontractor Forms\Insurance Related\02B. OCIP Enrollment Assignment by Subcontractor.docx","02B. OCIP Enrollment Assignment by Subcontractor.docx","3/18/2014 2:36:11 PM","3/18/2014 2:36:00 PM","23638","Archive"
"F:\Bids and Proposals\Past_Proposals\ACDSS_Bayonne_Bridge\Transdyn\Subcontractor Forms\Insurance Related\03A. NDA - Exhibit B - SubContractors - Instructions.pdf","03A. NDA - Exhibit B - SubContractors - Instructions.pdf","3/18/2014 2:36:17 PM","3/18/2014 2:36:00 PM","17366","Archive"
"F:\Bids and Proposals\Past_Proposals\ACDSS_Bayonne_Bridge\Transdyn\Subcontractor Forms\Insurance Related\Insurance procured by contractor.pdf","Insurance procured by contractor.pdf","3/18/2014 2:36:22 PM","3/18/2014 2:32:00 PM","194102","Archive"
"F:\Bids and Proposals\Past_Proposals\ACDSS_Bayonne_Bridge\Transdyn\Subcontractor Forms\To send\02B. OCIP Enrollment Assignment by Subcontractor.pdf","02B. OCIP Enrollment Assignment by Subcontractor.pdf","4/10/2014 10:40:04 AM","4/10/2014 10:40:04 AM","226923","Archive"
"F:\Bids and Proposals\Past_Proposals\ACDSS_Bayonne_Bridge\Transdyn\Subcontractor Forms\To send\03B. NDA - EXHIBIT B - SubConsultant - SubContractor.pdf","03B. NDA - EXHIBIT B - SubConsultant - SubContractor.pdf","4/10/2014 10:42:00 AM","4/10/2014 10:42:00 AM","325074","Archive"
"F:\Bids and Proposals\Past_Proposals\ACDSS_Calgary\2025\PO\signed contract.pdf","signed contract.pdf","12/30/2025 4:09:32 PM","12/30/2025 4:09:44 PM","271994","Archive"
"F:\Bids and Proposals\Past_Proposals\ACDSS_City_of_Houston\KLD -- Text Inserts Rev0 -- TransSuite Adaptive Control Module Description.docx","KLD -- Text Inserts Rev0 -- TransSuite Adaptive Control Module Description.docx","6/8/2015 9:41:00 PM","6/8/2015 9:41:06 PM","25825","Archive"
"F:\Bids and Proposals\Past_Proposals\ACDSS_City_of_Houston\KLD -- Text Inserts Rev1 -- TransSuite Adaptive Control Module Description.docx","KLD -- Text Inserts Rev1 -- TransSuite Adaptive Control Module Description.docx","6/10/2015 3:07:41 PM","6/10/2015 3:16:20 PM","219927","Archive"
"F:\Bids and Proposals\Past_Proposals\ACDSS_City_of_Houston\TransSuite Adaptive Control Module Description v1.docx","TransSuite Adaptive Control Module Description v1.docx","6/10/2015 3:06:22 PM","6/10/2015 3:03:00 PM","221242","Archive"
"F:\Bids and Proposals\Past_Proposals\ACDSS_City_of_Houston\TransSuite Adaptive Control Module Description.docx","TransSuite Adaptive Control Module Description.docx","6/8/2015 9:26:28 PM","6/8/2015 9:26:28 PM","25537","Archive"
"F:\Bids and Proposals\Past_Proposals\ACDSS_Denver DRCOG\Contractual","Contractual","11/2/2023 1:58:55 PM","12/27/2022 10:00:03 AM",,"Directory"
"F:\Bids and Proposals\Past_Proposals\ACDSS_Denver DRCOG\2022\Denver - ACDSS Expansion Project Description_rev1.docx","Denver - ACDSS Expansion Project Description_rev1.docx","11/11/2022 3:13:00 PM","11/11/2022 3:13:00 PM","154136","Archive"
"F:\Bids and Proposals\Past_Proposals\ACDSS_Denver DRCOG\2022\20220118 Working\Denver - ACDSS Expansion Project Description_rev1.docx","Denver - ACDSS Expansion Project Description_rev1.docx","1/18/2023 12:51:00 PM","1/18/2023 12:51:00 PM","154714","Archive"
"F:\Bids and Proposals\Past_Proposals\ACDSS_Denver DRCOG\2022\Proposal\Phase 2 - 56th Ave Expansion\Denver - ACDSS Expansion Project Description_rev1.docx","Denver - ACDSS Expansion Project Description_rev1.docx","11/28/2022 2:12:52 PM","11/11/2022 3:13:00 PM","154136","Archive"
"F:\Bids and Proposals\Past_Proposals\ACDSS_Denver DRCOG\2022\Proposal\Phase 2 - 56th Ave Expansion\Denver - ACDSS Expansion Project Description_rev1_KLD PB sm.docx","Denver - ACDSS Expansion Project Description_rev1_KLD PB sm.docx","1/19/2023 12:34:00 PM","1/19/2023 12:34:00 PM","157887","Archive"
"F:\Bids and Proposals\Past_Proposals\ACDSS_Denver DRCOG\2022\Proposal\Phase 2 - 56th Ave Expansion\Denver - ACDSS Expansion Project Description_rev1_KLD.docx","Denver - ACDSS Expansion Project Description_rev1_KLD.docx","1/18/2023 3:16:43 PM","1/18/2023 8:29:42 PM","155827","Archive"
"F:\Bids and Proposals\Past_Proposals\ACDSS_Denver DRCOG\2022\Proposal\Phase 2 - 56th Ave Expansion\Denver - ACDSS Expansion Project Description_rev2_KLD PB sm.docx","Denver - ACDSS Expansion Project Description_rev2_KLD PB sm.docx","1/19/2023 1:22:21 PM","1/19/2023 5:06:57 PM","783845","Archive"
"F:\Bids and Proposals\Past_Proposals\ACDSS_Denver DRCOG\2022\Proposal\Phase 2 - 56th Ave Expansion\Denver - ACDSS Expansion Project Description_rev3_KLD.docx","Denver - ACDSS Expansion Project Description_rev3_KLD.docx","1/19/2023 5:59:35 PM","1/19/2023 6:02:10 PM","783060","Archive"
"F:\Bids and Proposals\Past_Proposals\ACDSS_Denver DRCOG\Contractual\20221221_Subcontractor Approval_Transcore_Felsburg Holt & Ullevig and KLD Engineering.pdf","20221221_Subcontractor Approval_Transcore_Felsburg Holt & Ullevig and KLD Engineering.pdf","12/27/2022 10:00:00 AM","12/27/2022 10:00:00 AM","121813","Archive"
"F:\Bids and Proposals\Past_Proposals\ACDSS_Fremont\1 - ACDSS Proposal\Sent\20210319\KLD_ACDSS_Description_of_Firm_References_v0.docx","KLD_ACDSS_Description_of_Firm_References_v0.docx","3/19/2021 12:52:04 PM","3/19/2021 6:27:24 PM","29776","Archive"
"F:\Bids and Proposals\Past_Proposals\ACDSS_Fremont\1 - ACDSS Proposal\Sent\20210319\KLD_ACDSS_Description_of_Services_v0.docx","KLD_ACDSS_Description_of_Services_v0.docx","3/18/2021 7:05:45 PM","3/19/2021 6:26:50 PM","7619368","Archive"
"F:\Bids and Proposals\Past_Proposals\ACDSS_SantaClara\Demo\Performance Evals\ACDSS Performance Evaluation Documents","ACDSS Performance Evaluation Documents","11/2/2023 1:59:39 PM","5/13/2022 8:56:06 AM",,"Directory"
"F:\Bids and Proposals\Past_Proposals\ACDSS_SantaClara\Demo\Performance Evals\2017Oct Smart Lights -- System Performance Evaluation Report -- Rev2.docx","2017Oct Smart Lights -- System Performance Evaluation Report -- Rev2.docx","5/13/2022 10:32:16 AM","5/13/2022 10:55:27 AM","4458421","Archive"
"F:\Bids and Proposals\Past_Proposals\ACDSS_SantaClara\Demo\Performance Evals\2017Oct Smart Lights -- System Performance Evaluation Report -- Rev2_draft.docx","2017Oct Smart Lights -- System Performance Evaluation Report -- Rev2_draft.docx","5/11/2022 3:25:32 PM","5/11/2022 3:25:20 PM","4457155","Archive"
"F:\Bids and Proposals\Past_Proposals\ACDSS_SantaClara\Demo\Performance Evals\2017Oct Smart Lights -- System Performance Evaluation Report -- Rev2_draft.pdf","2017Oct Smart Lights -- System Performance Evaluation Report -- Rev2_draft.pdf","5/13/2022 10:56:52 AM","5/13/2022 11:00:17 AM","2158178","Archive"
"F:\Bids and Proposals\Past_Proposals\ACDSS_SantaClara\Demo\Performance Evals\ACDSS Performance Evaluation Documents\2017Oct Smart Lights -- System Performance Evaluation Report -- Draft Rev2.pdf","2017Oct Smart Lights -- System Performance Evaluation Report -- Draft Rev2.pdf","5/13/2022 8:55:00 AM","5/13/2022 8:55:00 AM","2188825","Archive"
"F:\Bids and Proposals\Past_Proposals\ACDSS_SantaClara\Demo\Performance Evals\ACDSS Performance Evaluation Documents\201912_City-wide_Performance_Evaluation_v5.pdf","201912_City-wide_Performance_Evaluation_v5.pdf","5/12/2022 10:34:55 AM","12/20/2019 5:25:01 PM","1077784","Archive"
"F:\Bids and Proposals\Past_Proposals\ACDSS_SantaClara\Demo\Performance Evals\ACDSS Riyadh Performance Evals\201912_City-wide_Performance_Evaluation_v5.pdf","201912_City-wide_Performance_Evaluation_v5.pdf","5/11/2022 3:46:46 PM","12/20/2019 5:25:01 PM","1077784","Archive"
"F:\Bids and Proposals\Past_Proposals\ACDSS_SantaClara\Demo\Performance Evals\ACDSS Riyadh Performance Evals\201912_City-wide_Performance_Evaluation_v5.pptx","201912_City-wide_Performance_Evaluation_v5.pptx","5/13/2022 4:11:15 PM","5/13/2022 4:14:14 PM","4280579","Archive"
"F:\Bids and Proposals\Past_Proposals\ACDSS_SantaClara\Demo\Performance Evals\ACDSS Riyadh Performance Evals\201912_City-wide_Performance_Evaluation_v5_.pdf","201912_City-wide_Performance_Evaluation_v5_.pdf","5/13/2022 4:14:32 PM","5/13/2022 4:14:36 PM","1196714","Archive"
"F:\Bids and Proposals\Past_Proposals\ACDSS_Victoria_BC\Deliverables\Requirements\Performance Reports\2017Oct Smart Lights -- System Performance Evaluation Report -- Rev2_draft.pdf","2017Oct Smart Lights -- System Performance Evaluation Report -- Rev2_draft.pdf","11/12/2025 12:29:33 PM","5/13/2022 11:00:17 AM","2158178","Archive"
"F:\Bids and Proposals\Past_Proposals\ACDSS_Victoria_BC\Deliverables\Requirements\Performance Reports\20240529_ACDSS-Calgary_Implementation_Evaluation_Report_v0_Final.pdf","20240529_ACDSS-Calgary_Implementation_Evaluation_Report_v0_Final.pdf","11/12/2025 12:47:56 PM","11/12/2025 12:45:24 PM","4771110","Archive"
"F:\Bids and Proposals\Past_Proposals\ACDSS_Victoria_BC\Deliverables\Requirements\Requirements\2017Oct Smart Lights -- System Performance Evaluation Report -- Rev2_draft.pdf","2017Oct Smart Lights -- System Performance Evaluation Report -- Rev2_draft.pdf","11/12/2025 2:20:33 PM","5/13/2022 11:00:17 AM","2158178","Archive"
"F:\Bids and Proposals\Past_Proposals\ACDSS_Victoria_BC\Deliverables\Requirements\Requirements\20240529_ACDSS-Calgary_Implementation_Evaluation_Report_v0_Final.pdf","20240529_ACDSS-Calgary_Implementation_Evaluation_Report_v0_Final.pdf","11/12/2025 2:20:33 PM","11/12/2025 12:45:24 PM","4771110","Archive"
"F:\Bids and Proposals\Past_Proposals\ACDSS_Victoria_BC\Deliverables\_Sent 2025-11-12\2. Requirements Table\2017Oct Smart Lights -- System Performance Evaluation Report -- Rev2_draft.pdf","2017Oct Smart Lights -- System Performance Evaluation Report -- Rev2_draft.pdf","11/12/2025 2:21:08 PM","5/13/2022 11:00:17 AM","2158178","Archive"
"F:\Bids and Proposals\Past_Proposals\ACDSS_Victoria_BC\Deliverables\_Sent 2025-11-12\2. Requirements Table\20240529_ACDSS-Calgary_Implementation_Evaluation_Report_v0_Final.pdf","20240529_ACDSS-Calgary_Implementation_Evaluation_Report_v0_Final.pdf","11/12/2025 2:21:08 PM","11/12/2025 12:45:24 PM","4771110","Archive"
"F:\Bids and Proposals\Past_Proposals\Archive\LaBella_NYSTA\KLD Project Descriptions Rev1.docx","KLD Project Descriptions Rev1.docx","2/20/2014 12:38:46 PM","2/20/2014 12:38:48 PM","9587211","Archive"
"F:\Bids and Proposals\Past_Proposals\Arup Northwest Stadium\Contract Items","Contract Items","11/22/2024 12:24:23 PM","2/19/2025 8:25:44 AM",,"Directory"
"F:\Bids and Proposals\Past_Proposals\BQE_Triplecantilever_PhaseII_947\URS_PTG\Subcontract","Subcontract","11/2/2023 2:01:43 PM","10/24/2022 11:14:31 AM",,"Directory"
"F:\Bids and Proposals\Past_Proposals\BQE_Triplecantilever_PhaseII_947\URS_PTG\2-Lane with SSE\HBKBQE-CM#XX-BQE 2Lane Evaluation KLD Rev0.docx","HBKBQE-CM#XX-BQE 2Lane Evaluation KLD Rev0.docx","4/4/2021 3:43:06 PM","4/4/2021 4:11:36 PM","268647","Archive"
"F:\Bids and Proposals\Past_Proposals\BQE_Triplecantilever_PhaseII_947\URS_PTG\2-Lane with SSE\HBKBQE-CM#XX-BQE 2Lane Evaluation KLD Rev0a.docx","HBKBQE-CM#XX-BQE 2Lane Evaluation KLD Rev0a.docx","4/4/2021 4:24:08 PM","4/4/2021 4:24:07 PM","271080","Archive"
"F:\Bids and Proposals\Past_Proposals\BQE_Triplecantilever_PhaseII_947\URS_PTG\2-Lane with SSE\HBKBQE-CM#XX-BQE 2Lane Evaluation KLD Rev0b Text.docx","HBKBQE-CM#XX-BQE 2Lane Evaluation KLD Rev0b Text.docx","4/4/2021 6:29:44 PM","4/4/2021 6:29:56 PM","272242","Archive"
"F:\Bids and Proposals\Past_Proposals\BQE_Triplecantilever_PhaseII_947\URS_PTG\2-Lane with SSE\HBKBQE-CM#XX-BQE 2Lane Evaluation KLD Rev0b.docx","HBKBQE-CM#XX-BQE 2Lane Evaluation KLD Rev0b.docx","4/4/2021 4:49:15 PM","4/4/2021 6:22:30 PM","273726","Archive"
"F:\Bids and Proposals\Past_Proposals\BQE_Triplecantilever_PhaseII_947\URS_PTG\2-Lane with SSE\~$KBQE-CM#XX-BQE 2Lane Evaluation KLD Rev0a.docx","~$KBQE-CM#XX-BQE 2Lane Evaluation KLD Rev0a.docx","4/4/2021 4:24:10 PM","4/4/2021 4:24:10 PM","162","Hidden, Archive"
"F:\Bids and Proposals\Past_Proposals\BQE_Triplecantilever_PhaseII_947\URS_PTG\Invoices\Instructions\HBKBQE_Contract_SR-4-PrincipalsTime.pdf","HBKBQE_Contract_SR-4-PrincipalsTime.pdf","10/2/2017 6:31:02 AM","10/2/2017 6:31:02 AM","393897","Archive"
"F:\Bids and Proposals\Past_Proposals\BQE_Triplecantilever_PhaseII_947\URS_PTG\Post Proposal\NYCDOT HBKBQE Draft Subcontract KLD - Non Field.pdf","NYCDOT HBKBQE Draft Subcontract KLD - Non Field.pdf","6/11/2017 7:07:32 AM","6/11/2017 7:07:33 AM","687208","Archive"
"F:\Bids and Proposals\Past_Proposals\BQE_Triplecantilever_PhaseII_947\URS_PTG\Proposal\project description template.docx","project description template.docx","7/14/2016 3:41:46 AM","7/7/2016 4:43:54 PM","19455","Archive"
"F:\Bids and Proposals\Past_Proposals\BQE_Triplecantilever_PhaseII_947\URS_PTG\Proposal\Cost Negotiations\OLD\Cost Negotiations\Proposal\Pages from HBKBQE_Executed_Contract-TrafficScope.pdf","Pages from HBKBQE_Executed_Contract-TrafficScope.pdf","1/17/2021 9:46:37 PM","12/17/2018 9:29:54 AM","153651","Archive"
"F:\Bids and Proposals\Past_Proposals\BQE_Triplecantilever_PhaseII_947\URS_PTG\Subcontract\649069_KLD Subcontract Supplemental Agreement #1_Rev1 with Redlined Corrections.pdf","649069_KLD Subcontract Supplemental Agreement #1_Rev1 with Redlined Corrections.pdf","10/29/2020 9:56:32 PM","10/29/2020 9:56:33 PM","1037909","Archive"
"F:\Bids and Proposals\Past_Proposals\BQE_Triplecantilever_PhaseII_947\URS_PTG\Subcontract\649069_KLD Subcontract Supplemental Agreement #1_Rev1 with Redlined CorrectionsSigned.pdf","649069_KLD Subcontract Supplemental Agreement #1_Rev1 with Redlined CorrectionsSigned.pdf","10/29/2020 9:57:06 PM","10/29/2020 10:00:04 PM","1139880","Archive"
"F:\Bids and Proposals\Past_Proposals\BQE_Triplecantilever_PhaseII_947\URS_PTG\Subcontract\NYCDOT HBKBQE Subcontract KLD- Non Field - Final With Attachments (Shrunk).pdf","NYCDOT HBKBQE Subcontract KLD- Non Field - Final With Attachments (Shrunk).pdf","2/28/2018 5:58:32 AM","2/28/2018 5:58:37 AM","15039364","Archive"
"F:\Bids and Proposals\Past_Proposals\BQE_Triplecantilever_PhaseII_947\URS_PTG\Subcontract\NYCDOT HBKBQE Subcontract KLD- Non Field - Final With Attachments.pdf","NYCDOT HBKBQE Subcontract KLD- Non Field - Final With Attachments.pdf","11/9/2017 3:45:10 PM","11/9/2017 3:45:37 PM","22275698","Archive"
"F:\Bids and Proposals\Past_Proposals\BQE_Triplecantilever_PhaseII_947\URS_PTG\Supplemental Agreements\SA#1\649069_KLD Subcontract Supplemental Agreement #1_Rev1 with Redlined Corrections.pdf","649069_KLD Subcontract Supplemental Agreement #1_Rev1 with Redlined Corrections.pdf","10/29/2020 10:45:52 PM","10/29/2020 10:45:04 PM","1037909","Archive"
"F:\Bids and Proposals\Past_Proposals\BQE_Triplecantilever_PhaseII_947\URS_PTG\Supplemental Agreements\SA#3\649069_KLD Subcontract Supplemental Agreement #3_Rev0.pdf","649069_KLD Subcontract Supplemental Agreement #3_Rev0.pdf","7/16/2021 6:40:32 AM","7/22/2021 4:07:36 PM","1166424","Archive"
"F:\Bids and Proposals\Past_Proposals\BQE_Triplecantilever_PhaseII_947\URS_PTG\Supplemental Agreements\SA#3\649069_KLD Subcontract Supplemental Agreement #3_Rev0_KLD.pdf","649069_KLD Subcontract Supplemental Agreement #3_Rev0_KLD.pdf","7/22/2021 4:16:27 PM","7/22/2021 4:16:27 PM","1218988","Archive"
"F:\Bids and Proposals\Past_Proposals\BQE_Triplecantilever_PhaseII_947\URS_PTG\Supplemental Agreements\SA#4\649069_KLD Subcontract Supplemental Agreement #4_Rev0.pdf","649069_KLD Subcontract Supplemental Agreement #4_Rev0.pdf","5/6/2022 10:15:03 AM","5/6/2022 10:15:04 AM","494813","Archive"
"F:\Bids and Proposals\Past_Proposals\BQE_Triplecantilever_PhaseII_947\URS_PTG\Supplemental Agreements\SA#4\649069_KLD Subcontract Supplemental Agreement #4_Rev0_KLD.pdf","649069_KLD Subcontract Supplemental Agreement #4_Rev0_KLD.pdf","5/6/2022 10:18:08 AM","5/6/2022 10:18:10 AM","519632","Archive"
"F:\Bids and Proposals\Past_Proposals\BQE_Triplecantilever_PhaseII_947\URS_PTG\Supplemental Agreements\SA#5\649069_KLD Subcontract Supplemental Agreement #5_Rev0 KLD.pdf","649069_KLD Subcontract Supplemental Agreement #5_Rev0 KLD.pdf","3/10/2023 5:04:00 PM","3/10/2023 5:04:29 PM","934654","Archive"
"F:\Bids and Proposals\Past_Proposals\BQE_Triplecantilever_PhaseII_947\URS_PTG\Supplemental Agreements\SA#5\649069_KLD Subcontract Supplemental Agreement #5_Rev0 SM.pdf","649069_KLD Subcontract Supplemental Agreement #5_Rev0 SM.pdf","3/10/2023 5:01:43 PM","3/10/2023 5:01:45 PM","520919","Archive"
"F:\Bids and Proposals\Past_Proposals\BQE_Triplecantilever_PhaseII_947\URS_PTG\Supplemental Agreements\SA#5\649069_KLD Subcontract Supplemental Agreement #5_Rev0.pdf","649069_KLD Subcontract Supplemental Agreement #5_Rev0.pdf","3/9/2023 3:16:36 PM","3/9/2023 3:16:37 PM","494380","Archive"
"F:\Bids and Proposals\Past_Proposals\BQE_Triplecantilever_PhaseII_947\URS_PTG\Supplemental Agreements\SA#5\649069_KLD Subcontract Supplemental Agreement #5_Rev1_Procurement_Approved_Document_2nd_Review KLD.pdf","649069_KLD Subcontract Supplemental Agreement #5_Rev1_Procurement_Approved_Document_2nd_Review KLD.pdf","8/9/2023 5:06:34 PM","8/9/2023 5:07:00 PM","3237446","Archive"
"F:\Bids and Proposals\Past_Proposals\BQE_Triplecantilever_PhaseII_947\URS_PTG\Supplemental Agreements\SA#5\649069_KLD Subcontract Supplemental Agreement #5_Rev1_Procurement_Approved_Document_2nd_Review.pdf","649069_KLD Subcontract Supplemental Agreement #5_Rev1_Procurement_Approved_Document_2nd_Review.pdf","8/9/2023 12:31:04 PM","8/9/2023 12:31:06 PM","3495043","Archive"
"F:\Bids and Proposals\Past_Proposals\BQE_Triplecantilever_PhaseII_947\URS_PTG\Supplemental Agreements\SA#5\649069_KLD Subcontract Supplemental Agreement 5_Rev1_Executed.pdf","649069_KLD Subcontract Supplemental Agreement 5_Rev1_Executed.pdf","8/14/2023 9:34:26 AM","8/14/2023 9:34:29 AM","6729425","Archive"
"F:\Bids and Proposals\Past_Proposals\BQE_Triplecantilever_PhaseII_947\URS_PTG\Supplemental Agreements\SA#6\649069_KLD Subcontract Supplemental Agreement #6_Rev1.pdf","649069_KLD Subcontract Supplemental Agreement #6_Rev1.pdf","11/1/2024 3:24:58 PM","11/1/2024 3:24:58 PM","1591070","Archive"
"F:\Bids and Proposals\Past_Proposals\Cashin\Bridgehampton\Invoices\2018\20181011_Invoice950-1_EquinoxBridgehampton_toCashin.pdf","20181011_Invoice950-1_EquinoxBridgehampton_toCashin.pdf","10/11/2018 10:57:54 AM","10/11/2018 10:57:54 AM","24044","Archive"
"F:\Bids and Proposals\Past_Proposals\Cashin\Bridgehampton\Invoices\2018\20190118_Invoice950-2_EquinoxBridgehamptonZBA_toCashin.pdf","20190118_Invoice950-2_EquinoxBridgehamptonZBA_toCashin.pdf","1/18/2019 10:18:00 AM","1/18/2019 10:18:17 AM","16566","Archive"
"F:\Bids and Proposals\Past_Proposals\Cashin\Bridgehampton\Proposals\2017\Data Received from Cashin","Data Received from Cashin","11/2/2023 2:01:48 PM","7/30/2018 3:15:53 PM",,"Directory"
"F:\Bids and Proposals\Past_Proposals\Cashin\Bridgehampton\Proposals\2018\Data Received from Cashin","Data Received from Cashin","11/2/2023 2:01:49 PM","7/30/2018 2:43:08 PM",,"Directory"
"F:\Bids and Proposals\Past_Proposals\Cashin\Bridgehampton\Proposals\2018\2018730_DataCollectionPlan_toCashin.pdf","2018730_DataCollectionPlan_toCashin.pdf","7/31/2018 2:12:38 PM","7/31/2018 7:24:15 PM","1501813","Archive"
"F:\Bids and Proposals\Past_Proposals\Cashin\SCCC\From Cashin","From Cashin","11/2/2023 2:01:54 PM","8/15/2016 10:21:50 AM",,"Directory"
"F:\Bids and Proposals\Past_Proposals\Cashin\SCCC\R1600004 - Oral Presentation Letter with questions - Cashin & Associates - 1-7-16.pdf","R1600004 - Oral Presentation Letter with questions - Cashin & Associates - 1-7-16.pdf","1/11/2016 1:53:22 PM","1/11/2016 1:53:22 PM","120076","Archive"
"F:\Bids and Proposals\Past_Proposals\Cashin\SCCC\SCCC Cashin KLD Budget v0.xlsx","SCCC Cashin KLD Budget v0.xlsx","12/10/2015 6:53:21 PM","12/10/2015 6:53:21 PM","14334","Archive"
"F:\Bids and Proposals\Past_Proposals\Cashin\SCCC\SCCC Cashin KLD Budget v1.xlsx","SCCC Cashin KLD Budget v1.xlsx","12/10/2015 7:08:02 PM","12/10/2015 7:51:58 PM","14651","Archive"
"F:\Bids and Proposals\Past_Proposals\Cashin\Suffolk HUB TIS\CashinProposal.jpg","CashinProposal.jpg","4/1/2015 6:13:28 AM","4/1/2015 9:17:00 AM","2799400","Archive"
"F:\Bids and Proposals\Past_Proposals\Cashin\Suffolk HUB TIS\CashinProposal_Aerial.jpg","CashinProposal_Aerial.jpg","4/1/2015 6:13:33 AM","4/1/2015 9:17:00 AM","6309324","Archive"
"F:\Bids and Proposals\Past_Proposals\Cashin\Suffolk HUB TIS\Cashin_v4.xlsx","Cashin_v4.xlsx","4/2/2015 5:00:58 AM","4/2/2015 11:57:24 AM","86158","Archive"
"F:\Bids and Proposals\Past_Proposals\Cashin\Suffolk HUB TIS\archive\Cashin_v1.xlsx","Cashin_v1.xlsx","3/27/2015 9:58:00 PM","3/27/2015 9:58:01 PM","14340","Archive"
"F:\Bids and Proposals\Past_Proposals\Cashin\Suffolk HUB TIS\archive\Cashin_v2.xlsx","Cashin_v2.xlsx","3/31/2015 5:17:54 AM","3/31/2015 6:02:38 AM","16938","Archive"
"F:\Bids and Proposals\Past_Proposals\Cashin\Suffolk HUB TIS\archive\Cashin_v3.xlsx","Cashin_v3.xlsx","4/2/2015 2:54:44 AM","4/2/2015 3:18:09 AM","17883","Archive"
"F:\Bids and Proposals\Past_Proposals\Cashin\Suffolk HUB TIS\KML\Cashin.kml","Cashin.kml","3/26/2015 5:32:31 PM","3/26/2015 5:32:31 PM","11180","Archive"
"F:\Bids and Proposals\Past_Proposals\Cashin\Suffolk HUB TIS\KML\Cashin.kmz","Cashin.kmz","3/26/2015 5:31:59 PM","3/26/2015 5:31:59 PM","1970","Archive"
"F:\Bids and Proposals\Past_Proposals\Cashin\Suffolk HUB TIS\KML\Cashin_032715.kml","Cashin_032715.kml","3/27/2015 10:23:54 AM","3/27/2015 10:23:54 AM","19545","Archive"
"F:\Bids and Proposals\Past_Proposals\Cashin\Suffolk HUB TIS\Sent\Letter_To_Cashin_Re_OH_v0.docx","Letter_To_Cashin_Re_OH_v0.docx","4/2/2015 10:04:45 AM","4/2/2015 10:04:47 AM","63218","Archive"
"F:\Bids and Proposals\Past_Proposals\ESA_AECOM_Planning\KLD -- (NYCDOT ESA) Project description template.docx","KLD -- (NYCDOT ESA) Project description template.docx","12/13/2011 2:54:55 PM","12/13/2011 4:52:01 PM","34239","Archive"
"F:\Bids and Proposals\Past_Proposals\ESA_AECOM_Planning\As-submitted\Dec-13-2011\KLD -- (NYCDOT ESA) Project description template.docx","KLD -- (NYCDOT ESA) Project description template.docx","12/13/2011 4:52:13 PM","12/13/2011 4:52:01 PM","34239","Archive"
"F:\Bids and Proposals\Past_Proposals\ESA_AECOM_Planning\From AECOM\(NYCDOT ESA) Project description template.doc","(NYCDOT ESA) Project description template.doc","12/11/2011 12:10:11 PM","12/9/2011 5:33:53 PM","35328","Archive"
"F:\Bids and Proposals\Past_Proposals\ESA_CPM_2016\AKRF\Contracts","Contracts","11/2/2023 2:02:09 PM","9/27/2019 3:23:35 PM",,"Directory"
"F:\Bids and Proposals\Past_Proposals\ESA_CPM_2016\AKRF\HWCESA16B_Subbcontractor Profile Form_KLD.xlsx","HWCESA16B_Subbcontractor Profile Form_KLD.xlsx","3/30/2017 9:54:43 PM","3/30/2017 10:29:38 PM","58626","Archive"
"F:\Bids and Proposals\Past_Proposals\ESA_CPM_2016\AKRF\Contracts\HWCESA16B_Draft Signed Contract_Redacted_KLD.pdf","HWCESA16B_Draft Signed Contract_Redacted_KLD.pdf","9/7/2018 3:47:45 PM","9/27/2019 3:23:35 PM","31364061","Archive"
"F:\Bids and Proposals\Past_Proposals\ESA_CPM_2016\AKRF\Contracts\NYCDOT ESA - SUBCONTRACT AGREEMENT_KLD.docx","NYCDOT ESA - SUBCONTRACT AGREEMENT_KLD.docx","9/7/2018 3:47:55 PM","9/7/2018 3:47:55 PM","40607","Archive"
"F:\Bids and Proposals\Past_Proposals\ESA_CPM_2016\AKRF\Contracts\NYCDOT ESA - SUBCONTRACT AGREEMENT_KLD_Highlight.docx","NYCDOT ESA - SUBCONTRACT AGREEMENT_KLD_Highlight.docx","9/7/2018 5:32:49 PM","9/7/2018 5:57:02 PM","41559","Archive"
"F:\Bids and Proposals\Past_Proposals\ESA_CPM_2016\AKRF\Contracts\NYCDOT ESA - SUBCONTRACT AGREEMENT_KLD_signed.pdf","NYCDOT ESA - SUBCONTRACT AGREEMENT_KLD_signed.pdf","9/7/2018 5:57:38 PM","9/7/2018 6:57:46 PM","418378","Archive"
"F:\Bids and Proposals\Past_Proposals\ESA_CPM_2016\AKRF\Correspondence\Fwd  NYCDOT - ESA Contract.msg","Fwd  NYCDOT - ESA Contract.msg","7/5/2017 4:36:05 PM","7/5/2017 4:36:05 PM","181248","Archive"
"F:\Bids and Proposals\Past_Proposals\ESA_CPM_2016\AKRF\Correspondence\Re  FW  NYCDOT - ESA Contract.msg","Re  FW  NYCDOT - ESA Contract.msg","7/10/2017 12:45:43 PM","7/10/2017 12:45:43 PM","655872","Archive"
"F:\Bids and Proposals\Past_Proposals\ESA_CPM_2016\AKRF\Sent\Contract","Contract","11/2/2023 2:02:11 PM","9/26/2018 1:54:47 PM",,"Directory"
"F:\Bids and Proposals\Past_Proposals\ESA_CPM_2016\AKRF\Sent\Companion to Subcontractor Profile.pdf","Companion to Subcontractor Profile.pdf","3/31/2017 12:41:14 PM","3/31/2017 2:29:47 PM","1555753","Archive"
"F:\Bids and Proposals\Past_Proposals\ESA_CPM_2016\AKRF\Sent\HWCESA16B_Subbcontractor Profile Form_KLDv2.xlsx","HWCESA16B_Subbcontractor Profile Form_KLDv2.xlsx","3/31/2017 12:35:44 PM","3/31/2017 12:35:44 PM","58230","Archive"
"F:\Bids and Proposals\Past_Proposals\ESA_CPM_2016\AKRF\Sent\Contract\NYCDOT ESA - SUBCONTRACT AGREEMENT_KLD_EXECUTED.pdf","NYCDOT ESA - SUBCONTRACT AGREEMENT_KLD_EXECUTED.pdf","9/26/2018 1:54:47 PM","9/26/2018 1:54:47 PM","723409","Archive"
"F:\Bids and Proposals\Past_Proposals\ESA_CPM_HDR\2013_2016\Contract and Rates","Contract and Rates","11/2/2023 2:02:15 PM","8/4/2017 10:27:10 AM",,"Directory"
"F:\Bids and Proposals\Past_Proposals\ESA_CPM_HDR\2013_2016\KLD -- Subcontractor Profile Form Rev (Nov 2013).xlsx","KLD -- Subcontractor Profile Form Rev (Nov 2013).xlsx","4/29/2014 7:03:25 AM","4/29/2014 7:03:26 AM","53956","Archive"
"F:\Bids and Proposals\Past_Proposals\ESA_CPM_HDR\2013_2016\KLD Project Descriptionsv4.docx","KLD Project Descriptionsv4.docx","12/16/2013 1:42:23 AM","12/6/2010 5:18:42 PM","7586663","Archive"
"F:\Bids and Proposals\Past_Proposals\ESA_CPM_HDR\2013_2016\KLD Project Descriptions_120211.docx","KLD Project Descriptions_120211.docx","12/16/2013 1:42:04 AM","12/17/2011 12:15:13 AM","8624577","Archive"
"F:\Bids and Proposals\Past_Proposals\ESA_CPM_HDR\2013_2016\Subcontractor Profile Form Rev (Nov 2013).xlsx","Subcontractor Profile Form Rev (Nov 2013).xlsx","4/29/2014 6:56:48 AM","4/29/2014 6:56:49 AM","55633","Archive"
"F:\Bids and Proposals\Past_Proposals\ESA_CPM_HDR\2013_2016\2016-Nov\20161118 Subcontractor Profile Form  KLD.xlsx","20161118 Subcontractor Profile Form  KLD.xlsx","11/18/2016 3:05:23 PM","11/18/2016 3:05:24 PM","57079","Archive"
"F:\Bids and Proposals\Past_Proposals\ESA_CPM_HDR\2013_2016\2016-Nov\Companion to Subcontractor Profile.pdf","Companion to Subcontractor Profile.pdf","11/18/2016 3:45:46 PM","11/18/2016 3:45:51 PM","1524621","Archive"
"F:\Bids and Proposals\Past_Proposals\ESA_CPM_HDR\2013_2016\Contract and Rates\CONTRACT -KLD.pdf","CONTRACT -KLD.pdf","7/30/2014 1:58:07 PM","7/30/2014 1:58:10 PM","7973074","Archive"
"F:\Bids and Proposals\Past_Proposals\ESA_CPM_HDR\2013_2016\Contract and Rates\HDR ESA - KLD Subcontract - KLD Signed Rev1.pdf","HDR ESA - KLD Subcontract - KLD Signed Rev1.pdf","7/31/2014 9:50:35 AM","7/31/2014 9:50:35 AM","6151034","Archive"
"F:\Bids and Proposals\Past_Proposals\ESA_CPM_HDR\2013_2016\Contract and Rates\HDR ESA - KLD Subcontract - KLD Signed.pdf","HDR ESA - KLD Subcontract - KLD Signed.pdf","7/30/2014 2:06:18 PM","7/30/2014 2:06:18 PM","5672253","Archive"
"F:\Bids and Proposals\Past_Proposals\ESA_CPM_HDR\2013_2016\Cost Negotiations\KLD -- Subcontractor Profile Form Rev (Nov 2013).xlsx","KLD -- Subcontractor Profile Form Rev (Nov 2013).xlsx","4/29/2014 7:04:30 AM","4/29/2014 7:03:26 AM","53956","Archive"
"F:\Bids and Proposals\Past_Proposals\ESA_CPM_HDR\2017_2020\Contracts","Contracts","11/2/2023 2:02:18 PM","4/6/2022 2:18:54 PM",,"Directory"
"F:\Bids and Proposals\Past_Proposals\ESA_CPM_HDR\2017_2020\Contracts\Contract HWCESA16A.pdf","Contract HWCESA16A.pdf","9/7/2018 3:53:00 PM","9/7/2018 3:52:05 PM","29890281","Archive"
"F:\Bids and Proposals\Past_Proposals\ESA_CPM_HDR\2017_2020\Contracts\Form4T from Contract HWCESA16A-2.pdf","Form4T from Contract HWCESA16A-2.pdf","11/15/2018 10:11:01 AM","11/15/2018 10:11:01 AM","60466","Archive"
"F:\Bids and Proposals\Past_Proposals\ESA_CPM_HDR\2017_2020\Contracts\KLD Subcontractor Profile Form (rev 8.26.15).xlsx","KLD Subcontractor Profile Form (rev 8.26.15).xlsx","4/6/2022 2:18:26 PM","4/6/2022 2:18:11 PM","57368","Archive"
"F:\Bids and Proposals\Past_Proposals\ESA_CPM_HDR\2017_2020\Contracts\Multiplier from Contract HWCESA16A.pdf","Multiplier from Contract HWCESA16A.pdf","11/15/2018 10:11:21 AM","11/15/2018 10:11:21 AM","88779","Archive"
"F:\Bids and Proposals\Past_Proposals\ESA_CPM_HDR\2017_2020\Insurance\RE  Contract  HWCESA16A  E-PIN  84117M0001001  PIN  84116MBAD024.msg","RE  Contract  HWCESA16A  E-PIN  84117M0001001  PIN  84116MBAD024.msg","3/15/2018 11:43:15 AM","3/15/2018 11:43:15 AM","468992","Archive"
"F:\Bids and Proposals\Past_Proposals\ESA_CPM_HDR\2017_2020\Task Orders\2018\FHV Study\Contracts","Contracts","11/2/2023 2:02:22 PM","2/21/2020 7:33:52 AM",,"Directory"
"F:\Bids and Proposals\Past_Proposals\ESA_CPM_HDR\2017_2020\Task Orders\2018\FHV Study\Contracts\Executed Contract HDR-KLD.pdf","Executed Contract HDR-KLD.pdf","1/22/2019 6:36:00 AM","1/22/2019 6:39:17 AM","563303","Archive"
"F:\Bids and Proposals\Past_Proposals\ESA_JHK_2011\Subcontract","Subcontract","11/2/2023 2:02:54 PM","7/13/2021 12:28:08 PM",,"Directory"
"F:\Bids and Proposals\Past_Proposals\ESA_JHK_2011\ESA CONTRACT NUMBERS.docx","ESA CONTRACT NUMBERS.docx","4/26/2015 2:29:02 PM","3/11/2016 7:40:57 PM","14005","Archive"
"F:\Bids and Proposals\Past_Proposals\ESA_JHK_2011\MBE DBE\KLD 02 2014 Subcontractor Profile Form Rev (Nov 2013).xlsx","KLD 02 2014 Subcontractor Profile Form Rev (Nov 2013).xlsx","3/13/2014 1:51:41 PM","3/13/2014 2:33:11 PM","53670","Archive"
"F:\Bids and Proposals\Past_Proposals\ESA_JHK_2011\Submitted\KLD Project Descriptionsv4.docx","KLD Project Descriptionsv4.docx","12/7/2011 10:31:42 AM","12/6/2010 5:18:42 PM","7586663","Archive"
"F:\Bids and Proposals\Past_Proposals\ESA_PB_2011planning\KLD Project Descriptions_120211.docx","KLD Project Descriptions_120211.docx","12/2/2011 3:25:45 PM","12/2/2011 3:25:47 PM","8624577","Archive"
"F:\Bids and Proposals\Past_Proposals\ESA_PB_2011planning\Forms\Fillable\Word(fromAECOM)\(NYCDOT ESA) Project description template.doc","(NYCDOT ESA) Project description template.doc","12/9/2011 5:33:53 PM","12/9/2011 5:33:53 PM","35328","Archive"
"F:\Bids and Proposals\Past_Proposals\ESA_PB_2011planning\OLD\KLD Project Descriptions_v0.docx","KLD Project Descriptions_v0.docx","12/2/2011 11:20:20 AM","11/29/2011 11:06:56 AM","8623938","Archive"
"F:\Bids and Proposals\Past_Proposals\ESA_STV_2011\KLD Project Descriptions_120211.docx","KLD Project Descriptions_120211.docx","12/10/2011 4:59:33 PM","12/2/2011 3:25:47 PM","8624577","Archive"
"F:\Bids and Proposals\Past_Proposals\ESA_TSP\HDR\Intent to Perform as a Subcontractor_Updated 02-04-2015_HDR-KLD.pdf","Intent to Perform as a Subcontractor_Updated 02-04-2015_HDR-KLD.pdf","2/17/2016 2:51:34 PM","2/17/2016 2:49:17 PM","1840335","Archive"
"F:\Bids and Proposals\Past_Proposals\ESA_URS_2011\Contracts","Contracts","11/2/2023 2:03:00 PM","11/16/2018 9:33:52 AM",,"Directory"
"F:\Bids and Proposals\Past_Proposals\ESA_URS_2011\KLD Project Descriptions_120211.docx","KLD Project Descriptions_120211.docx","12/16/2011 11:30:52 PM","12/2/2011 3:25:47 PM","8624577","Archive"
"F:\Bids and Proposals\Past_Proposals\ESA_URS_2011\Contracts\11 130108.NYC DOT ESA Contract Rates - KLD Engineering.pdf","11 130108.NYC DOT ESA Contract Rates - KLD Engineering.pdf","4/10/2013 4:04:01 AM","4/10/2013 4:04:00 AM","58168","Archive"
"F:\Bids and Proposals\Past_Proposals\ESA_URS_2011\Contracts\130108.NYC DOT ESA Transportation Planning Registered Contract - No Rates.pdf","130108.NYC DOT ESA Transportation Planning Registered Contract - No Rates.pdf","4/10/2013 4:09:58 AM","4/10/2013 4:14:00 AM","11252829","Archive"
"F:\Bids and Proposals\Past_Proposals\ESA_URS_2011\Contracts\130108.NYC DOT ESA Transportation Planning Registered Contract -Multiplers.pdf","130108.NYC DOT ESA Transportation Planning Registered Contract -Multiplers.pdf","11/16/2018 9:33:52 AM","11/16/2018 9:33:52 AM","66700","Archive"
"F:\Bids and Proposals\Past_Proposals\ESA_URS_2011\Contracts\130404.ESA2013 SubContract Agreement.doc","130404.ESA2013 SubContract Agreement.doc","4/10/2013 4:03:49 AM","4/10/2013 4:03:00 AM","334848","Archive"
"F:\Bids and Proposals\Past_Proposals\ESA_URS_2011\Contracts\NY WC Board- NYCDOT Contract No  TFPLANESA - SIGNED.PDF","NY WC Board- NYCDOT Contract No  TFPLANESA - SIGNED.PDF","4/10/2013 4:03:35 AM","4/10/2013 4:03:00 AM","157145","Archive"
"F:\Bids and Proposals\Past_Proposals\ESA_URS_2011\Contracts\Final\130404 ESA2013 SubContract Agreement - KLD Signed.pdf","130404 ESA2013 SubContract Agreement - KLD Signed.pdf","5/20/2013 3:03:49 PM","5/20/2013 3:03:50 PM","319693","Archive"
"F:\Bids and Proposals\Past_Proposals\ESA_URS_2011\Contracts\Final\130404 ESA2013 SubContract Agreement - KLD.doc","130404 ESA2013 SubContract Agreement - KLD.doc","5/20/2013 2:36:24 PM","5/20/2013 2:40:35 PM","238592","Archive"
"F:\Bids and Proposals\Past_Proposals\ESA_URS_2011\Contracts\Final\130404 ESA2013 SubContract Agreement - KLD.pdf","130404 ESA2013 SubContract Agreement - KLD.pdf","5/20/2013 2:40:44 PM","5/20/2013 2:40:45 PM","270757","Archive"
"F:\Bids and Proposals\Past_Proposals\ESA_URS_2011\For EMR Study Task Order\11 130108.NYC DOT ESA Contract Rates - KLD Engineering.pdf","11 130108.NYC DOT ESA Contract Rates - KLD Engineering.pdf","2/15/2016 3:55:01 PM","4/10/2013 4:04:00 AM","58168","Archive"
"F:\Bids and Proposals\Past_Proposals\ESA_URS_2011\For EMR Study Task Order\11 130108.NYC DOT ESA Contract Rates - KLD Engineering.xlsx","11 130108.NYC DOT ESA Contract Rates - KLD Engineering.xlsx","2/15/2016 3:54:16 PM","2/15/2016 3:54:18 PM","19560","Archive"
"F:\Bids and Proposals\Past_Proposals\ESA_URS_2011\Post-Award-Submittals\120325 Subcontractor Profile Form Rev (May 2011).xlsx","120325 Subcontractor Profile Form Rev (May 2011).xlsx","3/27/2012 10:42:01 AM","3/27/2012 10:59:46 AM","46703","Archive"
"F:\Bids and Proposals\Past_Proposals\ESA_URS_2011\Post-Award-Submittals\Correction to Firm Profile\120325 Subcontractor Profile Form Rev (May 2011) 05-23-12.xlsx","120325 Subcontractor Profile Form Rev (May 2011) 05-23-12.xlsx","5/23/2012 3:53:20 PM","5/23/2012 3:53:22 PM","46689","Archive"
"F:\Bids and Proposals\Past_Proposals\ESA_URS_2011\Post-Award-Submittals\Emailed 2012-March-27\120325 Subcontractor Profile Form Rev (May 2011).xlsx","120325 Subcontractor Profile Form Rev (May 2011).xlsx","3/27/2012 11:01:39 AM","3/27/2012 10:59:46 AM","46703","Archive"
"F:\Bids and Proposals\Past_Proposals\ESA_URS_2011\Post-Award-Submittals\Jan 2014\120325 Subcontractor Profile Form Rev (May 2011).xlsx","120325 Subcontractor Profile Form Rev (May 2011).xlsx","1/24/2014 10:07:14 AM","1/24/2014 10:07:16 AM","52136","Archive"
"F:\Bids and Proposals\Past_Proposals\ESA_URS_2011\SI-2000\11 130108.NYC DOT ESA Contract Rates - KLD Engineering.pdf","11 130108.NYC DOT ESA Contract Rates - KLD Engineering.pdf","4/26/2016 5:50:04 AM","4/5/2016 10:37:03 AM","58168","Archive"
"F:\Bids and Proposals\Past_Proposals\ESA_URS_2011\Submitted 2011-Dec-16\KLD Project Descriptions_120211.docx","KLD Project Descriptions_120211.docx","12/20/2011 10:12:35 AM","12/17/2011 12:15:13 AM","8624577","Archive"
"F:\Bids and Proposals\Past_Proposals\ESA_URS_2011\Task Orders\2018\Staffing_Contract","Staffing_Contract","11/2/2023 2:03:08 PM","1/24/2019 4:49:48 PM",,"Directory"
"F:\Bids and Proposals\Past_Proposals\ESA_URS_2011\Task Orders\2019\Staffing_Contract","Staffing_Contract","11/2/2023 2:03:17 PM","1/24/2019 4:50:10 PM",,"Directory"
"F:\Bids and Proposals\Past_Proposals\ESA_URS_2011\Task Orders\2019\Staffing_Contract\T175\Contract","Contract","11/2/2023 2:03:17 PM","1/29/2019 9:43:17 AM",,"Directory"
"F:\Bids and Proposals\Past_Proposals\FDOT\Lost\ICM_Modeling\References\FDOT_D5_AAM_Dashboards_Description_and_Requirements_and_Mockups.pdf","FDOT_D5_AAM_Dashboards_Description_and_Requirements_and_Mockups.pdf","4/25/2018 10:13:32 AM","3/31/2017 6:09:19 AM","4382993","Archive"
"F:\Bids and Proposals\Past_Proposals\FDOT\Lost\TransCore_ICM_Florida\Reference Documents\FDOT_D5_AAM_Dashboards_Description_and_Requirements_and_Mockups.pdf","FDOT_D5_AAM_Dashboards_Description_and_Requirements_and_Mockups.pdf","3/31/2017 6:09:13 AM","3/31/2017 6:09:19 AM","4382993","Archive"
"F:\Bids and Proposals\Past_Proposals\FHWA\BOOZ_ALLEN_HAMILTON\Sub Contractor Agreements","Sub Contractor Agreements","11/2/2023 2:03:32 PM","8/15/2016 10:16:31 AM",,"Directory"
"F:\Bids and Proposals\Past_Proposals\FHWA\BOOZ_ALLEN_HAMILTON\Forms 1593\INSTRUCTIONS FOR COMPLETING CONTRACT PRICING SUMMARY.docx","INSTRUCTIONS FOR COMPLETING CONTRACT PRICING SUMMARY.docx","12/23/2011 12:11:40 PM","12/23/2011 12:11:40 PM","17432","Archive"
"F:\Bids and Proposals\Past_Proposals\FHWA\BOOZ_ALLEN_HAMILTON\Forms 1593\Subcontractor hours (KLD) 12 21 11.xlsx","Subcontractor hours (KLD) 12 21 11.xlsx","12/22/2011 12:50:26 PM","12/22/2011 12:50:26 PM","13135","Archive"
"F:\Bids and Proposals\Past_Proposals\FHWA\BOOZ_ALLEN_HAMILTON\From BAH _12_5_11\Att - V  Labor Category Descriptions.docx","Att - V  Labor Category Descriptions.docx","12/6/2011 7:10:27 AM","12/6/2011 7:10:27 AM","15847","Archive"
"F:\Bids and Proposals\Past_Proposals\FHWA\BOOZ_ALLEN_HAMILTON\OLD\WIPfolder\_._sdcard_bluetooth_KLD Project Descriptions_v0","_._sdcard_bluetooth_KLD Project Descriptions_v0","11/2/2023 2:03:28 PM","11/29/2011 4:34:41 PM",,"Directory"
"F:\Bids and Proposals\Past_Proposals\FHWA\BOOZ_ALLEN_HAMILTON\OLD\WIPfolder\_._sdcard_bluetooth_KLD Project Descriptions_v0\KLD Project Descriptions_v0.docx","KLD Project Descriptions_v0.docx","11/29/2011 11:28:40 AM","11/29/2011 11:28:40 AM","8623938","Archive"
"F:\Bids and Proposals\Past_Proposals\FHWA\BOOZ_ALLEN_HAMILTON\Post Award Submittals\KLD -- Ops Subcontractors 2012.ppt","KLD -- Ops Subcontractors 2012.ppt","11/1/2012 4:06:20 PM","11/1/2012 4:06:23 PM","192512","Archive"
"F:\Bids and Proposals\Past_Proposals\FHWA\BOOZ_ALLEN_HAMILTON\Post Award Submittals\WIP Ops Subcontractors 2012.ppt","WIP Ops Subcontractors 2012.ppt","11/1/2012 4:05:01 PM","11/1/2012 4:05:07 PM","389632","Archive"
"F:\Bids and Proposals\Past_Proposals\FHWA\BOOZ_ALLEN_HAMILTON\Project Quals\Project Quals_update_Dec_2011\BAH_Format\FHWA Ops IDIQ Qual_KLD_MPT_Evaluation.docx","FHWA Ops IDIQ Qual_KLD_MPT_Evaluation.docx","12/4/2011 5:27:33 PM","12/4/2011 7:38:02 PM","91240","Archive"
"F:\Bids and Proposals\Past_Proposals\FHWA\BOOZ_ALLEN_HAMILTON\Proposal\SubcontractingLette_NOT NEEDEDr.docx","SubcontractingLette_NOT NEEDEDr.docx","12/8/2011 3:50:41 PM","12/8/2011 8:04:26 PM","175411","Archive"
"F:\Bids and Proposals\Past_Proposals\FHWA\FHWA Deloitte ITS JPO\Proposal Items\26-5-2021 request\Enclosure 4 Subcontractor OCI Proposal Certification.docx","Enclosure 4 Subcontractor OCI Proposal Certification.docx","5/26/2021 8:09:47 PM","5/26/2021 8:10:36 PM","16690","Archive"
"F:\Bids and Proposals\Past_Proposals\FHWA\FHWA Deloitte ITS JPO\Proposal Items\26-5-2021 request\Enclosure 4 Subcontractor OCI Proposal Certification_KLD.docx","Enclosure 4 Subcontractor OCI Proposal Certification_KLD.docx","5/26/2021 9:15:54 PM","5/26/2021 9:15:54 PM","16982","Archive"
"F:\Bids and Proposals\Past_Proposals\FHWA\FHWA Deloitte ITS JPO\Proposal Items\26-5-2021 request\Enclosure 4 Subcontractor OCI Proposal Certification_KLD.pdf","Enclosure 4 Subcontractor OCI Proposal Certification_KLD.pdf","5/26/2021 9:16:42 PM","5/26/2021 9:18:01 PM","114936","Archive"
"F:\Bids and Proposals\Past_Proposals\FHWA\FHWA Deloitte ITS JPO\Proposal Items\Sent\Enclosure 4 Subcontractor OCI Proposal Certification_KLD.pdf","Enclosure 4 Subcontractor OCI Proposal Certification_KLD.pdf","6/1/2021 1:04:48 PM","6/1/2021 1:04:48 PM","114936","Archive"
"F:\Bids and Proposals\Past_Proposals\FHWA\FHWA IDIQ\2016\Attach_J-4_SUBCONTRACTING_PLAN.pdf","Attach_J-4_SUBCONTRACTING_PLAN.pdf","2/20/2016 5:45:18 AM","2/20/2016 5:45:20 AM","309075","Archive"
"F:\Bids and Proposals\Past_Proposals\FHWA\FHWA IDIQ\2016\ICF\Contracts","Contracts","11/2/2023 2:03:49 PM","5/26/2020 5:28:53 PM",,"Directory"
"F:\Bids and Proposals\Past_Proposals\FHWA\FHWA IDIQ\2016\ICF\SM_Archive\ICF\Round 1\Attach_J-4_SUBCONTRACTING_PLAN.pdf","Attach_J-4_SUBCONTRACTING_PLAN.pdf","1/30/2021 9:52:44 PM","3/2/2016 8:37:00 AM","309075","Archive"
"F:\Bids and Proposals\Past_Proposals\FHWA\FHWA IDIQ\2021\Proposal Stage\KLD Items\2_Corporate Description.docx","2_Corporate Description.docx","8/11/2021 3:09:01 PM","8/11/2021 3:20:24 PM","13739","Archive"
"F:\Bids and Proposals\Past_Proposals\FHWA\FHWA IDIQ\2021\Task Orders\2022-June HOTM220055PR\Contracts","Contracts","3/21/2024 5:34:10 PM","1/25/2024 11:06:22 PM",,"Directory"
"F:\Bids and Proposals\Past_Proposals\FHWA\FHWA_Safety_IDIQ\ICF\ICF RFP Attachments\ICF RFP Attachments\Attachment III FHWA LCAT Description.pdf","Attachment III FHWA LCAT Description.pdf","11/25/2025 3:54:00 PM","12/12/2025 12:41:14 PM","139035","Archive"
"F:\Bids and Proposals\Past_Proposals\FHWA\ICF\HOTM230067PR\contracts","contracts","11/2/2023 2:04:04 PM","1/5/2026 8:02:30 AM",,"Directory"
"F:\Bids and Proposals\Past_Proposals\FHWA\Smart Grant\2022\Valid Evaluation.pdf","Valid Evaluation.pdf","2/20/2023 1:03:48 PM","11/17/2022 9:40:16 PM","571502","Archive"
"F:\Bids and Proposals\Past_Proposals\Generic Documents\Subcontract Agreement","Subcontract Agreement","11/2/2023 2:04:09 PM","1/28/2026 2:05:07 PM",,"Directory"
"F:\Bids and Proposals\Past_Proposals\Insurance Certificates\2018-2019\NYCDOT Contract HBKBQE 2018-2019.pdf","NYCDOT Contract HBKBQE 2018-2019.pdf","3/15/2019 10:33:03 AM","3/15/2019 10:33:04 AM","80466","Archive"
"F:\Bids and Proposals\Past_Proposals\Insurance Certificates\before 2021\NYCDOT Contract HBKBQE 2018-2019.pdf","NYCDOT Contract HBKBQE 2018-2019.pdf","3/15/2019 10:33:03 AM","3/15/2019 10:33:04 AM","80466","Archive"
"F:\Bids and Proposals\Past_Proposals\MindMap\NYCDOT ESA Contracts.xmind","NYCDOT ESA Contracts.xmind","3/4/2020 3:42:27 PM","3/4/2020 3:53:01 PM","75838","Archive"
"F:\Bids and Proposals\Past_Proposals\MnDOT ITS CAV Master Contract with ICF\Pre Award Overhead Audit\ITS CAV Master Contract WWW POSTED RFP 1238-19620093-v1.pdf","ITS CAV Master Contract WWW POSTED RFP 1238-19620093-v1.pdf","8/22/2022 4:21:00 PM","8/22/2022 4:21:00 PM","436998","Archive"
"F:\Bids and Proposals\Past_Proposals\MTA\MTA_ITS_DesignContract_HDR","MTA_ITS_DesignContract_HDR","11/2/2023 2:07:42 PM","8/15/2016 10:22:18 AM",,"Directory"
"F:\Bids and Proposals\Past_Proposals\MTA\1057_SASP2_WZTM\Contract","Contract","11/2/2023 2:04:26 PM","12/6/2019 7:31:15 AM",,"Directory"
"F:\Bids and Proposals\Past_Proposals\MTA\1057_SASP2_WZTM\Contract\20190725 Contract Transmittal Cover Letter KLD Signed.pdf","20190725 Contract Transmittal Cover Letter KLD Signed.pdf","7/26/2019 6:50:24 AM","7/26/2019 6:50:24 AM","668941","Archive"
"F:\Bids and Proposals\Past_Proposals\MTA\1057_SASP2_WZTM\Contract\Attachment 1 - Prime Agreement_2nd Ave Base Contract.pdf","Attachment 1 - Prime Agreement_2nd Ave Base Contract.pdf","7/17/2019 2:59:00 PM","7/17/2019 2:59:13 PM","8508491","Archive"
"F:\Bids and Proposals\Past_Proposals\MTA\1057_SASP2_WZTM\Contract\KLD Draft - Subcontract Agreement.pdf","KLD Draft - Subcontract Agreement.pdf","7/17/2019 2:59:00 PM","7/17/2019 2:59:12 PM","798944","Archive"
"F:\Bids and Proposals\Past_Proposals\MTA\1057_SASP2_WZTM\Proposal\MTA Project Personnel Description Pages.pdf","MTA Project Personnel Description Pages.pdf","6/12/2019 11:18:00 AM","6/12/2019 11:18:00 AM","169430","Archive"
"F:\Bids and Proposals\Past_Proposals\MTA\1071_Congestion Pricing\TransCore\Contracts","Contracts","11/2/2023 2:04:33 PM","7/3/2023 1:48:40 PM",,"Directory"
"F:\Bids and Proposals\Past_Proposals\MTA\1071_Congestion Pricing\TransCore\Contracts\Payment #35- May 2023 - Certificate of Subcontractor SM.pdf","Payment #35- May 2023 - Certificate of Subcontractor SM.pdf","7/3/2023 1:48:40 PM","6/12/2023 9:58:45 AM","134550","Archive"
"F:\Bids and Proposals\Past_Proposals\MTA\1071_Congestion Pricing\TransCore\Contracts\KLD BN760094\Exhibit D - Subcontractor's Quote.pdf","Exhibit D - Subcontractor's Quote.pdf","11/18/2019 10:42:59 AM","11/13/2019 3:17:32 PM","208151","Archive"
"F:\Bids and Proposals\Past_Proposals\MTA\1071_Congestion Pricing\TransCore\Contracts\KLD BN760094\Exhibit G - Prime Contract Flow Down Requirements.pdf","Exhibit G - Prime Contract Flow Down Requirements.pdf","11/18/2019 10:43:00 AM","11/4/2019 9:38:10 AM","19254","Archive"
"F:\Bids and Proposals\Past_Proposals\MTA\1071_Congestion Pricing\TransCore\Contracts\KLD BN760094 Executed\Exhibit D - Subcontractor's Quote.pdf","Exhibit D - Subcontractor's Quote.pdf","12/27/2019 4:20:00 PM","12/27/2019 4:20:48 PM","208151","Archive"
"F:\Bids and Proposals\Past_Proposals\MTA\1071_Congestion Pricing\TransCore\Contracts\KLD BN760094 Executed\Exhibit G - Prime Contract Flow Down Requirements.pdf","Exhibit G - Prime Contract Flow Down Requirements.pdf","12/27/2019 4:20:00 PM","12/27/2019 4:20:49 PM","19254","Archive"
"F:\Bids and Proposals\Past_Proposals\MTA\1071_Congestion Pricing\TransCore\Contracts\Technical Proposal\CBDTP DBOM Contract FIN v2 10-31-19 - Pricing Pages.pdf","CBDTP DBOM Contract FIN v2 10-31-19 - Pricing Pages.pdf","11/18/2019 12:53:11 PM","11/18/2019 12:35:13 PM","1270643","Archive"
"F:\Bids and Proposals\Past_Proposals\MTA\1071_Congestion Pricing\TransCore\Contracts\Technical Proposal\CBDTP DBOM Contract FIN v2 10-31-19 - Q&A-1.pdf","CBDTP DBOM Contract FIN v2 10-31-19 - Q&A-1.pdf","11/18/2019 12:53:06 PM","11/18/2019 12:45:29 PM","622100","Archive"
"F:\Bids and Proposals\Past_Proposals\MTA\1071_Congestion Pricing\TransCore\Contracts\Technical Proposal\CBDTP DBOM Contract FIN v2 10-31-19 - Q&A-2.pdf","CBDTP DBOM Contract FIN v2 10-31-19 - Q&A-2.pdf","11/18/2019 12:53:06 PM","11/18/2019 12:49:54 PM","1952325","Archive"
"F:\Bids and Proposals\Past_Proposals\MTA\1071_Congestion Pricing\TransCore\Contracts\Technical Proposal\CBDTP DBOM Contract FIN v2 10-31-19 - Schedule Pages.pdf","CBDTP DBOM Contract FIN v2 10-31-19 - Schedule Pages.pdf","11/18/2019 12:53:06 PM","11/18/2019 12:42:43 PM","43779344","Archive"
"F:\Bids and Proposals\Past_Proposals\MTA\1071_Congestion Pricing\TransCore\Contracts\Technical Proposal\CBDTP DBOM Contract FIN v2 10-31-19 SM.pdf","CBDTP DBOM Contract FIN v2 10-31-19 SM.pdf","11/18/2019 12:51:57 PM","11/18/2019 12:50:49 PM","705611649","Archive"
"F:\Bids and Proposals\Past_Proposals\MTA\1071_Congestion Pricing\TransCore\Contracts\Technical Proposal\CBDTP DBOM Contract FIN v2 10-31-19.pdf","CBDTP DBOM Contract FIN v2 10-31-19.pdf","11/18/2019 12:53:11 PM","11/18/2019 11:40:45 AM","717204847","Archive"
"F:\Bids and Proposals\Past_Proposals\MTA\1071_Congestion Pricing\TransCore\Invoices\Accrual Estimates\2020\April 2020\Payment #5- April 2020 - Certificate of Subcontractor.pdf","Payment #5- April 2020 - Certificate of Subcontractor.pdf","4/20/2020 8:15:15 AM","4/20/2020 8:15:16 AM","593467","Archive"
"F:\Bids and Proposals\Past_Proposals\MTA\1071_Congestion Pricing\TransCore\Invoices\Accrual Estimates\2020\April 2020\Payment# 5 - April 2020 - Certificate of Subcontractor.doc","Payment# 5 - April 2020 - Certificate of Subcontractor.doc","4/16/2020 10:33:06 AM","4/16/2020 10:33:06 AM","52224","Archive"
"F:\Bids and Proposals\Past_Proposals\MTA\1071_Congestion Pricing\TransCore\Invoices\Accrual Estimates\2020\August 2020\Payment #10 - August 2020 - Certificate of Subcontractor.doc","Payment #10 - August 2020 - Certificate of Subcontractor.doc","9/8/2020 8:34:38 AM","9/8/2020 8:37:41 AM","53248","Archive"
"F:\Bids and Proposals\Past_Proposals\MTA\1071_Congestion Pricing\TransCore\Invoices\Accrual Estimates\2020\August 2020\Payment #10 - August 2020 - Certificate of Subcontractor.pdf","Payment #10 - August 2020 - Certificate of Subcontractor.pdf","9/8/2020 8:38:16 AM","9/8/2020 11:01:21 AM","37340","Archive"
"F:\Bids and Proposals\Past_Proposals\MTA\1071_Congestion Pricing\TransCore\Invoices\Accrual Estimates\2020\December 2020\Payment #14 - December 2020 - Certificate of Subcontractor.doc","Payment #14 - December 2020 - Certificate of Subcontractor.doc","1/5/2021 11:53:41 AM","1/5/2021 11:56:11 AM","53760","Archive"
"F:\Bids and Proposals\Past_Proposals\MTA\1071_Congestion Pricing\TransCore\Invoices\Accrual Estimates\2020\December 2020\Payment #14 - December 2020 - Certificate of Subcontractor.pdf","Payment #14 - December 2020 - Certificate of Subcontractor.pdf","1/5/2021 11:56:33 AM","1/6/2021 4:38:45 PM","278665","Archive"
"F:\Bids and Proposals\Past_Proposals\MTA\1071_Congestion Pricing\TransCore\Invoices\Accrual Estimates\2020\Feb 2020\MTA - Certificate of Subcontractor - Feb. 2020.doc","MTA - Certificate of Subcontractor - Feb. 2020.doc","2/20/2020 2:06:49 PM","2/20/2020 2:07:19 PM","64512","Archive"
"F:\Bids and Proposals\Past_Proposals\MTA\1071_Congestion Pricing\TransCore\Invoices\Accrual Estimates\2020\Feb 2020\MTA - Certificate of Subcontractor - Feb. 2020.pdf","MTA - Certificate of Subcontractor - Feb. 2020.pdf","2/20/2020 3:25:55 PM","2/20/2020 3:25:05 PM","563582","Archive"
"F:\Bids and Proposals\Past_Proposals\MTA\1071_Congestion Pricing\TransCore\Invoices\Accrual Estimates\2020\Jan 2020\MTA - Certificate of Subcontractor - Jan. 2020 Signed.pdf","MTA - Certificate of Subcontractor - Jan. 2020 Signed.pdf","2/5/2020 10:07:43 AM","2/5/2020 10:03:15 AM","566664","Archive"
"F:\Bids and Proposals\Past_Proposals\MTA\1071_Congestion Pricing\TransCore\Invoices\Accrual Estimates\2020\Jan 2020\MTA - Certificate of Subcontractor - Jan. 2020.doc","MTA - Certificate of Subcontractor - Jan. 2020.doc","1/31/2020 1:00:31 PM","2/5/2020 9:09:56 AM","64000","Archive"
"F:\Bids and Proposals\Past_Proposals\MTA\1071_Congestion Pricing\TransCore\Invoices\Accrual Estimates\2020\July 2020\Payment# 9 - July 2020 - Certificate of Subcontractor.doc","Payment# 9 - July 2020 - Certificate of Subcontractor.doc","8/4/2020 12:18:53 PM","8/4/2020 12:20:51 PM","53760","Archive"
"F:\Bids and Proposals\Past_Proposals\MTA\1071_Congestion Pricing\TransCore\Invoices\Accrual Estimates\2020\July 2020\Payment# 9 - July 2020 - Certificate of Subcontractor.pdf","Payment# 9 - July 2020 - Certificate of Subcontractor.pdf","8/4/2020 2:31:44 PM","8/4/2020 2:34:48 PM","612044","Archive"
"F:\Bids and Proposals\Past_Proposals\MTA\1071_Congestion Pricing\TransCore\Invoices\Accrual Estimates\2020\June 2020\Payment# 8 - June 2020 - Certificate of Subcontractor.doc","Payment# 8 - June 2020 - Certificate of Subcontractor.doc","7/14/2020 2:18:44 PM","7/14/2020 2:20:44 PM","53248","Archive"
"F:\Bids and Proposals\Past_Proposals\MTA\1071_Congestion Pricing\TransCore\Invoices\Accrual Estimates\2020\June 2020\Payment# 8 - June 2020 - Certificate of Subcontractor.pdf","Payment# 8 - June 2020 - Certificate of Subcontractor.pdf","7/17/2020 10:31:44 AM","7/17/2020 10:34:57 AM","380699","Archive"
"F:\Bids and Proposals\Past_Proposals\MTA\1071_Congestion Pricing\TransCore\Invoices\Accrual Estimates\2020\March 2020\MTA - Certificate of Subcontractor - March 2020.doc","MTA - Certificate of Subcontractor - March 2020.doc","3/31/2020 8:03:28 AM","3/31/2020 8:07:05 AM","65024","Archive"
"F:\Bids and Proposals\Past_Proposals\MTA\1071_Congestion Pricing\TransCore\Invoices\Accrual Estimates\2020\May 2020\Payment# 6 - May 2020 - Certificate of Subcontractor.doc","Payment# 6 - May 2020 - Certificate of Subcontractor.doc","5/27/2020 9:34:31 AM","5/27/2020 9:38:49 AM","53248","Archive"
"F:\Bids and Proposals\Past_Proposals\MTA\1071_Congestion Pricing\TransCore\Invoices\Accrual Estimates\2020\May 2020\Payment# 6 - May 2020 - Certificate of Subcontractor.pdf","Payment# 6 - May 2020 - Certificate of Subcontractor.pdf","12/31/4500 7:00:00 PM","5/28/2020 10:13:41 AM","268408","Archive"
"F:\Bids and Proposals\Past_Proposals\MTA\1071_Congestion Pricing\TransCore\Invoices\Accrual Estimates\2020\November 2020\Payment #13 - November 2020 - Certificate of Subcontractor.doc","Payment #13 - November 2020 - Certificate of Subcontractor.doc","12/1/2020 8:21:51 AM","12/1/2020 8:32:14 AM","53760","Archive"
"F:\Bids and Proposals\Past_Proposals\MTA\1071_Congestion Pricing\TransCore\Invoices\Accrual Estimates\2020\November 2020\Payment #13 - November 2020 - Certificate of Subcontractor.pdf","Payment #13 - November 2020 - Certificate of Subcontractor.pdf","12/1/2020 9:28:39 AM","12/1/2020 9:30:31 AM","302582","Archive"
"F:\Bids and Proposals\Past_Proposals\MTA\1071_Congestion Pricing\TransCore\Invoices\Accrual Estimates\2020\October 2020\Payment #12 - October 2020 - Certificate of Subcontractor.doc","Payment #12 - October 2020 - Certificate of Subcontractor.doc","10/26/2020 1:14:10 PM","10/26/2020 1:16:47 PM","53760","Archive"
"F:\Bids and Proposals\Past_Proposals\MTA\1071_Congestion Pricing\TransCore\Invoices\Accrual Estimates\2020\October 2020\Payment #12 - October 2020 - Certificate of Subcontractor.pdf","Payment #12 - October 2020 - Certificate of Subcontractor.pdf","10/26/2020 1:17:40 PM","10/27/2020 7:43:14 AM","290555","Archive"
"F:\Bids and Proposals\Past_Proposals\MTA\1071_Congestion Pricing\TransCore\Invoices\Accrual Estimates\2020\September 2020\Payment #11 - September 2020 - Certificate of Subcontractor.doc","Payment #11 - September 2020 - Certificate of Subcontractor.doc","10/2/2020 8:18:45 AM","10/2/2020 8:21:34 AM","53760","Archive"
"F:\Bids and Proposals\Past_Proposals\MTA\1071_Congestion Pricing\TransCore\Invoices\Accrual Estimates\2020\September 2020\Payment #11 - September 2020 - Certificate of Subcontractor.pdf","Payment #11 - September 2020 - Certificate of Subcontractor.pdf","10/15/2020 11:20:18 AM","10/15/2020 11:22:19 AM","406606","Archive"
"F:\Bids and Proposals\Past_Proposals\MTA\1071_Congestion Pricing\TransCore\Invoices\Accrual Estimates\2021\April 2021\Payment #18 - April 2021 - Certificate of Subcontractor.doc","Payment #18 - April 2021 - Certificate of Subcontractor.doc","5/3/2021 9:51:42 AM","5/3/2021 9:53:52 AM","52736","Archive"
"F:\Bids and Proposals\Past_Proposals\MTA\1071_Congestion Pricing\TransCore\Invoices\Accrual Estimates\2021\April 2021\Payment #18 - April 2021 - Certificate of Subcontractor.pdf","Payment #18 - April 2021 - Certificate of Subcontractor.pdf","5/4/2021 9:02:55 AM","5/4/2021 9:14:25 AM","226713","Archive"
"F:\Bids and Proposals\Past_Proposals\MTA\1071_Congestion Pricing\TransCore\Invoices\Accrual Estimates\2021\August 2021\Payment #21 - August 2021 - Certificate of Subcontractor.doc","Payment #21 - August 2021 - Certificate of Subcontractor.doc","9/1/2021 2:12:11 PM","9/1/2021 2:13:39 PM","53760","Archive"
"F:\Bids and Proposals\Past_Proposals\MTA\1071_Congestion Pricing\TransCore\Invoices\Accrual Estimates\2021\August 2021\Payment #21 - August 2021 - Certificate of Subcontractor.pdf","Payment #21 - August 2021 - Certificate of Subcontractor.pdf","9/1/2021 2:13:53 PM","9/2/2021 11:35:23 AM","214570","Archive"
"F:\Bids and Proposals\Past_Proposals\MTA\1071_Congestion Pricing\TransCore\Invoices\Accrual Estimates\2021\December 2021\Payment #24 - December 2021 - Certificate of Subcontractor.doc","Payment #24 - December 2021 - Certificate of Subcontractor.doc","1/3/2022 12:02:51 PM","1/3/2022 12:05:22 PM","53248","Archive"
"F:\Bids and Proposals\Past_Proposals\MTA\1071_Congestion Pricing\TransCore\Invoices\Accrual Estimates\2021\December 2021\Payment #24 - December 2021 - Certificate of Subcontractor.pdf","Payment #24 - December 2021 - Certificate of Subcontractor.pdf","1/3/2022 4:02:31 PM","1/3/2022 4:03:33 PM","230313","Archive"
"F:\Bids and Proposals\Past_Proposals\MTA\1071_Congestion Pricing\TransCore\Invoices\Accrual Estimates\2021\February 2021\Payment #16 - February 2021 - Certificate of Subcontractor SM.pdf","Payment #16 - February 2021 - Certificate of Subcontractor SM.pdf","3/2/2021 8:15:03 AM","3/2/2021 8:15:03 AM","247821","Archive"
"F:\Bids and Proposals\Past_Proposals\MTA\1071_Congestion Pricing\TransCore\Invoices\Accrual Estimates\2021\February 2021\Payment #16 - February 2021 - Certificate of Subcontractor.doc","Payment #16 - February 2021 - Certificate of Subcontractor.doc","3/1/2021 2:52:27 PM","3/1/2021 2:54:08 PM","53760","Archive"
"F:\Bids and Proposals\Past_Proposals\MTA\1071_Congestion Pricing\TransCore\Invoices\Accrual Estimates\2021\January 2021\Payment #15 - January 2021 - Certificate of Subcontractor SM.pdf","Payment #15 - January 2021 - Certificate of Subcontractor SM.pdf","2/8/2021 8:30:07 AM","2/9/2021 9:11:55 AM","51708","Archive"
"F:\Bids and Proposals\Past_Proposals\MTA\1071_Congestion Pricing\TransCore\Invoices\Accrual Estimates\2021\January 2021\Payment #15 - January 2021 - Certificate of Subcontractor.doc","Payment #15 - January 2021 - Certificate of Subcontractor.doc","2/2/2021 10:40:49 AM","2/2/2021 10:42:30 AM","53760","Archive"
"F:\Bids and Proposals\Past_Proposals\MTA\1071_Congestion Pricing\TransCore\Invoices\Accrual Estimates\2021\July 2021\Payment #21 - July 2021 - Certificate of Subcontractor SM.pdf","Payment #21 - July 2021 - Certificate of Subcontractor SM.pdf","8/9/2021 10:11:07 AM","8/9/2021 10:11:07 AM","171503","Archive"
"F:\Bids and Proposals\Past_Proposals\MTA\1071_Congestion Pricing\TransCore\Invoices\Accrual Estimates\2021\July 2021\Payment #21 - July 2021 - Certificate of Subcontractor.doc","Payment #21 - July 2021 - Certificate of Subcontractor.doc","8/3/2021 10:25:15 AM","8/3/2021 10:27:19 AM","53760","Archive"
"F:\Bids and Proposals\Past_Proposals\MTA\1071_Congestion Pricing\TransCore\Invoices\Accrual Estimates\2021\July 2021\Payment #21 - July 2021 - Certificate of Subcontractor.pdf","Payment #21 - July 2021 - Certificate of Subcontractor.pdf","8/3/2021 10:27:11 AM","8/3/2021 10:28:16 AM","164591","Archive"
"F:\Bids and Proposals\Past_Proposals\MTA\1071_Congestion Pricing\TransCore\Invoices\Accrual Estimates\2021\June 2021\Payment #20 - June 2021 - Certificate of Subcontractor.doc","Payment #20 - June 2021 - Certificate of Subcontractor.doc","7/1/2021 2:06:08 PM","7/1/2021 2:08:00 PM","53760","Archive"
"F:\Bids and Proposals\Past_Proposals\MTA\1071_Congestion Pricing\TransCore\Invoices\Accrual Estimates\2021\June 2021\Payment #20 - June 2021 - Certificate of Subcontractor.pdf","Payment #20 - June 2021 - Certificate of Subcontractor.pdf","7/1/2021 2:08:34 PM","7/2/2021 8:16:48 AM","230576","Archive"
"F:\Bids and Proposals\Past_Proposals\MTA\1071_Congestion Pricing\TransCore\Invoices\Accrual Estimates\2021\March 2021\Payment #17 - March 2021 - Certificate of Subcontractor.doc","Payment #17 - March 2021 - Certificate of Subcontractor.doc","4/6/2021 12:19:30 PM","4/6/2021 12:24:27 PM","53760","Archive"
"F:\Bids and Proposals\Past_Proposals\MTA\1071_Congestion Pricing\TransCore\Invoices\Accrual Estimates\2021\March 2021\Payment #17 - March 2021 - Certificate of Subcontractor.pdf","Payment #17 - March 2021 - Certificate of Subcontractor.pdf","4/7/2021 10:07:32 AM","4/7/2021 10:10:15 AM","527541","Archive"
"F:\Bids and Proposals\Past_Proposals\MTA\1071_Congestion Pricing\TransCore\Invoices\Accrual Estimates\2021\May 2021\Payment #19 - May 2021 - Certificate of Subcontractor SM.pdf","Payment #19 - May 2021 - Certificate of Subcontractor SM.pdf","6/1/2021 3:11:11 PM","6/1/2021 3:12:27 PM","209956","Archive"
"F:\Bids and Proposals\Past_Proposals\MTA\1071_Congestion Pricing\TransCore\Invoices\Accrual Estimates\2021\May 2021\Payment #19 - May 2021 - Certificate of Subcontractor.doc","Payment #19 - May 2021 - Certificate of Subcontractor.doc","6/1/2021 10:19:55 AM","6/1/2021 10:21:40 AM","53760","Archive"
"F:\Bids and Proposals\Past_Proposals\MTA\1071_Congestion Pricing\TransCore\Invoices\Accrual Estimates\2021\November 2021\Payment #23 - November 2021 - Certificate of Subcontractor SM.pdf","Payment #23 - November 2021 - Certificate of Subcontractor SM.pdf","12/6/2021 7:40:36 AM","12/6/2021 7:42:24 AM","291468","Archive"
"F:\Bids and Proposals\Past_Proposals\MTA\1071_Congestion Pricing\TransCore\Invoices\Accrual Estimates\2021\November 2021\Payment #23 - November 2021 - Certificate of Subcontractor.doc","Payment #23 - November 2021 - Certificate of Subcontractor.doc","12/3/2021 7:49:03 AM","12/3/2021 8:03:09 AM","53248","Archive"
"F:\Bids and Proposals\Past_Proposals\MTA\1071_Congestion Pricing\TransCore\Invoices\Accrual Estimates\2021\November 2021\Payment #23 - November 2021 - Certificate of Subcontractor.pdf","Payment #23 - November 2021 - Certificate of Subcontractor.pdf","12/3/2021 8:03:26 AM","12/3/2021 8:03:26 AM","85567","Archive"
"F:\Bids and Proposals\Past_Proposals\MTA\1071_Congestion Pricing\TransCore\Invoices\Accrual Estimates\2021\October 2021\Payment #22 - October 2021 - Certificate of Subcontractor SM.pdf","Payment #22 - October 2021 - Certificate of Subcontractor SM.pdf","11/18/2021 10:10:33 AM","11/18/2021 10:13:33 AM","264684","Archive"
"F:\Bids and Proposals\Past_Proposals\MTA\1071_Congestion Pricing\TransCore\Invoices\Accrual Estimates\2021\October 2021\Payment #22 - October 2021 - Certificate of Subcontractor.doc","Payment #22 - October 2021 - Certificate of Subcontractor.doc","11/2/2021 11:30:47 AM","11/2/2021 11:32:19 AM","53248","Archive"
"F:\Bids and Proposals\Past_Proposals\MTA\1071_Congestion Pricing\TransCore\Invoices\Accrual Estimates\2021\October 2021\Payment #22 - October 2021 - Certificate of Subcontractor.pdf","Payment #22 - October 2021 - Certificate of Subcontractor.pdf","11/2/2021 11:32:38 AM","11/2/2021 11:32:38 AM","90214","Archive"
"F:\Bids and Proposals\Past_Proposals\MTA\1071_Congestion Pricing\TransCore\Invoices\Accrual Estimates\2021\September 2021\Payment #22 - September 2021 - Certificate of Subcontractor.doc","Payment #22 - September 2021 - Certificate of Subcontractor.doc","10/4/2021 9:29:09 AM","10/4/2021 9:31:31 AM","52736","Archive"
"F:\Bids and Proposals\Past_Proposals\MTA\1071_Congestion Pricing\TransCore\Invoices\Accrual Estimates\2021\September 2021\Payment #22 - September 2021 - Certificate of Subcontractor.pdf","Payment #22 - September 2021 - Certificate of Subcontractor.pdf","10/4/2021 11:52:11 AM","10/4/2021 11:53:47 AM","232925","Archive"
"F:\Bids and Proposals\Past_Proposals\MTA\1071_Congestion Pricing\TransCore\Invoices\Accrual Estimates\2022\April\Payment #24 - April 2022 - Certificate of Subcontractor.doc","Payment #24 - April 2022 - Certificate of Subcontractor.doc","5/2/2022 10:38:19 AM","5/2/2022 10:40:18 AM","53760","Archive"
"F:\Bids and Proposals\Past_Proposals\MTA\1071_Congestion Pricing\TransCore\Invoices\Accrual Estimates\2022\April\Payment #24 - April 2022 - Certificate of Subcontractor.pdf","Payment #24 - April 2022 - Certificate of Subcontractor.pdf","5/2/2022 10:40:15 AM","5/9/2022 8:47:01 AM","181691","Archive"
"F:\Bids and Proposals\Past_Proposals\MTA\1071_Congestion Pricing\TransCore\Invoices\Accrual Estimates\2022\August\Payment #27 - August 2022 - Certificate of Subcontractor.doc","Payment #27 - August 2022 - Certificate of Subcontractor.doc","9/1/2022 8:53:00 PM","9/1/2022 8:53:00 PM","53248","Archive"
"F:\Bids and Proposals\Past_Proposals\MTA\1071_Congestion Pricing\TransCore\Invoices\Accrual Estimates\2022\August\Payment #27 - August 2022 - Certificate of Subcontractor.pdf","Payment #27 - August 2022 - Certificate of Subcontractor.pdf","9/1/2022 8:53:16 PM","9/2/2022 12:37:13 PM","308119","Archive"
"F:\Bids and Proposals\Past_Proposals\MTA\1071_Congestion Pricing\TransCore\Invoices\Accrual Estimates\2022\December\Payment #31 - December 2022 - Certificate of Subcontractor _Notarized.pdf","Payment #31 - December 2022 - Certificate of Subcontractor _Notarized.pdf","1/5/2023 10:10:30 AM","1/5/2023 10:10:30 AM","191376","Archive"
"F:\Bids and Proposals\Past_Proposals\MTA\1071_Congestion Pricing\TransCore\Invoices\Accrual Estimates\2022\December\Payment #31 - December 2022 - Certificate of Subcontractor.doc","Payment #31 - December 2022 - Certificate of Subcontractor.doc","1/4/2023 1:32:00 PM","1/4/2023 1:32:00 PM","53248","Archive"
"F:\Bids and Proposals\Past_Proposals\MTA\1071_Congestion Pricing\TransCore\Invoices\Accrual Estimates\2022\December\Payment #31 - December 2022 - Certificate of Subcontractor.pdf","Payment #31 - December 2022 - Certificate of Subcontractor.pdf","1/4/2023 1:33:48 PM","1/4/2023 1:33:49 PM","263961","Archive"
"F:\Bids and Proposals\Past_Proposals\MTA\1071_Congestion Pricing\TransCore\Invoices\Accrual Estimates\2022\February\Payment #25 - February 2022 - Certificate of Subcontractor.doc","Payment #25 - February 2022 - Certificate of Subcontractor.doc","3/2/2022 4:12:12 PM","3/2/2022 4:14:02 PM","53760","Archive"
"F:\Bids and Proposals\Past_Proposals\MTA\1071_Congestion Pricing\TransCore\Invoices\Accrual Estimates\2022\February\Payment #25 - February 2022 - Certificate of Subcontractor.pdf","Payment #25 - February 2022 - Certificate of Subcontractor.pdf","3/2/2022 4:13:58 PM","3/2/2022 4:27:05 PM","214042","Archive"
"F:\Bids and Proposals\Past_Proposals\MTA\1071_Congestion Pricing\TransCore\Invoices\Accrual Estimates\2022\January\Payment #24 - January 2022 - Certificate of Subcontractor.doc","Payment #24 - January 2022 - Certificate of Subcontractor.doc","2/3/2022 8:55:42 AM","2/3/2022 8:58:57 AM","53248","Archive"
"F:\Bids and Proposals\Past_Proposals\MTA\1071_Congestion Pricing\TransCore\Invoices\Accrual Estimates\2022\January\Payment #24 - January 2022 - Certificate of Subcontractor.pdf","Payment #24 - January 2022 - Certificate of Subcontractor.pdf","2/3/2022 11:01:25 AM","2/3/2022 11:02:49 AM","232285","Archive"
"F:\Bids and Proposals\Past_Proposals\MTA\1071_Congestion Pricing\TransCore\Invoices\Accrual Estimates\2022\July\Payment #26 - July 2022 - Certificate of Subcontractor SM.pdf","Payment #26 - July 2022 - Certificate of Subcontractor SM.pdf","9/1/2022 8:53:00 PM","9/1/2022 8:53:00 PM","143331","Archive"
"F:\Bids and Proposals\Past_Proposals\MTA\1071_Congestion Pricing\TransCore\Invoices\Accrual Estimates\2022\July\Payment #26 - July 2022 - Certificate of Subcontractor.doc","Payment #26 - July 2022 - Certificate of Subcontractor.doc","8/2/2022 9:14:00 AM","8/2/2022 9:14:00 AM","53248","Archive"
"F:\Bids and Proposals\Past_Proposals\MTA\1071_Congestion Pricing\TransCore\Invoices\Accrual Estimates\2022\June\Payment #25 - June 2022 - Certificate of Subcontractor.doc","Payment #25 - June 2022 - Certificate of Subcontractor.doc","7/5/2022 12:38:53 PM","7/5/2022 12:41:16 PM","53760","Archive"
"F:\Bids and Proposals\Past_Proposals\MTA\1071_Congestion Pricing\TransCore\Invoices\Accrual Estimates\2022\June\Payment #25 - June 2022 - Certificate of Subcontractor.pdf","Payment #25 - June 2022 - Certificate of Subcontractor.pdf","7/5/2022 12:41:13 PM","7/5/2022 1:13:56 PM","180710","Archive"
"F:\Bids and Proposals\Past_Proposals\MTA\1071_Congestion Pricing\TransCore\Invoices\Accrual Estimates\2022\March\Payment #24 - March 2022 - Certificate of Subcontractor SM.pdf","Payment #24 - March 2022 - Certificate of Subcontractor SM.pdf","4/1/2022 1:30:56 PM","4/1/2022 1:32:17 PM","180919","Archive"
"F:\Bids and Proposals\Past_Proposals\MTA\1071_Congestion Pricing\TransCore\Invoices\Accrual Estimates\2022\March\Payment #24 - March 2022 - Certificate of Subcontractor.doc","Payment #24 - March 2022 - Certificate of Subcontractor.doc","4/1/2022 10:05:18 AM","4/1/2022 10:08:13 AM","53760","Archive"
"F:\Bids and Proposals\Past_Proposals\MTA\1071_Congestion Pricing\TransCore\Invoices\Accrual Estimates\2022\March\Payment #24 - March 2022 - Certificate of Subcontractor.pdf","Payment #24 - March 2022 - Certificate of Subcontractor.pdf","4/1/2022 10:07:54 AM","4/1/2022 10:07:54 AM","66551","Archive"
"F:\Bids and Proposals\Past_Proposals\MTA\1071_Congestion Pricing\TransCore\Invoices\Accrual Estimates\2022\May\Payment #24 - May 2022 - Certificate of Subcontractor SM.pdf","Payment #24 - May 2022 - Certificate of Subcontractor SM.pdf","6/9/2022 3:10:39 PM","6/9/2022 3:12:15 PM","213594","Archive"
"F:\Bids and Proposals\Past_Proposals\MTA\1071_Congestion Pricing\TransCore\Invoices\Accrual Estimates\2022\May\Payment #24 - May 2022 - Certificate of Subcontractor.doc","Payment #24 - May 2022 - Certificate of Subcontractor.doc","6/2/2022 11:11:48 AM","6/2/2022 11:14:44 AM","53760","Archive"
"F:\Bids and Proposals\Past_Proposals\MTA\1071_Congestion Pricing\TransCore\Invoices\Accrual Estimates\2022\November\Payment #30 - November 2022 - Certificate of Subcontractor SM.pdf","Payment #30 - November 2022 - Certificate of Subcontractor SM.pdf","12/2/2022 8:32:24 AM","12/2/2022 8:33:50 AM","168529","Archive"
"F:\Bids and Proposals\Past_Proposals\MTA\1071_Congestion Pricing\TransCore\Invoices\Accrual Estimates\2022\November\Payment #30 - November 2022 - Certificate of Subcontractor.doc","Payment #30 - November 2022 - Certificate of Subcontractor.doc","12/1/2022 10:58:05 AM","12/1/2022 10:58:00 AM","53248","Archive"
"F:\Bids and Proposals\Past_Proposals\MTA\1071_Congestion Pricing\TransCore\Invoices\Accrual Estimates\2022\November\Payment #30 - November 2022 - Certificate of Subcontractor.pdf","Payment #30 - November 2022 - Certificate of Subcontractor.pdf","12/1/2022 10:58:24 AM","12/1/2022 10:58:41 AM","106433","Archive"
"F:\Bids and Proposals\Past_Proposals\MTA\1071_Congestion Pricing\TransCore\Invoices\Accrual Estimates\2022\October\Payment #29 - October 2022 - Certificate of Subcontractor SM.pdf","Payment #29 - October 2022 - Certificate of Subcontractor SM.pdf","11/28/2022 2:06:06 PM","11/28/2022 2:06:06 PM","165474","Archive"
"F:\Bids and Proposals\Past_Proposals\MTA\1071_Congestion Pricing\TransCore\Invoices\Accrual Estimates\2022\October\Payment #29 - October 2022 - Certificate of Subcontractor.doc","Payment #29 - October 2022 - Certificate of Subcontractor.doc","11/1/2022 11:52:47 AM","11/2/2022 10:55:25 AM","53760","Archive"
"F:\Bids and Proposals\Past_Proposals\MTA\1071_Congestion Pricing\TransCore\Invoices\Accrual Estimates\2022\October\Payment #29 - October 2022 - Certificate of Subcontractor.pdf","Payment #29 - October 2022 - Certificate of Subcontractor.pdf","11/2/2022 10:55:16 AM","11/2/2022 10:55:16 AM","66427","Archive"
"F:\Bids and Proposals\Past_Proposals\MTA\1071_Congestion Pricing\TransCore\Invoices\Accrual Estimates\2022\September\Payment #27 - September 2022 - Certificate of Subcontractor.doc","Payment #27 - September 2022 - Certificate of Subcontractor.doc","10/3/2022 2:06:00 PM","10/3/2022 2:06:00 PM","53248","Archive"
"F:\Bids and Proposals\Past_Proposals\MTA\1071_Congestion Pricing\TransCore\Invoices\Accrual Estimates\2022\September\Payment #27 - September 2022 - Certificate of Subcontractor.pdf","Payment #27 - September 2022 - Certificate of Subcontractor.pdf","10/3/2022 2:07:17 PM","10/3/2022 2:07:17 PM","85192","Archive"
"F:\Bids and Proposals\Past_Proposals\MTA\1071_Congestion Pricing\TransCore\Invoices\Accrual Estimates\2022\September\Payment #28 - September 2022 - Certificate of Subcontractor SM.pdf","Payment #28 - September 2022 - Certificate of Subcontractor SM.pdf","10/3/2022 3:07:00 PM","10/3/2022 3:13:12 PM","173848","Archive"
"F:\Bids and Proposals\Past_Proposals\MTA\1071_Congestion Pricing\TransCore\Invoices\Accrual Estimates\2023\April\Payment #34 - April 2023 - Certificate of Subcontractor SM.pdf","Payment #34 - April 2023 - Certificate of Subcontractor SM.pdf","5/9/2023 8:43:00 AM","5/9/2023 8:46:38 AM","266309","Archive"
"F:\Bids and Proposals\Past_Proposals\MTA\1071_Congestion Pricing\TransCore\Invoices\Accrual Estimates\2023\April\Payment #34 - April 2023 - Certificate of Subcontractor.doc","Payment #34 - April 2023 - Certificate of Subcontractor.doc","5/1/2023 11:27:00 AM","5/1/2023 11:27:00 AM","54272","Archive"
"F:\Bids and Proposals\Past_Proposals\MTA\1071_Congestion Pricing\TransCore\Invoices\Accrual Estimates\2023\April\Payment #34 - April 2023 - Certificate of Subcontractor.pdf","Payment #34 - April 2023 - Certificate of Subcontractor.pdf","5/1/2023 11:27:40 AM","5/1/2023 11:29:05 AM","124675","Archive"
"F:\Bids and Proposals\Past_Proposals\MTA\1071_Congestion Pricing\TransCore\Invoices\Accrual Estimates\2023\August\Payment #38 - August 2023 - Certificate of Subcontractor.doc","Payment #38 - August 2023 - Certificate of Subcontractor.doc","9/5/2023 12:33:00 PM","9/5/2023 12:33:00 PM","54272","Archive"
"F:\Bids and Proposals\Past_Proposals\MTA\1071_Congestion Pricing\TransCore\Invoices\Accrual Estimates\2023\August\Payment #38 - August 2023 - Certificate of Subcontractor.pdf","Payment #38 - August 2023 - Certificate of Subcontractor.pdf","9/11/2023 11:30:00 AM","9/11/2023 11:31:54 AM","300647","Archive"
"F:\Bids and Proposals\Past_Proposals\MTA\1071_Congestion Pricing\TransCore\Invoices\Accrual Estimates\2023\December\Payment #42 - December 2023 - Certificate of Subcontractor SM.pdf","Payment #42 - December 2023 - Certificate of Subcontractor SM.pdf","1/16/2024 12:59:00 PM","1/16/2024 12:59:00 PM","297612","Archive"
"F:\Bids and Proposals\Past_Proposals\MTA\1071_Congestion Pricing\TransCore\Invoices\Accrual Estimates\2023\December\Payment #42 - December 2023 - Certificate of Subcontractor.doc","Payment #42 - December 2023 - Certificate of Subcontractor.doc","1/4/2024 12:51:00 PM","1/4/2024 12:51:00 PM","54272","Archive"
"F:\Bids and Proposals\Past_Proposals\MTA\1071_Congestion Pricing\TransCore\Invoices\Accrual Estimates\2023\December\Payment #42 - December 2023 - Certificate of Subcontractor.pdf","Payment #42 - December 2023 - Certificate of Subcontractor.pdf","1/4/2024 12:52:16 PM","1/16/2024 1:44:14 PM","195998","Archive"
"F:\Bids and Proposals\Past_Proposals\MTA\1071_Congestion Pricing\TransCore\Invoices\Accrual Estimates\2023\February\Payment #33 - February 2023 - Certificate of Subcontractor SM.pdf","Payment #33 - February 2023 - Certificate of Subcontractor SM.pdf","3/8/2023 12:18:00 PM","3/8/2023 12:20:30 PM","264248","Archive"
"F:\Bids and Proposals\Past_Proposals\MTA\1071_Congestion Pricing\TransCore\Invoices\Accrual Estimates\2023\February\Payment #33 - February 2023 - Certificate of Subcontractor.doc","Payment #33 - February 2023 - Certificate of Subcontractor.doc","3/3/2023 3:02:00 PM","3/3/2023 3:02:00 PM","54272","Archive"
"F:\Bids and Proposals\Past_Proposals\MTA\1071_Congestion Pricing\TransCore\Invoices\Accrual Estimates\2023\February\Payment #33 - February 2023 - Certificate of Subcontractor.pdf","Payment #33 - February 2023 - Certificate of Subcontractor.pdf","3/3/2023 3:03:13 PM","3/3/2023 3:04:43 PM","124903","Archive"
"F:\Bids and Proposals\Past_Proposals\MTA\1071_Congestion Pricing\TransCore\Invoices\Accrual Estimates\2023\January\Payment #32 - January 2023 - Certificate of Subcontractor SM.pdf","Payment #32 - January 2023 - Certificate of Subcontractor SM.pdf","2/7/2023 12:59:00 PM","2/7/2023 1:08:27 PM","264446","Archive"
"F:\Bids and Proposals\Past_Proposals\MTA\1071_Congestion Pricing\TransCore\Invoices\Accrual Estimates\2023\January\Payment #32 - January 2023 - Certificate of Subcontractor.doc","Payment #32 - January 2023 - Certificate of Subcontractor.doc","2/1/2023 12:36:00 PM","2/1/2023 12:36:00 PM","53760","Archive"
"F:\Bids and Proposals\Past_Proposals\MTA\1071_Congestion Pricing\TransCore\Invoices\Accrual Estimates\2023\January\Payment #32 - January 2023 - Certificate of Subcontractor.pdf","Payment #32 - January 2023 - Certificate of Subcontractor.pdf","2/1/2023 12:37:20 PM","2/1/2023 12:39:25 PM","124902","Archive"
"F:\Bids and Proposals\Past_Proposals\MTA\1071_Congestion Pricing\TransCore\Invoices\Accrual Estimates\2023\July\Payment #37 - July 2023 - Certificate of Subcontractor.doc","Payment #37 - July 2023 - Certificate of Subcontractor.doc","8/4/2023 9:48:38 AM","8/4/2023 9:48:38 AM","54272","Archive"
"F:\Bids and Proposals\Past_Proposals\MTA\1071_Congestion Pricing\TransCore\Invoices\Accrual Estimates\2023\July\Payment #37 - July 2023 - Certificate of Subcontractor.pdf","Payment #37 - July 2023 - Certificate of Subcontractor.pdf","8/4/2023 1:24:00 PM","8/4/2023 1:33:02 PM","332603","Archive"
"F:\Bids and Proposals\Past_Proposals\MTA\1071_Congestion Pricing\TransCore\Invoices\Accrual Estimates\2023\June\Payment #36 - June 2023 - Certificate of Subcontractor S M.pdf","Payment #36 - June 2023 - Certificate of Subcontractor S M.pdf","7/10/2023 3:11:00 PM","7/10/2023 3:20:56 PM","195637","Archive"
"F:\Bids and Proposals\Past_Proposals\MTA\1071_Congestion Pricing\TransCore\Invoices\Accrual Estimates\2023\June\Payment #36 - June 2023 - Certificate of Subcontractor.doc","Payment #36 - June 2023 - Certificate of Subcontractor.doc","7/6/2023 11:56:00 AM","7/6/2023 11:56:00 AM","54272","Archive"
"F:\Bids and Proposals\Past_Proposals\MTA\1071_Congestion Pricing\TransCore\Invoices\Accrual Estimates\2023\June\Payment #36 - June 2023 - Certificate of Subcontractor.pdf","Payment #36 - June 2023 - Certificate of Subcontractor.pdf","7/6/2023 12:24:07 PM","7/6/2023 12:26:05 PM","165308","Archive"
"F:\Bids and Proposals\Past_Proposals\MTA\1071_Congestion Pricing\TransCore\Invoices\Accrual Estimates\2023\March\Payment #33 - March 2023 - Certificate of Subcontractor SM.pdf","Payment #33 - March 2023 - Certificate of Subcontractor SM.pdf","4/5/2023 8:52:00 AM","4/5/2023 8:57:31 AM","252649","Archive"
"F:\Bids and Proposals\Past_Proposals\MTA\1071_Congestion Pricing\TransCore\Invoices\Accrual Estimates\2023\March\Payment #33 - March 2023 - Certificate of Subcontractor.doc","Payment #33 - March 2023 - Certificate of Subcontractor.doc","4/4/2023 7:09:00 AM","4/4/2023 7:09:00 AM","54272","Archive"
"F:\Bids and Proposals\Past_Proposals\MTA\1071_Congestion Pricing\TransCore\Invoices\Accrual Estimates\2023\March\Payment #33 - March 2023 - Certificate of Subcontractor.pdf","Payment #33 - March 2023 - Certificate of Subcontractor.pdf","4/4/2023 7:09:57 AM","4/4/2023 7:15:29 AM","263406","Archive"
"F:\Bids and Proposals\Past_Proposals\MTA\1071_Congestion Pricing\TransCore\Invoices\Accrual Estimates\2023\May\Payment #35- May 2023 - Certificate of Subcontractor SM.pdf","Payment #35- May 2023 - Certificate of Subcontractor SM.pdf","6/12/2023 10:39:00 AM","6/12/2023 11:48:54 AM","286744","Archive"
"F:\Bids and Proposals\Past_Proposals\MTA\1071_Congestion Pricing\TransCore\Invoices\Accrual Estimates\2023\May\Payment #35- May 2023 - Certificate of Subcontractor.pdf","Payment #35- May 2023 - Certificate of Subcontractor.pdf","6/2/2023 1:37:54 PM","6/2/2023 1:48:59 PM","125217","Archive"
"F:\Bids and Proposals\Past_Proposals\MTA\1071_Congestion Pricing\TransCore\Invoices\Accrual Estimates\2023\November\Payment #41 - November 2023 - Certificate of Subcontractor.doc","Payment #41 - November 2023 - Certificate of Subcontractor.doc","12/1/2023 12:16:00 PM","12/1/2023 12:16:00 PM","54272","Archive"
"F:\Bids and Proposals\Past_Proposals\MTA\1071_Congestion Pricing\TransCore\Invoices\Accrual Estimates\2023\November\Payment #41 - November 2023 - Certificate of Subcontractor.pdf","Payment #41 - November 2023 - Certificate of Subcontractor.pdf","12/4/2023 2:31:00 PM","12/4/2023 2:32:40 PM","310314","Archive"
"F:\Bids and Proposals\Past_Proposals\MTA\1071_Congestion Pricing\TransCore\Invoices\Accrual Estimates\2023\October\Payment #40 - October 2023 - Certificate of Subcontractor.doc","Payment #40 - October 2023 - Certificate of Subcontractor.doc","11/3/2023 11:29:00 AM","11/3/2023 11:29:00 AM","54272","Archive"
"F:\Bids and Proposals\Past_Proposals\MTA\1071_Congestion Pricing\TransCore\Invoices\Accrual Estimates\2023\October\Payment #40 - October 2023 - Certificate of Subcontractor.pdf","Payment #40 - October 2023 - Certificate of Subcontractor.pdf","11/14/2023 1:14:00 PM","11/14/2023 1:29:22 PM","410446","Archive"
"F:\Bids and Proposals\Past_Proposals\MTA\1071_Congestion Pricing\TransCore\Invoices\Accrual Estimates\2023\September\Payment #39 - September 2023 - Certificate of Subcontractor.doc","Payment #39 - September 2023 - Certificate of Subcontractor.doc","10/5/2023 2:51:36 PM","10/5/2023 2:51:37 PM","54272","Archive"
"F:\Bids and Proposals\Past_Proposals\MTA\1071_Congestion Pricing\TransCore\Invoices\Accrual Estimates\2023\September\Payment #39 - September 2023 - Certificate of Subcontractor.pdf","Payment #39 - September 2023 - Certificate of Subcontractor.pdf","10/5/2023 2:51:51 PM","10/5/2023 2:54:27 PM","125262","Archive"
"F:\Bids and Proposals\Past_Proposals\MTA\1071_Congestion Pricing\TransCore\Invoices\Accrual Estimates\2023\September\Payment #39 - September 2023 - Certificate of Subcontractor_pdf.pdf","Payment #39 - September 2023 - Certificate of Subcontractor_pdf.pdf","10/10/2023 10:09:00 AM","10/10/2023 10:26:18 AM","266099","Archive"
"F:\Bids and Proposals\Past_Proposals\MTA\1071_Congestion Pricing\TransCore\Invoices\Accrual Estimates\2024\Payment #34 - January 2024 - Certificate of Subcontractor - KLD.pdf","Payment #34 - January 2024 - Certificate of Subcontractor - KLD.pdf","2/20/2024 10:21:00 AM","2/20/2024 10:23:20 AM","217039","Archive"
"F:\Bids and Proposals\Past_Proposals\MTA\1071_Congestion Pricing\TransCore\Invoices\Accrual Estimates\2024\Payment #43 - January 2024 - Certificate of Subcontractor SM.pdf","Payment #43 - January 2024 - Certificate of Subcontractor SM.pdf","2/20/2024 10:01:09 AM","2/20/2024 10:10:22 AM","187199","Archive"
"F:\Bids and Proposals\Past_Proposals\MTA\1071_Congestion Pricing\TransCore\Invoices\Accrual Estimates\2024\Payment #43 - January 2024 - Certificate of Subcontractor.doc","Payment #43 - January 2024 - Certificate of Subcontractor.doc","2/2/2024 11:55:48 AM","1/4/2024 12:51:00 PM","54272","Archive"
"F:\Bids and Proposals\Past_Proposals\MTA\1071_Congestion Pricing\TransCore\Invoices\Accrual Estimates\2024\Payment #43 - January 2024 - Certificate of Subcontractor.pdf","Payment #43 - January 2024 - Certificate of Subcontractor.pdf","2/2/2024 11:57:52 AM","2/2/2024 12:00:16 PM","266890","Archive"
"F:\Bids and Proposals\Past_Proposals\MTA\1071_Congestion Pricing\TransCore\Invoices\Accrual Estimates\2024\Payment #44 - February 2024 - Certificate of Subcontractor.pdf","Payment #44 - February 2024 - Certificate of Subcontractor.pdf","3/5/2024 1:04:00 PM","3/5/2024 1:15:01 PM","576669","Archive"
"F:\Bids and Proposals\Past_Proposals\MTA\1071_Congestion Pricing\TransCore\Invoices\Accrual Estimates\2024\Payment #45 - March 2024 - Certificate of Subcontractor SM.pdf","Payment #45 - March 2024 - Certificate of Subcontractor SM.pdf","4/19/2024 3:38:00 PM","4/19/2024 3:40:18 PM","532228","Archive"
"F:\Bids and Proposals\Past_Proposals\MTA\1071_Congestion Pricing\TransCore\Invoices\Accrual Estimates\2024\Payment #45 - March 2024 - Certificate of Subcontractor.doc","Payment #45 - March 2024 - Certificate of Subcontractor.doc","4/1/2024 1:46:00 PM","4/1/2024 1:46:00 PM","53248","Archive"
"F:\Bids and Proposals\Past_Proposals\MTA\1071_Congestion Pricing\TransCore\Invoices\Accrual Estimates\2024\Payment #45 - March 2024 - Certificate of Subcontractor.pdf","Payment #45 - March 2024 - Certificate of Subcontractor.pdf","4/1/2024 1:47:01 PM","4/1/2024 1:48:16 PM","253047","Archive"
"F:\Bids and Proposals\Past_Proposals\MTA\1071_Congestion Pricing\TransCore\Invoices\Accrual Estimates\2024\Payment #46 - April 2024 - Certificate of Subcontractor SM.pdf","Payment #46 - April 2024 - Certificate of Subcontractor SM.pdf","5/3/2024 11:01:00 AM","5/3/2024 11:04:08 AM","788240","Archive"
"F:\Bids and Proposals\Past_Proposals\MTA\1071_Congestion Pricing\TransCore\Invoices\Accrual Estimates\2024\Payment #46 - April 2024 - Certificate of Subcontractor.doc","Payment #46 - April 2024 - Certificate of Subcontractor.doc","5/2/2024 3:09:23 PM","5/2/2024 3:09:24 PM","53248","Archive"
"F:\Bids and Proposals\Past_Proposals\MTA\1071_Congestion Pricing\TransCore\Invoices\Accrual Estimates\2024\Payment #46 - April 2024 - Certificate of Subcontractor.pdf","Payment #46 - April 2024 - Certificate of Subcontractor.pdf","5/2/2024 3:09:32 PM","5/2/2024 3:11:40 PM","73201","Archive"
"F:\Bids and Proposals\Past_Proposals\MTA\1071_Congestion Pricing\TransCore\Invoices\Accrual Estimates\2024\Payment #47 - May 2024 - Certificate of Subcontractor SM.pdf","Payment #47 - May 2024 - Certificate of Subcontractor SM.pdf","6/20/2024 12:22:00 PM","6/20/2024 12:22:00 PM","266915","Archive"
"F:\Bids and Proposals\Past_Proposals\MTA\1071_Congestion Pricing\TransCore\Invoices\Accrual Estimates\2024\Payment #47 - May 2024 - Certificate of Subcontractor.doc","Payment #47 - May 2024 - Certificate of Subcontractor.doc","6/19/2024 8:40:00 AM","6/19/2024 8:40:00 AM","53248","Archive"
"F:\Bids and Proposals\Past_Proposals\MTA\1071_Congestion Pricing\TransCore\Invoices\Accrual Estimates\2024\Payment #47 - May 2024 - Certificate of Subcontractor.pdf","Payment #47 - May 2024 - Certificate of Subcontractor.pdf","6/19/2024 8:51:21 AM","6/20/2024 12:36:47 PM","253252","Archive"
"F:\Bids and Proposals\Past_Proposals\MTA\1071_Congestion Pricing\TransCore\RFP Documents\Appendix I - Subcontractor SM v2 Signed Notarized.pdf","Appendix I - Subcontractor SM v2 Signed Notarized.pdf","8/22/2019 11:05:52 AM","8/22/2019 11:05:53 AM","217482","Archive"
"F:\Bids and Proposals\Past_Proposals\MTA\1071_Congestion Pricing\TransCore\RFP Documents\Appendix I - Subcontractor SM v2 Signed.pdf","Appendix I - Subcontractor SM v2 Signed.pdf","8/22/2019 7:18:39 AM","8/22/2019 7:18:39 AM","277193","Archive"
"F:\Bids and Proposals\Past_Proposals\MTA\1071_Congestion Pricing\TransCore\RFP Documents\Appendix I - Subcontractor SM v2.docx","Appendix I - Subcontractor SM v2.docx","8/22/2019 5:50:53 AM","8/22/2019 7:05:16 AM","122089","Archive"
"F:\Bids and Proposals\Past_Proposals\MTA\1071_Congestion Pricing\TransCore\RFP Documents\Appendix I - Subcontractor SM v2.pdf","Appendix I - Subcontractor SM v2.pdf","8/22/2019 7:04:47 AM","8/22/2019 7:04:47 AM","222567","Archive"
"F:\Bids and Proposals\Past_Proposals\MTA\1071_Congestion Pricing\TransCore\RFP Documents\Appendix I - Subcontractor.docx","Appendix I - Subcontractor.docx","7/11/2019 12:30:00 PM","7/22/2019 3:36:44 PM","85354","Archive"
"F:\Bids and Proposals\Past_Proposals\MTA\1071_Congestion Pricing\TransCore\RFP Documents\Appendix K - Contractor Responsibility Form Additional Answers v1.docx","Appendix K - Contractor Responsibility Form Additional Answers v1.docx","8/22/2019 6:40:58 AM","8/22/2019 6:40:58 AM","13692","Archive"
"F:\Bids and Proposals\Past_Proposals\MTA\1071_Congestion Pricing\TransCore\RFP Documents\Appendix K - Contractor Responsibility Form v1 Signed Notarized.pdf","Appendix K - Contractor Responsibility Form v1 Signed Notarized.pdf","8/22/2019 1:32:23 PM","8/22/2019 1:32:23 PM","572418","Archive"
"F:\Bids and Proposals\Past_Proposals\MTA\1071_Congestion Pricing\TransCore\RFP Documents\Appendix K - Contractor Responsibility Form v1.docx","Appendix K - Contractor Responsibility Form v1.docx","8/22/2019 6:59:31 AM","8/22/2019 12:28:46 PM","88107","Archive"
"F:\Bids and Proposals\Past_Proposals\MTA\1071_Congestion Pricing\TransCore\RFP Documents\NEW\Exhibits_NEW\Exhibit 06 - Existing Record Data\NYCDOT Bridge Structures\2-24004 Queensboro Bridge over East River\2013 HBCR01C Contract Drawings (BIN 2-24004-H) FIN v1 05-31-19.pdf","2013 HBCR01C Contract Drawings (BIN 2-24004-H) FIN v1 05-31-19.pdf","7/16/2019 2:18:16 PM","7/15/2019 11:18:00 PM","559664","Archive"
"F:\Bids and Proposals\Past_Proposals\MTA\1071_Congestion Pricing\TransCore\RFP Documents\NEW\RFP Documents\Appendix F - Asbestos Contractor.docx","Appendix F - Asbestos Contractor.docx","7/13/2019 7:09:48 AM","7/11/2019 12:30:00 PM","101786","Archive"
"F:\Bids and Proposals\Past_Proposals\MTA\1071_Congestion Pricing\TransCore\RFP Documents\NEW\RFP Documents\Appendix G - Lead Subcontractor.docx","Appendix G - Lead Subcontractor.docx","7/13/2019 7:09:48 AM","7/11/2019 12:30:00 PM","101077","Archive"
"F:\Bids and Proposals\Past_Proposals\MTA\1071_Congestion Pricing\TransCore\RFP Documents\NEW\RFP Documents\Appendix H - Hazardous Waste Subcontractor.docx","Appendix H - Hazardous Waste Subcontractor.docx","7/13/2019 7:09:48 AM","7/11/2019 12:30:00 PM","98711","Archive"
"F:\Bids and Proposals\Past_Proposals\MTA\1071_Congestion Pricing\TransCore\RFP Documents\NEW\RFP Documents\Appendix I - Subcontractor.docx","Appendix I - Subcontractor.docx","7/13/2019 7:09:48 AM","7/11/2019 12:30:00 PM","99124","Archive"
"F:\Bids and Proposals\Past_Proposals\MTA\1071_Congestion Pricing\TransCore\RFP Documents\NEW\RFP Documents\Appendix K - Contractor Responsibility Form.docx","Appendix K - Contractor Responsibility Form.docx","7/13/2019 7:09:48 AM","7/11/2019 12:30:00 PM","56724","Archive"
"F:\Bids and Proposals\Past_Proposals\MTA\1071_Congestion Pricing\TransCore\RFP Documents\Old\Appendix I - Subcontractor SM v1.docx","Appendix I - Subcontractor SM v1.docx","8/21/2019 1:45:08 PM","8/21/2019 1:45:09 PM","111320","Archive"
"F:\Bids and Proposals\Past_Proposals\MTA\1071_Congestion Pricing\TransCore\RFP Documents\Old\Appendix I - Subcontractor SM.docx","Appendix I - Subcontractor SM.docx","8/20/2019 12:35:41 PM","8/21/2019 8:42:28 AM","96108","Archive"
"F:\Bids and Proposals\Past_Proposals\MTA\1071_Congestion Pricing\TransCore\RFP Documents\Old\Appendix K - Contractor Responsibility Form Additional Answers.docx","Appendix K - Contractor Responsibility Form Additional Answers.docx","7/22/2019 3:21:15 PM","7/22/2019 3:22:36 PM","13246","Archive"
"F:\Bids and Proposals\Past_Proposals\MTA\1071_Congestion Pricing\TransCore\RFP Documents\Old\Appendix K - Contractor Responsibility Form.docx","Appendix K - Contractor Responsibility Form.docx","7/11/2019 12:30:00 PM","7/22/2019 3:34:35 PM","62119","Archive"
"F:\Bids and Proposals\Past_Proposals\MTA\1071_Congestion Pricing\TransCore\RFP Documents\Old\RFP Documents\Appendix I - Subcontractor.docx","Appendix I - Subcontractor.docx","8/20/2019 2:27:22 PM","8/20/2019 2:27:22 PM","97090","Archive"
"F:\Bids and Proposals\Past_Proposals\MTA\1071_Congestion Pricing\TransCore\RFP Documents\Old\RFP Documents\Exhibits\Exhibit 06 - Existing Record Data\NYCDOT Bridge Structures\2-24004 Queensboro Bridge over East River\2013 HBCR01C Contract Drawings (BIN 2-24004-H) FIN v1 05-31-19.pdf","2013 HBCR01C Contract Drawings (BIN 2-24004-H) FIN v1 05-31-19.pdf","7/3/2019 10:09:45 AM","7/3/2019 1:53:00 PM","559664","Archive"
"F:\Bids and Proposals\Past_Proposals\MTA\MNR_GCT_ParkAveTunnel_RFP\Arup\Contract","Contract","11/2/2023 2:07:01 PM","2/1/2024 5:17:30 PM",,"Directory"
"F:\Bids and Proposals\Past_Proposals\MTA\MNR_GCT_ParkAveTunnel_RFP\Arup\Contract Close out Audit","Contract Close out Audit","4/12/2025 9:19:04 AM","7/25/2025 12:43:55 PM",,"Directory"
"F:\Bids and Proposals\Past_Proposals\MTA\MNR_GCT_ParkAveTunnel_RFP\Arup\NDA for GCT Trainshed PAT Safety Study ARUP Contract No. 1000129525.pdf","NDA for GCT Trainshed PAT Safety Study ARUP Contract No. 1000129525.pdf","9/7/2021 8:46:30 PM","9/7/2021 8:46:31 PM","201491","Archive"
"F:\Bids and Proposals\Past_Proposals\MTA\MNR_GCT_ParkAveTunnel_RFP\Arup\Pages from NDA for GCT Trainshed_PAT Safety Study_ARUP Contract No. 1000129525_7.28.21FinalRL 003).pdf","Pages from NDA for GCT Trainshed_PAT Safety Study_ARUP Contract No. 1000129525_7.28.21FinalRL 003).pdf","9/7/2021 5:01:30 PM","9/7/2021 5:03:18 PM","237864","Archive"
"F:\Bids and Proposals\Past_Proposals\MTA\MNR_GCT_ParkAveTunnel_RFP\Arup\Post Award\RE_ Contract 1000129525 Grand Central Terminal and Park Avenue Tunnel Life Study.msg","RE_ Contract 1000129525 Grand Central Terminal and Park Avenue Tunnel Life Study.msg","9/9/2021 2:44:17 PM","9/9/2021 2:44:17 PM","793088","Archive"
"F:\Bids and Proposals\Past_Proposals\MTA\MNR_GCT_TrainShed_Sector1\NDA\Pages from NDA for GCT Trainshed_PAT Safety Study_ARUP Contract No. 1000129525_7.28.21FinalRL 003_ST.pdf","Pages from NDA for GCT Trainshed_PAT Safety Study_ARUP Contract No. 1000129525_7.28.21FinalRL 003_ST.pdf","9/9/2021 2:54:00 PM","9/9/2021 2:55:05 PM","212633","Archive"
"F:\Bids and Proposals\Past_Proposals\MTA\MTA Planning ESA\AECOM\Contract No. 16213 - Transportation Planning Rates_2026 (2).xlsx","Contract No. 16213 - Transportation Planning Rates_2026 (2).xlsx","1/12/2026 9:31:56 PM","1/12/2026 9:31:57 PM","22893","Archive"
"F:\Bids and Proposals\Past_Proposals\MTA\MTA Planning ESA\AECOM\Contract No. 16213 - Transportation Planning Rates_2026 KLD.xlsx","Contract No. 16213 - Transportation Planning Rates_2026 KLD.xlsx","1/12/2026 9:40:29 PM","1/13/2026 10:56:56 AM","23629","Archive"
"F:\Bids and Proposals\Past_Proposals\MTA\MTA Planning ESA\AECOM\sent\Contract No. 16213 - Transportation Planning Rates_2026 KLD.xlsx","Contract No. 16213 - Transportation Planning Rates_2026 KLD.xlsx","1/13/2026 10:58:14 AM","1/13/2026 10:56:56 AM","23629","Archive"
"F:\Bids and Proposals\Past_Proposals\MTA\MTA Planning ESA\HDR\Contract No. 15553 - Transportation Planning Rates_FINAL - 01.07.26_KLD_v1.xlsx","Contract No. 15553 - Transportation Planning Rates_FINAL - 01.07.26_KLD_v1.xlsx","1/7/2026 6:17:27 PM","1/7/2026 5:18:20 PM","16043","Archive"
"F:\Bids and Proposals\Past_Proposals\MTA\MTA Planning ESA\HDR\Contract No. 15553 - Transportation Planning Rates_FINAL - 12.26.25.xlsx","Contract No. 15553 - Transportation Planning Rates_FINAL - 12.26.25.xlsx","1/7/2026 6:13:35 PM","1/7/2026 6:13:36 PM","15028","Archive"
"F:\Bids and Proposals\Past_Proposals\MTA\MTA Planning ESA\HDR\sent\Contract No. 15553 - Transportation Planning Rates_FINAL - 01.07.26_KLD_v1.xlsx","Contract No. 15553 - Transportation Planning Rates_FINAL - 01.07.26_KLD_v1.xlsx","1/7/2026 6:21:56 PM","1/7/2026 5:18:20 PM","16043","Archive"
"F:\Bids and Proposals\Past_Proposals\MTA\MTA Planning ESA\HH\Contract No. 15553 - Transportation Planning Rates_FINAL - 01.07.26_KLD_v1.xlsx","Contract No. 15553 - Transportation Planning Rates_FINAL - 01.07.26_KLD_v1.xlsx","1/7/2026 4:46:52 PM","1/7/2026 5:18:20 PM","16043","Archive"
"F:\Bids and Proposals\Past_Proposals\MTA\MTA Planning ESA\HH\Contract No. 15553 - Transportation Planning Rates_FINAL - 12.26.25.xlsx","Contract No. 15553 - Transportation Planning Rates_FINAL - 12.26.25.xlsx","1/3/2026 3:39:34 PM","1/3/2026 3:39:35 PM","15028","Archive"
"F:\Bids and Proposals\Past_Proposals\MTA\MTA Planning ESA\HH\Contract No. 15553 - Transportation Planning Rates_FINAL - 12.26.25_DRAFT KLD SM.xlsx","Contract No. 15553 - Transportation Planning Rates_FINAL - 12.26.25_DRAFT KLD SM.xlsx","1/5/2026 6:16:19 AM","1/5/2026 7:54:07 PM","15805","Archive"
"F:\Bids and Proposals\Past_Proposals\MTA\MTA Planning ESA\HH\Contract No. 15553 - Transportation Planning Rates_FINAL - 12.26.25_DRAFT KLD.xlsx","Contract No. 15553 - Transportation Planning Rates_FINAL - 12.26.25_DRAFT KLD.xlsx","1/3/2026 5:13:08 PM","1/3/2026 5:39:47 PM","16693","Archive"
"F:\Bids and Proposals\Past_Proposals\MTA\MTA Planning ESA\HH\Sent\Contract No. 15553 - Transportation Planning Rates_FINAL - 01.06.26_KLD.xlsx","Contract No. 15553 - Transportation Planning Rates_FINAL - 01.06.26_KLD.xlsx","1/6/2026 12:28:23 PM","1/5/2026 7:54:07 PM","15805","Archive"
"F:\Bids and Proposals\Past_Proposals\MTA\MTA Planning ESA\HH\Sent\Contract No. 15553 - Transportation Planning Rates_FINAL - 01.07.26_KLD_v1.xlsx","Contract No. 15553 - Transportation Planning Rates_FINAL - 01.07.26_KLD_v1.xlsx","1/7/2026 5:18:48 PM","1/7/2026 5:18:20 PM","16043","Archive"
"F:\Bids and Proposals\Past_Proposals\MTA\MTA Planning ESA\HH\Sent\Contract No. 15553 - Transportation Planning Rates_FINAL KLD_submittedbyHH.pdf","Contract No. 15553 - Transportation Planning Rates_FINAL KLD_submittedbyHH.pdf","1/15/2026 4:56:55 PM","1/15/2026 4:56:56 PM","76494","Archive"
"F:\Bids and Proposals\Past_Proposals\MTA\MTA_AECOM_2011\KLD Project Descriptions Rev0.docx","KLD Project Descriptions Rev0.docx","3/26/2011 12:55:00 PM","3/15/2011 3:18:25 PM","9584601","Archive"
"F:\Bids and Proposals\Past_Proposals\MTA\MTA_C&D_IDIQ_March 2026\HNTB\Submitted\MTA_Design Contract.docx","MTA_Design Contract.docx","3/31/2026 7:34:42 PM","3/31/2026 8:06:19 PM","474750","Archive"
"F:\Bids and Proposals\Past_Proposals\MTA\MTA_C&D_IDIQ_March 2026\WSP\Sent\MTA_Design Contract.docx","MTA_Design Contract.docx","4/22/2026 9:11:49 AM","3/31/2026 8:06:19 PM","474750","Archive"
"F:\Bids and Proposals\Past_Proposals\MTA\MTA_EnvOnCall_HDR\Jamaica Bus Terminal\D-81658-60-62 State contract Series RFP# 2 Addendum.pdf","D-81658-60-62 State contract Series RFP# 2 Addendum.pdf","2/19/2023 11:16:28 PM","2/19/2023 11:16:28 PM","246956","Archive"
"F:\Bids and Proposals\Past_Proposals\MTA\MTA_ITS_DesignContract_HDR\HDR\Contract Closeout Audit","Contract Closeout Audit","7/24/2025 8:33:41 AM","7/25/2025 12:10:40 PM",,"Directory"
"F:\Bids and Proposals\Past_Proposals\MTA\MTA_ITS_DesignContract_HDR\HDR\180413.Master Contract pages with KLD Salary Rate Schedule.pdf","180413.Master Contract pages with KLD Salary Rate Schedule.pdf","4/17/2018 6:17:44 PM","4/17/2018 6:17:44 PM","149200","Archive"
"F:\Bids and Proposals\Past_Proposals\MTA\MTA_ITS_DesignContract_HDR\HDR\Contract Closeout Audit\SCA.KLD.Att-A.1-Master Contract.pdf","SCA.KLD.Att-A.1-Master Contract.pdf","7/24/2025 9:46:08 AM","9/24/2021 7:05:17 PM","19046932","Archive"
"F:\Bids and Proposals\Past_Proposals\MTA\MTA_ITS_DesignContract_HDR\HDR\Emails\RE  MTA B&T PSC-15-2980 Contract Negotiations.msg","RE  MTA B&T PSC-15-2980 Contract Negotiations.msg","7/7/2016 10:17:37 AM","7/7/2016 10:51:48 AM","152576","Archive"
"F:\Bids and Proposals\Past_Proposals\MTA\MTA_ITS_DesignContract_HDR\HDR\Invoices\WO2 Invoices- Job Codes 995 and 1003\Invoice 13\V1\RE KLD Invoice #12Contract Agreement#PSC-15-2980B.msg","RE KLD Invoice #12Contract Agreement#PSC-15-2980B.msg","12/13/2019 5:12:12 PM","12/13/2019 5:12:12 PM","89600","Archive"
"F:\Bids and Proposals\Past_Proposals\MTA\MTA_ITS_DesignContract_HDR\HDR\task orders\RE MTA BT ITS On Call old contract - reallocate WO23 budget.xlsx (13.8 KB).msg","RE MTA BT ITS On Call old contract - reallocate WO23 budget.xlsx (13.8 KB).msg","9/7/2021 10:49:15 AM","9/7/2021 10:49:16 AM","43008","Archive"
"F:\Bids and Proposals\Past_Proposals\MTA\MTA_ITS_DesignContract_HDR\HDR\task orders\Work Order 2\companion v1_IFcontract rates.xlsx","companion v1_IFcontract rates.xlsx","10/13/2016 2:08:46 PM","10/21/2016 3:09:21 PM","712256","Archive"
"F:\Bids and Proposals\Past_Proposals\MTA\MTA_ITS_DesignContract_HDR\HDR\task orders\Work Order 3\SCA.KLD.Att-A.1-Master Contract.pdf","SCA.KLD.Att-A.1-Master Contract.pdf","9/24/2021 7:05:12 PM","9/24/2021 7:05:17 PM","19046932","Archive"
"F:\Bids and Proposals\Past_Proposals\MTA\MTA_ITS_Design_2019\HDR Team\Notice to Contractors re Executive Order 74.pdf","Notice to Contractors re Executive Order 74.pdf","9/6/2021 1:26:02 PM","9/6/2021 1:26:07 PM","188621","Archive"
"F:\Bids and Proposals\Past_Proposals\MTA\MTA_ITS_Design_2019\HDR Team\For Submittal\Sent\TS-6 Contractor Responsibility Form_v1.pdf","TS-6 Contractor Responsibility Form_v1.pdf","9/13/2019 1:40:43 PM","9/13/2019 12:44:39 PM","810928","Archive"
"F:\Bids and Proposals\Past_Proposals\MTA\MTA_ITS_Design_2019\TransCore Team\From TransCore\TS-5 General Position Description.pdf","TS-5 General Position Description.pdf","9/9/2019 8:50:36 AM","9/9/2019 8:50:36 AM","49380","Archive"
"F:\Bids and Proposals\Past_Proposals\MTA\MTA_ITS_Design_2019\TransCore Team\From TransCore\For Submittal\Archive\TS-6 Contractor Responsibility Form.pdf","TS-6 Contractor Responsibility Form.pdf","9/9/2019 2:01:15 PM","9/11/2019 11:39:39 AM","1554574","Archive"
"F:\Bids and Proposals\Past_Proposals\MTA\MTA_ITS_Design_2019\TransCore Team\From TransCore\For Submittal\Sent\TS-6 Contractor Responsibility Form_v1.pdf","TS-6 Contractor Responsibility Form_v1.pdf","9/12/2019 3:03:51 PM","9/13/2019 12:44:39 PM","810928","Archive"
"F:\Bids and Proposals\Past_Proposals\MTA\MTA_ITS_Design_2019\TransCore Team\From TransCore\For Submittal\Sent\Archive\180413.Master Contract pages with KLD Salary Rate Schedule.pdf","180413.Master Contract pages with KLD Salary Rate Schedule.pdf","10/16/2019 7:07:02 AM","9/13/2019 9:47:33 AM","149200","Archive"
"F:\Bids and Proposals\Past_Proposals\MTA\MTA_MLJ_QueensboroBridge\Contract Drawings.pdf","Contract Drawings.pdf","4/4/2022 1:32:00 PM","4/4/2022 1:32:00 PM","3861397","Archive"
"F:\Bids and Proposals\Past_Proposals\MTA\MTA_NYCT\SI BRT w AKRF\For Proposal\Intent to Perform as Subcontractor Form.pdf","Intent to Perform as Subcontractor Form.pdf","3/12/2018 2:35:05 PM","3/12/2018 2:35:05 PM","24363","Archive"
"F:\Bids and Proposals\Past_Proposals\MTA\MTA_NYCT\SI BRT w AKRF\For Proposal\Sent\Intent to Perform as Subcontractor Form_signed (2).pdf","Intent to Perform as Subcontractor Form_signed (2).pdf","3/12/2018 3:24:21 PM","3/12/2018 3:24:21 PM","31989","Archive"
"F:\Bids and Proposals\Past_Proposals\MTA\MTA_SSE_Bus_Terminal_Design\contracts","contracts","11/2/2023 2:08:16 PM","11/14/2023 3:23:30 PM",,"Directory"
"F:\Bids and Proposals\Past_Proposals\MTA\MTA_SSE_Bus_Terminal_Design\contracts\Prime Contract (selected sections).pdf","Prime Contract (selected sections).pdf","10/13/2023 9:29:00 AM","10/13/2023 9:29:00 AM","6159216","Archive"
"F:\Bids and Proposals\Past_Proposals\MTA\MTA_SSE_NYCDOT_TremontAve\Sub-agreement\Prime Contract (selected sections).pdf","Prime Contract (selected sections).pdf","7/5/2023 12:47:28 PM","7/5/2023 12:47:32 PM","6159216","Archive"
"F:\Bids and Proposals\Past_Proposals\MTA\MTA_Stantec_2015\References\Railroad-Highway Grade Crossing HB_007\Crossing Evaluation ReportSample.pdf","Crossing Evaluation ReportSample.pdf","11/14/2015 5:12:35 PM","11/14/2015 5:12:36 PM","162653","Archive"
"F:\Bids and Proposals\Past_Proposals\MTA\MTA_Stantec_2015\References\Railroad-Highway Grade Crossing HB_007\Crossing Evaluation ReportSample2.pdf","Crossing Evaluation ReportSample2.pdf","11/14/2015 5:14:43 PM","11/14/2015 5:14:44 PM","607625","Archive"
"F:\Bids and Proposals\Past_Proposals\MTA\MTA_Stantec_2015\References\Railroad-Highway Grade Crossing HB_007\Sample Questionaire of Diagnostic Team Evaluation.docx","Sample Questionaire of Diagnostic Team Evaluation.docx","11/14/2015 2:03:05 PM","11/14/2015 2:03:39 PM","15048","Archive"
"F:\Bids and Proposals\Past_Proposals\MTA\MTA_Thornton_Verrazzano Narrows\VN-80 PSC-19-3034 RFP\RFP Documents\Intent to Perform as a Subcontractor.pdf","Intent to Perform as a Subcontractor.pdf","10/8/2019 1:46:16 PM","10/8/2019 2:04:04 PM","162190","Archive"
"F:\Bids and Proposals\Past_Proposals\MTA\MTA_Transportation_Planning\HDR\Appendix C - Insurance Guidelines for Contractors.pdf","Appendix C - Insurance Guidelines for Contractors.pdf","4/22/2020 9:14:06 AM","5/4/2020 12:03:16 PM","1258964","Archive"
"F:\Bids and Proposals\Past_Proposals\MTA\MTA_Transportation_Planning\HDR\Attachment B - Contractor Responsibilty Data..pdf","Attachment B - Contractor Responsibilty Data..pdf","4/21/2020 7:25:08 PM","5/4/2020 12:03:18 PM","131451","Archive"
"F:\Bids and Proposals\Past_Proposals\MTA\MTA_Transportation_Planning\HDR\RFP Docs\Archive\8. Attachment B - Contractor Responsibilty Data..pdf","8. Attachment B - Contractor Responsibilty Data..pdf","5/27/2020 4:57:38 PM","5/27/2020 7:15:03 PM","1332020","Archive"
"F:\Bids and Proposals\Past_Proposals\MTA\MTA_Transportation_Planning\HDR\RFP Docs\Archive\8. Attachment B - Contractor Responsibilty Data_v1..pdf","8. Attachment B - Contractor Responsibilty Data_v1..pdf","5/27/2020 9:40:52 PM","5/28/2020 11:45:14 AM","2537943","Archive"
"F:\Bids and Proposals\Past_Proposals\MTA\MTA_Transportation_Planning\HDR\RFP Docs\Sent\12. Appendix C - Insurance Guidelines for Contractors.pdf","12. Appendix C - Insurance Guidelines for Contractors.pdf","5/27/2020 4:58:26 PM","5/27/2020 7:17:42 PM","1321884","Archive"
"F:\Bids and Proposals\Past_Proposals\MTA\MTA_Transportation_Planning\HDR\RFP Docs\Sent\8. Attachment B - Contractor Responsibilty Data_2020..pdf","8. Attachment B - Contractor Responsibilty Data_2020..pdf","5/28/2020 1:18:21 PM","6/3/2020 6:56:47 AM","2011103","Archive"
"F:\Bids and Proposals\Past_Proposals\MTA\MTA_Transportation_Planning\HNTB\Subagreement\MTA_75164_CONTRACT NO. 1553-0500_TRANSPORTATION PLANNING_MTO_KLD ENGINEERING 11102021 tracked.pdf","MTA_75164_CONTRACT NO. 1553-0500_TRANSPORTATION PLANNING_MTO_KLD ENGINEERING 11102021 tracked.pdf","11/15/2021 2:09:29 PM","11/15/2021 2:09:29 PM","601876","Archive"
"F:\Bids and Proposals\Past_Proposals\MTA\MTA_Transportation_Planning\HNTB\Subagreement\MTA_75164_CONTRACT NO. 1553-0500_TRANSPORTATION PLANNING_MTO_KLD ENGINEERING Sub Agreement 11102021 signed.pdf","MTA_75164_CONTRACT NO. 1553-0500_TRANSPORTATION PLANNING_MTO_KLD ENGINEERING Sub Agreement 11102021 signed.pdf","11/17/2021 10:46:34 AM","11/17/2021 10:46:40 AM","23722065","Archive"
"F:\Bids and Proposals\Past_Proposals\MTA\MTA_Transportation_Planning\HNTB\Subagreement\MTA_75164_CONTRACT NO. 1553-0500_TRANSPORTATION PLANNING_MTO_KLD ENGINEERING Sub Agreement 11102021 SM.pdf","MTA_75164_CONTRACT NO. 1553-0500_TRANSPORTATION PLANNING_MTO_KLD ENGINEERING Sub Agreement 11102021 SM.pdf","11/16/2021 3:01:24 PM","11/16/2021 3:01:49 PM","23764491","Archive"
"F:\Bids and Proposals\Past_Proposals\MTA\MTA_Transportation_Planning\HNTB\Subagreement\MTA_75164_CONTRACT NO. 1553-0500_TRANSPORTATION PLANNING_MTO_KLD ENGINEERING Sub Agreement 11102021.pdf","MTA_75164_CONTRACT NO. 1553-0500_TRANSPORTATION PLANNING_MTO_KLD ENGINEERING Sub Agreement 11102021.pdf","11/15/2021 2:09:38 PM","11/15/2021 2:09:45 PM","23825010","Archive"
"F:\Bids and Proposals\Past_Proposals\MTA\MTA_Transportation_Planning\HNTB\Subagreement\MTA_75164_CONTRACT NO. 1553-0500_TRANSPORTATION PLANNING_MTO_KLD ENGINEERING Sub Agreement.pdf","MTA_75164_CONTRACT NO. 1553-0500_TRANSPORTATION PLANNING_MTO_KLD ENGINEERING Sub Agreement.pdf","10/14/2021 6:02:25 AM","10/14/2021 10:05:55 AM","23749990","Archive"
"F:\Bids and Proposals\Past_Proposals\MTA\MTA_Transportation_Planning\HNTB\Subagreement\MTA_75164_CONTRACT NO. 1553-0500_TRANSPORTATION PLANNING_MTO_KLD ENGINEERING Sub Agreement_markup.pdf","MTA_75164_CONTRACT NO. 1553-0500_TRANSPORTATION PLANNING_MTO_KLD ENGINEERING Sub Agreement_markup.pdf","10/14/2021 6:02:25 AM","10/14/2021 8:43:55 AM","23763495","Archive"
"F:\Bids and Proposals\Past_Proposals\MTA\MTA_Transportation_Planning\RFP\RFP 15553 - RFP Package\Contracting Forms","Contracting Forms","11/2/2023 2:08:46 PM","10/19/2022 5:10:28 PM",,"Directory"
"F:\Bids and Proposals\Past_Proposals\MTA\MTA_Transportation_Planning\RFP\RFP 15553 - RFP Package\Contracting Forms\Appendix C - Insurance Guidelines for Contractors.pdf","Appendix C - Insurance Guidelines for Contractors.pdf","4/22/2020 9:14:06 AM","10/19/2022 5:09:25 PM","1258964","Archive"
"F:\Bids and Proposals\Past_Proposals\MTA\MTA_Transportation_Planning\RFP\RFP 15553 - RFP Package\Contracting Forms\Attachment B - Contractor Responsibilty Data..pdf","Attachment B - Contractor Responsibilty Data..pdf","4/21/2020 7:25:08 PM","10/19/2022 5:10:04 PM","131451","Archive"
"F:\Bids and Proposals\Past_Proposals\MTA\NYCT and MTA_TE services\RFP and Other Teams\RFP and Attachments\26_SSE_509203_Subcontract_for_Engineering_Services.pdf","26_SSE_509203_Subcontract_for_Engineering_Services.pdf","6/18/2025 10:37:18 AM","6/18/2025 10:37:18 AM","155707","Archive"
"F:\Bids and Proposals\Past_Proposals\MTA\NYCT and MTA_TE services\Tylin-Awarded\Contracts Stage","Contracts Stage","3/10/2026 10:23:07 AM","3/11/2026 9:04:19 AM",,"Directory"
"F:\Bids and Proposals\Past_Proposals\MTA\SecondAveSubway_Phase2_PTG\2025 1103 SAS Contract 3 - Survey Request Map.pdf","2025 1103 SAS Contract 3 - Survey Request Map.pdf","11/10/2025 6:55:16 PM","11/10/2025 6:55:17 PM","514853","Archive"
"F:\Bids and Proposals\Past_Proposals\Municipalities - Counties, Towns, Villages, Cities\City of Callao - Peru\Proposal_#1\Proposal_Evaluation of the Impact of Construction Traffic Rev0.pdf","Proposal_Evaluation of the Impact of Construction Traffic Rev0.pdf","1/27/2014 8:50:25 AM","1/27/2014 8:50:25 AM","928099","Archive"
"F:\Bids and Proposals\Past_Proposals\Municipalities - Counties, Towns, Villages, Cities\City of Callao - Peru\Proposal_#1\Proposal_Evaluation of the Impact of Construction Traffic _v1.docx","Proposal_Evaluation of the Impact of Construction Traffic _v1.docx","1/14/2014 12:19:41 PM","1/14/2014 4:11:15 PM","9125546","Archive"
"F:\Bids and Proposals\Past_Proposals\Municipalities - Counties, Towns, Villages, Cities\City of Callao - Peru\Proposal_#1\Proposal_Evaluation of the Impact of Construction Traffic _v2.docx","Proposal_Evaluation of the Impact of Construction Traffic _v2.docx","1/27/2014 8:50:24 AM","1/27/2014 8:50:25 AM","7208879","Archive"
"F:\Bids and Proposals\Past_Proposals\Municipalities - Counties, Towns, Villages, Cities\City of Callao - Peru\Proposal_#1\Proposal_Evaluation of the Impact of Construction Traffic.docx","Proposal_Evaluation of the Impact of Construction Traffic.docx","1/4/2014 9:12:41 PM","1/6/2014 5:13:19 PM","6391737","Archive"
"F:\Bids and Proposals\Past_Proposals\Municipalities - Counties, Towns, Villages, Cities\Nassau_On Call\2015_Cashin_Lost","2015_Cashin_Lost","11/2/2023 2:10:09 PM","5/18/2020 5:15:58 PM",,"Directory"
"F:\Bids and Proposals\Past_Proposals\Municipalities - Counties, Towns, Villages, Cities\Nassau_On Call\Contract Documents","Contract Documents","11/2/2023 2:10:11 PM","6/23/2020 3:17:32 PM",,"Directory"
"F:\Bids and Proposals\Past_Proposals\Municipalities - Counties, Towns, Villages, Cities\Nassau_On Call\Contract Documents\Nassau County Contract Signed & Notarized.pdf","Nassau County Contract Signed & Notarized.pdf","12/31/4500 7:00:00 PM","5/20/2020 7:07:30 AM","2902449","Archive"
"F:\Bids and Proposals\Past_Proposals\Municipalities - Counties, Towns, Villages, Cities\Nassau_On Call\KLD\Appendix Documents\Originals\Appendix E- Consultant's Contractor's and Vendor's Disclosure Form.pdf","Appendix E- Consultant's Contractor's and Vendor's Disclosure Form.pdf","7/16/2018 10:38:34 AM","7/24/2018 8:48:46 AM","457549","Archive"
"F:\Bids and Proposals\Past_Proposals\Municipalities - Counties, Towns, Villages, Cities\Nassau_On Call\KLD\Appendix Documents\Signed\Appendix E- Consultant's Contractor's and Vendor's Disclosure Form_Traffic Group.pdf","Appendix E- Consultant's Contractor's and Vendor's Disclosure Form_Traffic Group.pdf","7/26/2018 7:38:00 AM","7/26/2018 7:38:00 AM","457489","Archive"
"F:\Bids and Proposals\Past_Proposals\Municipalities - Counties, Towns, Villages, Cities\SCDPW\Local Des Svs_Cashin","Local Des Svs_Cashin","11/2/2023 2:10:18 PM","3/8/2022 8:54:14 PM",,"Directory"
"F:\Bids and Proposals\Past_Proposals\Municipalities - Counties, Towns, Villages, Cities\SCDPW\Local Des Svs_Cashin\Tracker Cashin.xlsx","Tracker Cashin.xlsx","3/2/2022 9:04:45 AM","3/8/2022 8:53:56 PM","10204","Archive"
"F:\Bids and Proposals\Past_Proposals\Municipalities - Counties, Towns, Villages, Cities\Suffolk Co HMP\CashFlowStatement.docx","CashFlowStatement.docx","8/27/2013 4:03:03 PM","8/28/2013 11:27:30 AM","174553","Archive"
"F:\Bids and Proposals\Past_Proposals\Municipalities - Counties, Towns, Villages, Cities\Toronto\RFP\KLD Engineering Description and Logo_022113.docx","KLD Engineering Description and Logo_022113.docx","2/21/2013 1:42:49 PM","2/21/2013 2:11:21 PM","843553","Archive"
"F:\Bids and Proposals\Past_Proposals\Municipalities - Counties, Towns, Villages, Cities\Toronto\RFP\OLD\KLD Engineering Description and Logo WRM Feb 20 2013.docx","KLD Engineering Description and Logo WRM Feb 20 2013.docx","2/21/2013 10:21:52 AM","2/21/2013 10:21:51 AM","842865","Archive"
"F:\Bids and Proposals\Past_Proposals\Municipalities - Counties, Towns, Villages, Cities\Toronto\RFP\OLD\KLD Engineering Description and Logo WRM Feb 20 2013_ST.docx","KLD Engineering Description and Logo WRM Feb 20 2013_ST.docx","2/21/2013 10:51:48 AM","2/21/2013 10:56:22 AM","843204","Archive"
"F:\Bids and Proposals\Past_Proposals\Nassau County DPW\Contract Set Up Fee Check.pdf","Contract Set Up Fee Check.pdf","6/16/2020 2:21:26 PM","6/16/2020 2:20:32 PM","394953","Archive"
"F:\Bids and Proposals\Past_Proposals\Nassau County DPW\Signal Prog & Opt Phase III\Contract","Contract","11/2/2023 2:10:49 PM","2/21/2024 1:37:20 PM",,"Directory"
"F:\Bids and Proposals\Past_Proposals\Nassau County DPW\Signal Prog & Opt Phase III\SubContracts","SubContracts","11/2/2023 2:11:11 PM","4/11/2022 7:26:06 AM",,"Directory"
"F:\Bids and Proposals\Past_Proposals\Nassau County DPW\Signal Prog & Opt Phase III\Contract\Signal Progression 3 Contract Draft.pdf","Signal Progression 3 Contract Draft.pdf","6/11/2020 4:33:22 PM","6/11/2020 4:33:23 PM","1570205","Archive"
"F:\Bids and Proposals\Past_Proposals\Nassau County DPW\Signal Prog & Opt Phase III\Contract\Signal Progression 3 Contract Draft_Signed_Notarized.pdf","Signal Progression 3 Contract Draft_Signed_Notarized.pdf","6/15/2020 10:34:10 AM","6/15/2020 10:34:54 AM","3786032","Archive"
"F:\Bids and Proposals\Past_Proposals\Nassau County DPW\Signal Prog & Opt Phase III\Contract\Signal Progression 3 Contract Draft_Signed_v1.pdf","Signal Progression 3 Contract Draft_Signed_v1.pdf","6/12/2020 3:43:58 PM","6/15/2020 8:16:27 AM","3378234","Archive"
"F:\Bids and Proposals\Past_Proposals\Nassau County DPW\Signal Prog & Opt Phase III\Contract\Notes\Signal Progression 3 Contract Draft.pdf","Signal Progression 3 Contract Draft.pdf","6/11/2020 5:42:58 PM","6/12/2020 3:22:59 PM","1557868","Archive"
"F:\Bids and Proposals\Past_Proposals\Nassau County DPW\Signal Prog & Opt Phase III\Contract\old\Signal Progression 3 Contract Draft_Signed_v1.pdf","Signal Progression 3 Contract Draft_Signed_v1.pdf","6/12/2020 3:43:58 PM","6/14/2020 3:57:48 PM","3305524","Archive"
"F:\Bids and Proposals\Past_Proposals\Nassau County DPW\Signal Prog & Opt Phase III\Invoices\Invoice #1\v0\Contractor sub consultant form_ST.pdf","Contractor sub consultant form_ST.pdf","5/5/2022 1:34:48 PM","5/5/2022 1:34:47 PM","121299","Archive"
"F:\Bids and Proposals\Past_Proposals\Nassau County DPW\Signal Prog & Opt Phase III\Invoices\Invoice #1\v0\Contractor sub consultant form_ST.xlsx","Contractor sub consultant form_ST.xlsx","4/6/2022 7:47:31 PM","5/5/2022 1:34:37 PM","14292","Archive"
"F:\Bids and Proposals\Past_Proposals\Nassau County DPW\Signal Prog & Opt Phase III\Invoices\Invoice #1\v0\Archive\Contractor sub consultant form.xlsx","Contractor sub consultant form.xlsx","4/6/2022 10:06:10 AM","4/6/2022 10:18:40 AM","14437","Archive"
"F:\Bids and Proposals\Past_Proposals\Nassau County DPW\Signal Prog & Opt Phase III\Invoices\Invoice #1\v0\Archive\Contractor sub consultant form_Signed.pdf","Contractor sub consultant form_Signed.pdf","4/28/2022 1:18:31 PM","4/28/2022 1:18:31 PM","133512","Archive"
"F:\Bids and Proposals\Past_Proposals\Nassau County DPW\Signal Prog & Opt Phase III\Invoices\Invoice #1\v0\Archive\Contractor sub consultant form_ST.pdf","Contractor sub consultant form_ST.pdf","4/28/2022 9:48:05 AM","4/28/2022 9:48:04 AM","119061","Archive"
"F:\Bids and Proposals\Past_Proposals\Nassau County DPW\Signal Prog & Opt Phase III\Invoices\Invoice #1\v1\Contractor sub consultant form_ST_v1.pdf","Contractor sub consultant form_ST_v1.pdf","5/17/2022 12:32:29 PM","5/17/2022 12:32:28 PM","118716","Archive"
"F:\Bids and Proposals\Past_Proposals\Nassau County DPW\Signal Prog & Opt Phase III\Invoices\Invoice #1\v1\Contractor sub consultant form_ST_v1.xlsx","Contractor sub consultant form_ST_v1.xlsx","5/17/2022 12:29:35 PM","5/17/2022 12:32:21 PM","14283","Archive"
"F:\Bids and Proposals\Past_Proposals\Nassau County DPW\Signal Prog & Opt Phase III\Invoices\Invoice #1\v2\Contractor sub consultant form_ST_v2.xlsx","Contractor sub consultant form_ST_v2.xlsx","8/26/2022 10:04:32 AM","8/26/2022 10:04:35 AM","14254","Archive"
"F:\Bids and Proposals\Past_Proposals\Nassau County DPW\Signal Prog & Opt Phase III\Invoices\Invoice #2\v0\Contractor sub consultant form.xlsx","Contractor sub consultant form.xlsx","6/14/2022 2:01:56 PM","6/14/2022 2:07:34 PM","14323","Archive"
"F:\Bids and Proposals\Past_Proposals\Nassau County DPW\Signal Prog & Opt Phase III\Invoices\Invoice #2\v1\Contractor sub consultant form_Inv2_v1.pdf","Contractor sub consultant form_Inv2_v1.pdf","8/26/2022 4:38:03 PM","8/26/2022 4:39:56 PM","156913","Archive"
"F:\Bids and Proposals\Past_Proposals\Nassau County DPW\Signal Prog & Opt Phase III\Invoices\Invoice #2\v1\Contractor sub consultant form_Inv2_v1.xlsx","Contractor sub consultant form_Inv2_v1.xlsx","8/26/2022 10:40:59 AM","8/26/2022 10:41:00 AM","14403","Archive"
"F:\Bids and Proposals\Past_Proposals\Nassau County DPW\Signal Prog & Opt Phase III\Invoices\Invoice #3\v0\Contractor sub consultant form.xlsx","Contractor sub consultant form.xlsx","8/3/2022 1:11:01 PM","8/3/2022 1:15:08 PM","14337","Archive"
"F:\Bids and Proposals\Past_Proposals\Nassau County DPW\Signal Prog & Opt Phase III\Invoices\Invoice #3\v1\Contractor sub consultant form inv3_v1.pdf","Contractor sub consultant form inv3_v1.pdf","9/21/2022 2:43:10 PM","9/21/2022 2:43:10 PM","104935","Archive"
"F:\Bids and Proposals\Past_Proposals\Nassau County DPW\Signal Prog & Opt Phase III\Invoices\Invoice #3\v1\Contractor sub consultant form inv3_v1.xlsx","Contractor sub consultant form inv3_v1.xlsx","8/26/2022 10:28:39 AM","8/26/2022 10:40:02 AM","14406","Archive"
"F:\Bids and Proposals\Past_Proposals\Nassau County DPW\Signal Prog & Opt Phase III\Invoices\Invoice #4\Contractor sub consultant form_1208-4.xlsx","Contractor sub consultant form_1208-4.xlsx","3/2/2023 4:20:47 PM","3/2/2023 4:20:47 PM","12983","Archive"
"F:\Bids and Proposals\Past_Proposals\Nassau County DPW\Signal Prog & Opt Phase III\Invoices\Invoice #4\OLD\Contractor sub consultant form_1208-4.xlsx","Contractor sub consultant form_1208-4.xlsx","10/31/2022 6:40:58 PM","2/27/2023 1:04:51 PM","12997","Archive"
"F:\Bids and Proposals\Past_Proposals\Nassau County DPW\Signal Prog & Opt Phase III\Invoices\Invoice #4\Sent\Contractor sub consultant form_1208-4.pdf","Contractor sub consultant form_1208-4.pdf","2/27/2023 1:04:58 PM","3/2/2023 4:27:36 PM","259793","Archive"
"F:\Bids and Proposals\Past_Proposals\Nassau County DPW\Signal Prog & Opt Phase III\Invoices\Invoice #4\v1\Contractor sub consultant form_1208-4v1.xlsx","Contractor sub consultant form_1208-4v1.xlsx","3/8/2023 8:17:21 AM","3/8/2023 8:18:27 AM","13000","Archive"
"F:\Bids and Proposals\Past_Proposals\Nassau County DPW\Signal Prog & Opt Phase III\Invoices\Invoice #4\v1\Sent\Contractor sub consultant form_1208-4v1.pdf","Contractor sub consultant form_1208-4v1.pdf","3/8/2023 8:18:34 AM","3/8/2023 8:38:11 AM","150452","Archive"
"F:\Bids and Proposals\Past_Proposals\Nassau County DPW\Signal Prog & Opt Phase III\Invoices\Invoice #4\v3\Contractor sub consultant form_1208-4v3.xlsx","Contractor sub consultant form_1208-4v3.xlsx","5/4/2023 12:05:29 PM","5/4/2023 12:06:13 PM","12984","Archive"
"F:\Bids and Proposals\Past_Proposals\Nassau County DPW\Signal Prog & Opt Phase III\Invoices\Invoice #4\v3\Sent\Contractor sub consultant form_1208-4v3.pdf","Contractor sub consultant form_1208-4v3.pdf","5/4/2023 12:06:21 PM","5/5/2023 2:59:38 PM","151505","Archive"
"F:\Bids and Proposals\Past_Proposals\Nassau County DPW\Signal Prog & Opt Phase III\Invoices\Invoice #5\Contractor sub consultant form_1208-5.xlsx","Contractor sub consultant form_1208-5.xlsx","3/24/2023 6:26:39 PM","4/5/2023 1:49:26 PM","13015","Archive"
"F:\Bids and Proposals\Past_Proposals\Nassau County DPW\Signal Prog & Opt Phase III\Invoices\Invoice #5\Sent\Contractor sub consultant form_1208-5.pdf","Contractor sub consultant form_1208-5.pdf","4/5/2023 1:49:34 PM","4/6/2023 2:52:11 PM","151484","Archive"
"F:\Bids and Proposals\Past_Proposals\Nassau County DPW\Signal Prog & Opt Phase III\Invoices\Invoice #5\v1\Contractor sub consultant form_1208-5.pdf","Contractor sub consultant form_1208-5.pdf","4/21/2023 3:16:46 PM","4/6/2023 2:52:11 PM","151484","Archive"
"F:\Bids and Proposals\Past_Proposals\Nassau County DPW\Signal Prog & Opt Phase III\Invoices\Invoice #5\v2\Contractor sub consultant form_1208-5_v2.xlsx","Contractor sub consultant form_1208-5_v2.xlsx","5/17/2023 8:19:14 AM","5/16/2023 4:45:01 PM","12997","Archive"
"F:\Bids and Proposals\Past_Proposals\Nassau County DPW\Signal Prog & Opt Phase III\Invoices\Invoice #5\v2\Sent\Contractor sub consultant form_1208-5_v2.pdf","Contractor sub consultant form_1208-5_v2.pdf","5/16/2023 4:46:08 PM","5/16/2023 5:40:13 PM","146279","Archive"
"F:\Bids and Proposals\Past_Proposals\Nassau County DPW\Signal Prog & Opt Phase III\Invoices\Reference\19128  Contractor sub consultant form sample.xlsx","19128  Contractor sub consultant form sample.xlsx","2/3/2022 3:48:48 PM","2/3/2022 3:48:48 PM","13386","Archive"
"F:\Bids and Proposals\Past_Proposals\Nassau County DPW\Signal Prog & Opt Phase III\KLD Documents\7. Disclosure Forms\Consultant's Contractor's and Vendor's Disclosure Form.pdf","Consultant's Contractor's and Vendor's Disclosure Form.pdf","9/25/2019 12:28:22 PM","10/2/2019 9:51:28 AM","1243005","Archive"
"F:\Bids and Proposals\Past_Proposals\Nassau County DPW\Signal Prog & Opt Phase III\KLD Documents\7. Disclosure Forms\Consultant's Contractor's and Vendor's Disclosure Form_signed.pdf","Consultant's Contractor's and Vendor's Disclosure Form_signed.pdf","10/2/2019 11:00:53 AM","10/2/2019 11:00:54 AM","150675","Archive"
"F:\Bids and Proposals\Past_Proposals\Nassau County DPW\Signal Prog & Opt Phase III\KLD Documents\7. Disclosure Forms\March 2021\Consultant's Contractor's and Vendor's Disclosure Form_SIGNED.pdf","Consultant's Contractor's and Vendor's Disclosure Form_SIGNED.pdf","3/23/2021 12:18:25 PM","3/23/2021 12:18:26 PM","929323","Archive"
"F:\Bids and Proposals\Past_Proposals\Nassau County DPW\Signal Prog & Opt Phase III\KLD Documents\7. Disclosure Forms\March 2022\Consultant's Contractor's and Vendor's Disclosure Form_March 2022_ST Sign.pdf","Consultant's Contractor's and Vendor's Disclosure Form_March 2022_ST Sign.pdf","2/22/2022 10:08:28 AM","3/24/2022 9:52:40 AM","1024404","Archive"
"F:\Bids and Proposals\Past_Proposals\Nassau County DPW\Signal Prog & Opt Phase III\KLD Documents\7. Disclosure Forms\Redacted\Consultant's Contractor's and Vendor's Disclosure Form_signed_Redacted.pdf","Consultant's Contractor's and Vendor's Disclosure Form_signed_Redacted.pdf","6/11/2020 8:17:08 AM","6/11/2020 8:17:55 AM","160347","Archive"
"F:\Bids and Proposals\Past_Proposals\Nassau County DPW\Signal Prog & Opt Phase III\KLD Documents\7. Disclosure Forms\September 16, 2020\Uploaded\Consultant's Contractor's and Vendor's Disclosure Form_SIGNED.pdf","Consultant's Contractor's and Vendor's Disclosure Form_SIGNED.pdf","9/16/2020 11:16:13 AM","9/16/2020 11:16:48 AM","868124","Archive"
"F:\Bids and Proposals\Past_Proposals\Nassau County DPW\Signal Prog & Opt Phase III\KLD Documents\7. Disclosure Forms\September 2021\Uploaded\Consultant's Contractor's and Vendor's Disclosure Form_.pdf","Consultant's Contractor's and Vendor's Disclosure Form_.pdf","9/23/2021 11:03:15 AM","9/24/2021 8:21:51 AM","912266","Archive"
"F:\Bids and Proposals\Past_Proposals\Nassau County DPW\Signal Prog & Opt Phase III\SubContracts\PO and subcontract Samples","PO and subcontract Samples","11/2/2023 2:11:12 PM","4/6/2022 4:34:59 PM",,"Directory"
"F:\Bids and Proposals\Past_Proposals\Nassau County DPW\Signal Prog & Opt Phase III\SubContracts\Redacted Prime Contract","Redacted Prime Contract","11/2/2023 2:11:12 PM","4/7/2022 3:47:26 PM",,"Directory"
"F:\Bids and Proposals\Past_Proposals\Nassau County DPW\Signal Prog & Opt Phase III\SubContracts\20220406 PO 1208-01 Hayduk v1_andPrimeContract_.pdf","20220406 PO 1208-01 Hayduk v1_andPrimeContract_.pdf","4/7/2022 3:49:21 PM","4/7/2022 3:49:22 PM","1226640","Archive"
"F:\Bids and Proposals\Past_Proposals\Nassau County DPW\Signal Prog & Opt Phase III\SubContracts\20220406 PO 1208-01 Hayduk v1_andPrimeContract_Signed.PDF","20220406 PO 1208-01 Hayduk v1_andPrimeContract_Signed.PDF","4/7/2022 3:49:21 PM","4/8/2022 10:26:33 AM","710247","Archive"
"F:\Bids and Proposals\Past_Proposals\Nassau County DPW\Signal Prog & Opt Phase III\SubContracts\Redacted Prime Contract\Signal Progression 3 Contract Draft_Signed_Notarized_Redacted.pdf","Signal Progression 3 Contract Draft_Signed_Notarized_Redacted.pdf","4/7/2022 11:09:36 AM","4/7/2022 3:47:22 PM","972832","Archive"
"F:\Bids and Proposals\Past_Proposals\Nassau County DPW\TE On Call 2022\Lost 2018 version\Appendix Documents\Originals\Appendix E- Consultant's Contractor's and Vendor's Disclosure Form.pdf","Appendix E- Consultant's Contractor's and Vendor's Disclosure Form.pdf","8/2/2022 1:10:11 PM","7/24/2018 8:48:46 AM","457549","Archive"
"F:\Bids and Proposals\Past_Proposals\Nassau County DPW\TE On Call 2022\Lost 2018 version\Appendix Documents\Signed\Appendix E- Consultant's Contractor's and Vendor's Disclosure Form_Traffic Group.pdf","Appendix E- Consultant's Contractor's and Vendor's Disclosure Form_Traffic Group.pdf","8/2/2022 1:10:22 PM","7/26/2018 7:38:00 AM","457489","Archive"
"F:\Bids and Proposals\Past_Proposals\Nassau County DPW\TE On Call 2022\NC Forms\Consultant's Contractor's and Vendor's Disclosure Form_signed_uploaded.pdf","Consultant's Contractor's and Vendor's Disclosure Form_signed_uploaded.pdf","8/16/2022 7:05:20 PM","8/16/2022 7:10:17 PM","872778","Archive"
"F:\Bids and Proposals\Past_Proposals\Nassau_LKMA_corridor\Part II proposal\Cost from LKMA\Contract Payment Schedule.pdf","Contract Payment Schedule.pdf","1/7/2021 9:07:19 AM","1/7/2021 9:07:19 AM","304265","Archive"
"F:\Bids and Proposals\Past_Proposals\NHTSA\2020\2021-02 RFI\CISS-CRSS Program Contract Changes.pdf","CISS-CRSS Program Contract Changes.pdf","3/5/2021 5:40:49 AM","3/5/2021 5:40:18 AM","196124","Archive"
"F:\Bids and Proposals\Past_Proposals\NHTSA\2020\NHTSA CRSS Coding Revisions March 2022\J.3 - Subcontractor Checklist_693JJ920R000070.docx","J.3 - Subcontractor Checklist_693JJ920R000070.docx","3/25/2022 6:02:18 PM","3/25/2022 6:02:19 PM","22576","Archive"
"F:\Bids and Proposals\Past_Proposals\NHTSA\2020\NHTSA RFP CRSS Coding due Nov 11 2020\Similar Contract Experience_v0_KPW.xlsx","Similar Contract Experience_v0_KPW.xlsx","11/26/2020 9:27:04 PM","11/26/2020 9:27:05 PM","25163","Archive"
"F:\Bids and Proposals\Past_Proposals\NHTSA\2020\NHTSA RFP CRSS Coding due Nov 11 2020\Similar Contract Experience_v1.xlsx","Similar Contract Experience_v1.xlsx","11/26/2020 8:57:10 PM","11/26/2020 10:51:04 PM","26316","Archive"
"F:\Bids and Proposals\Past_Proposals\NHTSA\2020\NHTSA RFP CRSS Coding due Nov 11 2020\10-27-2020 rfp Updates\J.2 - Small Business Subcontracting Plan (04-07-2020).docx","J.2 - Small Business Subcontracting Plan (04-07-2020).docx","10/28/2020 2:06:42 AM","10/28/2020 5:45:22 AM","31100","Archive"
"F:\Bids and Proposals\Past_Proposals\NHTSA\2020\NHTSA RFP CRSS Coding due Nov 11 2020\10-27-2020 rfp Updates\J.3 - Subcontractor Checklist_693JJ920R000070.docx","J.3 - Subcontractor Checklist_693JJ920R000070.docx","10/28/2020 2:06:42 AM","10/28/2020 5:45:19 AM","20767","Archive"
"F:\Bids and Proposals\Past_Proposals\NHTSA\2020\NHTSA RFP CRSS Coding due Nov 11 2020\OLD\Similar Contract Experience.xlsx","Similar Contract Experience.xlsx","11/23/2020 12:19:17 PM","11/24/2020 9:24:56 PM","22589","Archive"
"F:\Bids and Proposals\Past_Proposals\NHTSA\2020\NHTSA RFP CRSS Coding due Nov 11 2020\OLD\Similar Contract Experience_v0.xlsx","Similar Contract Experience_v0.xlsx","11/25/2020 9:49:16 PM","11/25/2020 9:49:16 PM","23507","Archive"
"F:\Bids and Proposals\Past_Proposals\NHTSA\2020\NHTSA RFP CRSS Coding due Nov 11 2020\Original rfp files\J.2 - Small Business Subcontracting Plan (04-07-2020).docx","J.2 - Small Business Subcontracting Plan (04-07-2020).docx","9/29/2020 5:54:36 AM","9/28/2020 6:57:16 PM","31100","Archive"
"F:\Bids and Proposals\Past_Proposals\NHTSA\2020\NHTSA RFP CRSS Coding due Nov 11 2020\Original rfp files\J.3 - Subcontractor Checklist_693JJ920R000070.docx","J.3 - Subcontractor Checklist_693JJ920R000070.docx","9/29/2020 5:54:36 AM","9/28/2020 6:57:16 PM","20767","Archive"
"F:\Bids and Proposals\Past_Proposals\NHTSA\2020\SCA Material\Frequently Asked Questions Pertaining to the Issuance of Wage Determinations Under the McNamara-O'Hara Service Contract Act (SCA) of 1965, as Amended _ U.S. Department of Labor.pdf","Frequently Asked Questions Pertaining to the Issuance of Wage Determinations Under the McNamara-O'Hara Service Contract Act (SCA) of 1965, as Amended _ U.S. Department of Labor.pdf","3/26/2022 3:26:56 PM","3/26/2022 3:26:56 PM","180191","Archive"
"F:\Bids and Proposals\Past_Proposals\NHTSA\Archive\Attachment_J.2_Subcontract_Checklist.docx","Attachment_J.2_Subcontract_Checklist.docx","4/29/2014 12:33:09 PM","4/29/2014 12:33:09 PM","19806","Archive"
"F:\Bids and Proposals\Past_Proposals\NHTSA\Archive\Attachment_J.4_Small_Business_Subcontracting_Plan.docx","Attachment_J.4_Small_Business_Subcontracting_Plan.docx","4/29/2014 12:33:13 PM","4/29/2014 12:33:13 PM","34956","Archive"
"F:\Bids and Proposals\Past_Proposals\NITTC-NFTA\ATCMT\KLD Proposal Items\Archive\2021-07-14 KLD Project Descriptions v0.docx","2021-07-14 KLD Project Descriptions v0.docx","7/14/2021 8:00:35 AM","7/14/2021 5:55:18 PM","14482017","Archive"
"F:\Bids and Proposals\Past_Proposals\NITTC-NFTA\ATCMT\KLD Proposal Items\Archive\2021-07-14 KLD Project Descriptions v1.docx","2021-07-14 KLD Project Descriptions v1.docx","7/14/2021 7:35:45 PM","7/14/2021 10:49:52 PM","14409540","Archive"
"F:\Bids and Proposals\Past_Proposals\NITTC-NFTA\ATCMT\KLD Proposal Items\Archive\2021-07-14 KLD Project Descriptions v2_reduced size.docx","2021-07-14 KLD Project Descriptions v2_reduced size.docx","7/18/2021 5:29:26 PM","7/18/2021 5:38:00 PM","2650584","Archive"
"F:\Bids and Proposals\Past_Proposals\NITTC-NFTA\ATCMT\KLD Proposal Items\Sent\2021-07-14 KLD Project Descriptions v1.docx","2021-07-14 KLD Project Descriptions v1.docx","7/14/2021 10:50:49 PM","7/14/2021 10:49:52 PM","14409540","Archive"
"F:\Bids and Proposals\Past_Proposals\NITTC-NFTA\ATCMT\KLD Proposal Items\Sent\2021-07-14 KLD Project Descriptions v3_reduced size.docx","2021-07-14 KLD Project Descriptions v3_reduced size.docx","7/18/2021 5:46:37 PM","7/18/2021 5:58:55 PM","1301870","Archive"
"F:\Bids and Proposals\Past_Proposals\NJTRANSIT\WIP\KLD Technical\Appendix E. Exhibit Forms\9. Exhibit 10- Contractor Certification of Eligibility.pdf","9. Exhibit 10- Contractor Certification of Eligibility.pdf","6/3/2020 10:53:49 AM","6/4/2020 9:30:32 AM","100980","Archive"
"F:\Bids and Proposals\Past_Proposals\NJTRANSIT\WIP\KLD Technical\Appendix E. Exhibit Forms\9. Exhibit 13- Certification for Contracts, Grants, Loans and Coops.pdf","9. Exhibit 13- Certification for Contracts, Grants, Loans and Coops.pdf","6/3/2020 10:55:44 AM","6/4/2020 9:51:02 AM","60327","Archive"
"F:\Bids and Proposals\Past_Proposals\NYC CV Grant Application\20160307 KLD Text Inserts v0 -- ISIG and MIM -- Evaluation Using Simulation.docx","20160307 KLD Text Inserts v0 -- ISIG and MIM -- Evaluation Using Simulation.docx","3/7/2016 12:32:10 PM","3/7/2016 12:32:28 PM","31661","Archive"
"F:\Bids and Proposals\Past_Proposals\NYCDCP\CEQR\HDR Team\Contract","Contract","11/2/2023 2:12:30 PM","2/28/2025 4:43:21 PM",,"Directory"
"F:\Bids and Proposals\Past_Proposals\NYCDDC\DDC_QueensBlvdVZ_933\AECOM\Contract Documents","Contract Documents","11/2/2023 2:12:35 PM","3/13/2025 8:49:24 AM",,"Directory"
"F:\Bids and Proposals\Past_Proposals\NYCDDC\Engineering Des and Related Svs\AECOM Design Requirements Contract Teaming","AECOM Design Requirements Contract Teaming","5/5/2026 8:16:46 PM","5/22/2026 11:07:58 AM",,"Directory"
"F:\Bids and Proposals\Past_Proposals\NYCDDC\Engineering Des and Related Svs\PTG\RFP Documents\NYCDDC Requirements Contract RFP Documents","NYCDDC Requirements Contract RFP Documents","3/9/2026 8:40:56 PM","3/9/2026 8:41:15 PM",,"Directory"
"F:\Bids and Proposals\Past_Proposals\NYCDDC\Engineering Des and Related Svs\PTG\RFP Documents\NYCDDC Requirements Contract RFP Documents.zip","NYCDDC Requirements Contract RFP Documents.zip","3/9/2026 8:40:00 PM","3/9/2026 8:40:00 PM","4830454","Archive"
"F:\Bids and Proposals\Past_Proposals\NYCDDC\Engineering Des and Related Svs\PTG\RFP Documents\NYCDDC Addendum 3 Files\85026P0008_Contract _Revised.pdf","85026P0008_Contract _Revised.pdf","4/19/2026 3:22:58 PM","4/27/2026 1:59:16 PM","2562772","Archive"
"F:\Bids and Proposals\Past_Proposals\NYCDDC\Engineering Des and Related Svs\PTG\RFP Documents\NYCDDC Addendum 3 Files\__MACOSX\._85026P0008_Contract _Revised.pdf","._85026P0008_Contract _Revised.pdf","4/19/2026 3:22:58 PM","4/27/2026 1:59:17 PM","176","Archive"
"F:\Bids and Proposals\Past_Proposals\NYCDDC\Engineering Des and Related Svs\PTG\RFP Documents\NYCDDC Requirements Contract RFP Documents\85026P0008_Contract.pdf","85026P0008_Contract.pdf","3/9/2026 1:18:00 PM","3/9/2026 8:41:10 PM","3355434","Archive"
"F:\Bids and Proposals\Past_Proposals\NYCDDC\Engineering Des and Related Svs\PTG\RFP Documents\NYCDDC Requirements Contract RFP Documents\85026P0008_Notice to Prospective Contractors.pdf","85026P0008_Notice to Prospective Contractors.pdf","3/9/2026 1:18:00 PM","3/9/2026 8:41:12 PM","162893","Archive"
"F:\Bids and Proposals\Past_Proposals\NYCDDC\Engineering Des and Related Svs\PTG\RFP Documents\NYCDDC Requirements Contract RFP Documents\85026P0008_SUBCONTRACTOR REPORTING.pdf","85026P0008_SUBCONTRACTOR REPORTING.pdf","3/9/2026 1:18:00 PM","3/9/2026 8:41:15 PM","170552","Archive"
"F:\Bids and Proposals\Past_Proposals\NYCDDC\Engineering Des and Related Svs\PTG\RFP Documents\NYCDDC Requirements Contract RFP Documents\__MACOSX\._85026P0008_Contract.pdf","._85026P0008_Contract.pdf","3/9/2026 1:18:00 PM","3/9/2026 8:41:01 PM","170","Archive"
"F:\Bids and Proposals\Past_Proposals\NYCDDC\Engineering Des and Related Svs\PTG\RFP Documents\NYCDDC Requirements Contract RFP Documents\__MACOSX\._85026P0008_Notice to Prospective Contractors.pdf","._85026P0008_Notice to Prospective Contractors.pdf","3/9/2026 1:18:00 PM","3/9/2026 8:41:03 PM","170","Archive"
"F:\Bids and Proposals\Past_Proposals\NYCDDC\Engineering Des and Related Svs\PTG\RFP Documents\NYCDDC Requirements Contract RFP Documents\__MACOSX\._85026P0008_SUBCONTRACTOR REPORTING.pdf","._85026P0008_SUBCONTRACTOR REPORTING.pdf","3/9/2026 1:18:00 PM","3/9/2026 8:41:06 PM","170","Archive"
"F:\Bids and Proposals\Past_Proposals\NYCDDC\HDR\SBS Citywide\NYCDDC SBS Requirements Contract.pdf","NYCDDC SBS Requirements Contract.pdf","11/20/2015 5:22:58 AM","11/20/2015 5:23:00 AM","3268422","Archive"
"F:\Bids and Proposals\Past_Proposals\NYCDDC\HDR\SBS Citywide\Cost Negotiations\Att 6 -- NYCDDC SBS Requirements Contract.pdf","Att 6 -- NYCDDC SBS Requirements Contract.pdf","1/28/2016 6:24:19 AM","1/28/2016 6:24:25 AM","106411","Archive"
"F:\Bids and Proposals\Past_Proposals\NYCDDC\HDR\SBS Citywide\Cost Negotiations\Att 8 -- NYCDDC SBS Requirements Contract.pdf","Att 8 -- NYCDDC SBS Requirements Contract.pdf","1/28/2016 6:33:07 AM","1/28/2016 6:33:12 AM","101282","Archive"
"F:\Bids and Proposals\Past_Proposals\NYCDDC\RC Infra Design Sm Lg\Design_Requirements_Contract.pdf","Design_Requirements_Contract.pdf","9/29/2020 6:17:25 AM","9/29/2020 7:55:09 AM","2976383","Archive"
"F:\Bids and Proposals\Past_Proposals\NYCDDC\RC Infra Design Sm Lg\MWBE-LL1-Notice-to-Prospective-Contractors.pdf","MWBE-LL1-Notice-to-Prospective-Contractors.pdf","9/29/2020 6:17:27 AM","9/29/2020 6:17:28 AM","181746","Archive"
"F:\Bids and Proposals\Past_Proposals\NYCDDC\RC Infra Design Sm Lg\Scope_of_Work_and_Contract_Provisions.pdf","Scope_of_Work_and_Contract_Provisions.pdf","9/29/2020 6:17:17 AM","9/29/2020 7:39:28 AM","374822","Archive"
"F:\Bids and Proposals\Past_Proposals\NYCDDC\RC Infra Design Sm Lg\SUBCONTRACTOR_REPORTING.pdf","SUBCONTRACTOR_REPORTING.pdf","9/29/2020 6:17:30 AM","9/29/2020 6:17:30 AM","59519","Archive"
"F:\Bids and Proposals\Past_Proposals\NYCDDC\STV\2022-March\Req Contract for Fed Funded Projects","Req Contract for Fed Funded Projects","11/2/2023 2:12:39 PM","12/10/2024 11:09:49 AM",,"Directory"
"F:\Bids and Proposals\Past_Proposals\NYCDDC\STV\2022-March\Req Contract for Fed Funded Projects\From_STV\Scope_of_Work_and_Contract_Provisions_DDC_Fed_Design_FINAL_.pdf","Scope_of_Work_and_Contract_Provisions_DDC_Fed_Design_FINAL_.pdf","3/22/2022 11:04:00 AM","3/22/2022 11:04:00 AM","356460","Archive"
"F:\Bids and Proposals\Past_Proposals\NYCDDC\TT-WAI\HWDRCW06 - Requirements Contract","HWDRCW06 - Requirements Contract","11/2/2023 2:12:41 PM","5/7/2019 4:59:57 PM",,"Directory"
"F:\Bids and Proposals\Past_Proposals\NYCDDC\TT-WAI\HWDRCW06 - Requirements Contract\RFP\Contract Documents","Contract Documents","11/2/2023 2:12:42 PM","9/4/2019 11:45:05 AM",,"Directory"
"F:\Bids and Proposals\Past_Proposals\NYCDDC\TT-WAI\HWDRCW06 - Requirements Contract\RFP\Contract Documents\Contract Titles.pdf","Contract Titles.pdf","9/4/2019 10:38:23 AM","9/4/2019 10:38:23 AM","115683","Archive"
"F:\Bids and Proposals\Past_Proposals\NYCDOT\2026 CPM ESA\AECOM\Appendix A3 Cert of a Subcontractor.pdf","Appendix A3 Cert of a Subcontractor.pdf","1/20/2026 7:59:48 AM","1/20/2026 7:59:48 AM","136929","Archive"
"F:\Bids and Proposals\Past_Proposals\NYCDOT\2026 CPM ESA\AECOM\Sent\Appendix A2 Cert of a Contractor-KLDsigned.pdf","Appendix A2 Cert of a Contractor-KLDsigned.pdf","1/23/2026 7:03:22 PM","1/15/2026 11:00:28 AM","145533","Archive"
"F:\Bids and Proposals\Past_Proposals\NYCDOT\2026 CPM ESA\AECOM\Sent\Appendix A3 Cert of a Subcontractor-signed.pdf","Appendix A3 Cert of a Subcontractor-signed.pdf","1/20/2026 7:56:56 AM","1/16/2026 12:18:07 PM","146109","Archive"
"F:\Bids and Proposals\Past_Proposals\NYCDOT\2026 CPM ESA\AKRF\Appendix A3 Cert of a Subcontractor.pdf","Appendix A3 Cert of a Subcontractor.pdf","1/16/2026 8:57:24 AM","1/16/2026 8:57:25 AM","136929","Archive"
"F:\Bids and Proposals\Past_Proposals\NYCDOT\2026 CPM ESA\AKRF\Sent\Appendix A2 Cert of a Contractor-KLDsigned.pdf","Appendix A2 Cert of a Contractor-KLDsigned.pdf","1/23/2026 7:06:53 PM","1/15/2026 11:00:28 AM","145533","Archive"
"F:\Bids and Proposals\Past_Proposals\NYCDOT\2026 CPM ESA\AKRF\Sent\Appendix A3 Cert of a Subcontractor-signed.pdf","Appendix A3 Cert of a Subcontractor-signed.pdf","1/17/2026 7:32:03 PM","1/16/2026 12:18:07 PM","146109","Archive"
"F:\Bids and Proposals\Past_Proposals\NYCDOT\2026 CPM ESA\Arcadis\NYCDOT_ESA Forms\Appendix A3 Cert of a Subcontractor.pdf","Appendix A3 Cert of a Subcontractor.pdf","1/6/2026 7:21:32 PM","1/16/2026 3:45:39 PM","136929","Archive"
"F:\Bids and Proposals\Past_Proposals\NYCDOT\2026 CPM ESA\Arcadis\Sent\Appendix A2 Cert of a Contractor-KLDsigned.pdf","Appendix A2 Cert of a Contractor-KLDsigned.pdf","1/23/2026 6:50:10 PM","1/15/2026 11:00:28 AM","145533","Archive"
"F:\Bids and Proposals\Past_Proposals\NYCDOT\2026 CPM ESA\Arcadis\Sent\Appendix A3 Cert of a Subcontractor-signed.pdf","Appendix A3 Cert of a Subcontractor-signed.pdf","1/17/2026 8:35:25 PM","1/16/2026 12:18:07 PM","146109","Archive"
"F:\Bids and Proposals\Past_Proposals\NYCDOT\2026 CPM ESA\ARORA\Appendix A2 Cert of a Contractor.pdf","Appendix A2 Cert of a Contractor.pdf","1/23/2026 6:36:23 AM","1/23/2026 6:36:24 AM","136910","Archive"
"F:\Bids and Proposals\Past_Proposals\NYCDOT\2026 CPM ESA\ARORA\Appendix A3 Cert of a Subcontractor.pdf","Appendix A3 Cert of a Subcontractor.pdf","1/23/2026 6:36:24 AM","1/23/2026 6:36:25 AM","136929","Archive"
"F:\Bids and Proposals\Past_Proposals\NYCDOT\2026 CPM ESA\ARORA\sent\Appendix A2 Cert of a Contractor-KLDsigned.pdf","Appendix A2 Cert of a Contractor-KLDsigned.pdf","1/23/2026 6:54:58 PM","1/15/2026 11:00:28 AM","145533","Archive"
"F:\Bids and Proposals\Past_Proposals\NYCDOT\2026 CPM ESA\ARORA\sent\Appendix A3 Cert of a Subcontractor-signed.pdf","Appendix A3 Cert of a Subcontractor-signed.pdf","1/23/2026 6:32:44 AM","1/16/2026 12:18:07 PM","146109","Archive"
"F:\Bids and Proposals\Past_Proposals\NYCDOT\2026 CPM ESA\H&H\Appendix A3 Cert of a Subcontractor.pdf","Appendix A3 Cert of a Subcontractor.pdf","1/22/2026 1:10:01 PM","1/22/2026 1:10:01 PM","136929","Archive"
"F:\Bids and Proposals\Past_Proposals\NYCDOT\2026 CPM ESA\H&H\Sent\Appendix A2 Cert of a Contractor-KLDsigned.pdf","Appendix A2 Cert of a Contractor-KLDsigned.pdf","1/23/2026 6:56:16 PM","1/15/2026 11:00:28 AM","145533","Archive"
"F:\Bids and Proposals\Past_Proposals\NYCDOT\2026 CPM ESA\H&H\Sent\Appendix A3 Cert of a Subcontractor-signed.pdf","Appendix A3 Cert of a Subcontractor-signed.pdf","1/22/2026 4:12:03 PM","1/16/2026 12:18:07 PM","146109","Archive"
"F:\Bids and Proposals\Past_Proposals\NYCDOT\2026 CPM ESA\HDR\6 Appendix A3 Cert of a Subcontractor.pdf","6 Appendix A3 Cert of a Subcontractor.pdf","1/15/2026 10:04:04 AM","1/15/2026 10:04:05 AM","136929","Archive"
"F:\Bids and Proposals\Past_Proposals\NYCDOT\2026 CPM ESA\HDR\Appendix A2 Cert of a Contractor.pdf","Appendix A2 Cert of a Contractor.pdf","1/23/2026 6:39:16 PM","1/23/2026 6:39:16 PM","136910","Archive"
"F:\Bids and Proposals\Past_Proposals\NYCDOT\2026 CPM ESA\HDR\Appendix A3 Cert of a Subcontractor.pdf","Appendix A3 Cert of a Subcontractor.pdf","1/23/2026 6:39:19 PM","1/23/2026 6:39:19 PM","136929","Archive"
"F:\Bids and Proposals\Past_Proposals\NYCDOT\2026 CPM ESA\HDR\Sent\Appendix A2 Cert of a Contractor-KLDsigned.pdf","Appendix A2 Cert of a Contractor-KLDsigned.pdf","1/23/2026 6:39:02 PM","1/15/2026 11:00:28 AM","145533","Archive"
"F:\Bids and Proposals\Past_Proposals\NYCDOT\2026 CPM ESA\HDR\Sent\Appendix A3 Cert of a Subcontractor-signed.pdf","Appendix A3 Cert of a Subcontractor-signed.pdf","1/16/2026 5:54:01 PM","1/16/2026 12:18:07 PM","146109","Archive"
"F:\Bids and Proposals\Past_Proposals\NYCDOT\2026 CPM ESA\STV-VHB\Appendix A2 Cert of a Contractor.pdf","Appendix A2 Cert of a Contractor.pdf","1/13/2026 6:06:09 PM","1/13/2026 6:06:10 PM","136910","Archive"
"F:\Bids and Proposals\Past_Proposals\NYCDOT\2026 CPM ESA\STV-VHB\Appendix A3 Cert of a Subcontractor.pdf","Appendix A3 Cert of a Subcontractor.pdf","1/13/2026 6:06:08 PM","1/13/2026 6:06:09 PM","136929","Archive"
"F:\Bids and Proposals\Past_Proposals\NYCDOT\2026 CPM ESA\STV-VHB\Ready\Appendix A2 Cert of a Contractor-KLDsigned.pdf","Appendix A2 Cert of a Contractor-KLDsigned.pdf","1/15/2026 11:00:27 AM","1/15/2026 11:00:28 AM","145533","Archive"
"F:\Bids and Proposals\Past_Proposals\NYCDOT\2026 CPM ESA\STV-VHB\Sent\Appendix A2 Cert of a Contractor-KLDsigned.pdf","Appendix A2 Cert of a Contractor-KLDsigned.pdf","1/23/2026 6:43:14 PM","1/15/2026 11:00:28 AM","145533","Archive"
"F:\Bids and Proposals\Past_Proposals\NYCDOT\2026 CPM ESA\STV-VHB\Sent\Appendix A3 Cert of a Subcontractor-signed.pdf","Appendix A3 Cert of a Subcontractor-signed.pdf","1/16/2026 12:18:06 PM","1/16/2026 12:18:07 PM","146109","Archive"
"F:\Bids and Proposals\Past_Proposals\NYCDOT\2026 CPM ESA\Thornton Tomasetti\Appendix A3 Cert of a Subcontractor.pdf","Appendix A3 Cert of a Subcontractor.pdf","1/22/2026 9:28:59 AM","1/22/2026 9:29:00 AM","136929","Archive"
"F:\Bids and Proposals\Past_Proposals\NYCDOT\2026 CPM ESA\Thornton Tomasetti\Sent\Appendix A2 Cert of a Contractor-KLDsigned.pdf","Appendix A2 Cert of a Contractor-KLDsigned.pdf","1/23/2026 4:43:22 PM","1/15/2026 11:00:28 AM","145533","Archive"
"F:\Bids and Proposals\Past_Proposals\NYCDOT\2026 CPM ESA\Thornton Tomasetti\Sent\Appendix A3 Cert of a Subcontractor-signed.pdf","Appendix A3 Cert of a Subcontractor-signed.pdf","1/22/2026 9:31:51 AM","1/16/2026 12:18:07 PM","146109","Archive"
"F:\Bids and Proposals\Past_Proposals\NYCDOT\Awarded\1249_TMC Maintenance Contract","1249_TMC Maintenance Contract","11/2/2023 2:13:29 PM","4/24/2026 4:50:04 PM",,"Directory"
"F:\Bids and Proposals\Past_Proposals\NYCDOT\Awarded\NYC Performaance Evaluations.xlsx","NYC Performaance Evaluations.xlsx","7/31/2024 8:29:57 AM","7/31/2024 4:20:31 PM","8627871","Archive"
"F:\Bids and Proposals\Past_Proposals\NYCDOT\Awarded\Perf Evaluation by Prime.docx","Perf Evaluation by Prime.docx","7/31/2024 9:01:52 AM","7/31/2024 9:01:52 AM","16087","Archive"
"F:\Bids and Proposals\Past_Proposals\NYCDOT\Awarded\1014 PTG_40St\Contracts","Contracts","11/2/2023 2:12:45 PM","7/23/2019 1:36:34 PM",,"Directory"
"F:\Bids and Proposals\Past_Proposals\NYCDOT\Awarded\1014 PTG_40St\Contracts\649357 Executed Contract 8-27-18.pdf","649357 Executed Contract 8-27-18.pdf","2/4/2019 12:32:00 PM","7/23/2019 1:36:33 PM","62626560","Archive"
"F:\Bids and Proposals\Past_Proposals\NYCDOT\Awarded\1014 PTG_40St\Sent\Subcontractor Profile","Subcontractor Profile","11/2/2023 2:12:54 PM","6/5/2018 6:16:50 PM",,"Directory"
"F:\Bids and Proposals\Past_Proposals\NYCDOT\Awarded\1014 PTG_40St\Sent\Subcontractor Profile\20180606 KLD-Subcontractor Profile Form (rev 8.26.15) v1.xlsx","20180606 KLD-Subcontractor Profile Form (rev 8.26.15) v1.xlsx","6/5/2018 6:10:05 PM","6/5/2018 6:14:02 PM","52286","Archive"
"F:\Bids and Proposals\Past_Proposals\NYCDOT\Awarded\1014 PTG_40St\Sent\Subcontractor Profile\20180606 KLD-Subcontractor Profile Form (rev 8.26.15).xlsx","20180606 KLD-Subcontractor Profile Form (rev 8.26.15).xlsx","6/5/2018 6:05:29 PM","6/5/2018 5:59:32 PM","52257","Archive"
"F:\Bids and Proposals\Past_Proposals\NYCDOT\Awarded\1014 PTG_40St\Sent\Subcontractor Profile\KLD-Subcontractor Profile Form (rev 8.26.15).xlsx","KLD-Subcontractor Profile Form (rev 8.26.15).xlsx","6/5/2018 6:05:29 PM","6/5/2018 5:33:06 PM","53579","Archive"
"F:\Bids and Proposals\Past_Proposals\NYCDOT\Awarded\1201_TYLIN_WSP_WBB\1201.1\Sub-contract","Sub-contract","11/2/2023 2:13:00 PM","8/17/2023 9:04:18 PM",,"Directory"
"F:\Bids and Proposals\Past_Proposals\NYCDOT\Awarded\1201_TYLIN_WSP_WBB\1201.1\Sub-contract\Williamsburg Bridge FD_TY LB Subcontract Addendum_KLD Engineering_07.24.2023 SM.pdf","Williamsburg Bridge FD_TY LB Subcontract Addendum_KLD Engineering_07.24.2023 SM.pdf","8/17/2023 9:04:18 PM","8/21/2023 2:11:24 PM","3239729","Archive"
"F:\Bids and Proposals\Past_Proposals\NYCDOT\Awarded\1201_TYLIN_WSP_WBB\1201.1\Sub-contract\Williamsburg Bridge FD_TY LB Subcontract Addendum_KLD Engineering_07.24.2023.pdf","Williamsburg Bridge FD_TY LB Subcontract Addendum_KLD Engineering_07.24.2023.pdf","8/17/2023 8:57:00 PM","8/17/2023 8:57:00 PM","3145708","Archive"
"F:\Bids and Proposals\Past_Proposals\NYCDOT\Awarded\1201_TYLIN_WSP_WBB\1201.1\Sub-contract\Williamsburg Bridge TY LB subcontract_KLD Engineering_20211210_SIGNED.pdf","Williamsburg Bridge TY LB subcontract_KLD Engineering_20211210_SIGNED.pdf","8/17/2023 8:57:00 PM","8/17/2023 8:57:00 PM","3360011","Archive"
"F:\Bids and Proposals\Past_Proposals\NYCDOT\Awarded\1201_TYLIN_WSP_WBB\SubAgreement\BookMarkedContract BRC253D - REDACTED.PDF","BookMarkedContract BRC253D - REDACTED.PDF","12/9/2021 1:12:44 PM","12/9/2021 1:12:44 PM","6229352","Archive"
"F:\Bids and Proposals\Past_Proposals\NYCDOT\Awarded\1201_TYLIN_WSP_WBB\SubAgreement\Williamsburg Bridge TY LB subcontract_KLD Engineering_20211206 SM.pdf","Williamsburg Bridge TY LB subcontract_KLD Engineering_20211206 SM.pdf","12/9/2021 1:22:18 PM","12/9/2021 1:39:01 PM","3489043","Archive"
"F:\Bids and Proposals\Past_Proposals\NYCDOT\Awarded\1201_TYLIN_WSP_WBB\SubAgreement\Williamsburg Bridge TY LB subcontract_KLD Engineering_20211206.pdf","Williamsburg Bridge TY LB subcontract_KLD Engineering_20211206.pdf","12/8/2021 2:00:19 PM","12/8/2021 2:00:19 PM","2599242","Archive"
"F:\Bids and Proposals\Past_Proposals\NYCDOT\Awarded\1201_TYLIN_WSP_WBB\SubAgreement\Williamsburg Bridge TY LB subcontract_KLD Engineering_20211210_SIGNED.pdf","Williamsburg Bridge TY LB subcontract_KLD Engineering_20211210_SIGNED.pdf","12/10/2021 4:41:24 PM","12/10/2021 4:41:26 PM","3360011","Archive"
"F:\Bids and Proposals\Past_Proposals\NYCDOT\Awarded\1249_TMC Maintenance Contract\2022-Sep\Contract Documents","Contract Documents","11/2/2023 2:13:29 PM","4/24/2026 9:37:02 PM",,"Directory"
"F:\Bids and Proposals\Past_Proposals\NYCDOT\Awarded\1249_TMC Maintenance Contract\2022-Sep\Subcontract","Subcontract","11/2/2023 2:13:31 PM","2/14/2023 3:48:14 PM",,"Directory"
"F:\Bids and Proposals\Past_Proposals\NYCDOT\Awarded\1249_TMC Maintenance Contract\2022-Sep\Contract Documents\JHK 84122QUTR536 Subcontractor Profile Form (rev 8.26.15) SM comments.pdf","JHK 84122QUTR536 Subcontractor Profile Form (rev 8.26.15) SM comments.pdf","10/24/2022 12:45:03 PM","10/24/2022 12:45:04 PM","531096","Archive"
"F:\Bids and Proposals\Past_Proposals\NYCDOT\Awarded\1249_TMC Maintenance Contract\2022-Sep\Invoices\Under 2026-2029 subcontract","Under 2026-2029 subcontract","2/25/2026 12:50:19 PM","6/7/2026 5:44:32 PM",,"Directory"
"F:\Bids and Proposals\Past_Proposals\NYCDOT\Awarded\1249_TMC Maintenance Contract\2022-Sep\Invoices\Under Original Subcontract","Under Original Subcontract","2/25/2026 11:50:22 AM","2/25/2026 12:51:11 PM",,"Directory"
"F:\Bids and Proposals\Past_Proposals\NYCDOT\Awarded\1249_TMC Maintenance Contract\Renewal Docs\Subcontract","Subcontract","2/18/2026 1:41:59 PM","2/19/2026 12:38:23 PM",,"Directory"
"F:\Bids and Proposals\Past_Proposals\NYCDOT\Awarded\1249_TMC Maintenance Contract\Renewal Docs\Subcontract\KLD subcontract NYC maint. renewal.pdf","KLD subcontract NYC maint. renewal.pdf","2/19/2026 12:38:23 PM","2/19/2026 12:38:24 PM","1568510","Archive"
"F:\Bids and Proposals\Past_Proposals\NYCDOT\Awarded\1249_TMC Maintenance Contract\Renewal Docs\Subcontract\KLD subcontract NYC maint. renewal_.pdf","KLD subcontract NYC maint. renewal_.pdf","2/18/2026 1:35:46 PM","2/18/2026 1:41:45 PM","1985187","Archive"
"F:\Bids and Proposals\Past_Proposals\NYCDOT\Awarded\1305_Skanska_WBB_WB9\WB_DWG_- Contract WZT Excerpt.pdf","WB_DWG_- Contract WZT Excerpt.pdf","8/14/2023 6:30:44 PM","8/15/2023 5:17:43 PM","900004","Archive"
"F:\Bids and Proposals\Past_Proposals\NYCDOT\Awarded\2024_ESA_Planning\NYCDOT ESA-Appendix A3 Cert of a Subcontractor_KLD.pdf","NYCDOT ESA-Appendix A3 Cert of a Subcontractor_KLD.pdf","12/20/2024 10:10:56 AM","12/20/2024 10:10:13 AM","145532","Archive"
"F:\Bids and Proposals\Past_Proposals\NYCDOT\Awarded\2024_ESA_Planning\HNTB\PreAward\Appendix A2 Cert of a Contractor..pdf","Appendix A2 Cert of a Contractor..pdf","1/19/2025 9:00:21 PM","1/19/2025 9:00:22 PM","136910","Archive"
"F:\Bids and Proposals\Past_Proposals\NYCDOT\Awarded\2024_ESA_Planning\HNTB\PreAward\Appendix A3 Cert of a Subcontractor..pdf","Appendix A3 Cert of a Subcontractor..pdf","1/19/2025 9:00:24 PM","1/19/2025 9:00:25 PM","136929","Archive"
"F:\Bids and Proposals\Past_Proposals\NYCDOT\Awarded\2024_ESA_Planning\HNTB\PreAward\Sent\Appendix A2 Cert of a Contractor_signed.pdf","Appendix A2 Cert of a Contractor_signed.pdf","1/19/2025 9:03:25 PM","1/8/2025 10:59:38 AM","184246","Archive"
"F:\Bids and Proposals\Past_Proposals\NYCDOT\Awarded\2024_ESA_Planning\HNTB\PreAward\Sent\Appendix A3 Cert of a Subcontractor-KLD.pdf","Appendix A3 Cert of a Subcontractor-KLD.pdf","1/19/2025 9:03:24 PM","1/7/2025 8:12:27 PM","180786","Archive"
"F:\Bids and Proposals\Past_Proposals\NYCDOT\Awarded\2024_ESA_Planning\TEAMS that Did not win\AECOM\Sent\KLD_Appendix A3 Cert of a Subcontractor.pdf","KLD_Appendix A3 Cert of a Subcontractor.pdf","1/8/2025 3:25:58 PM","12/30/2024 10:33:19 PM","180995","Archive"
"F:\Bids and Proposals\Past_Proposals\NYCDOT\Awarded\2024_ESA_Planning\TEAMS that Did not win\AI Engineers\Appendix A2 Cert of a Contractor.pdf","Appendix A2 Cert of a Contractor.pdf","1/17/2025 8:22:14 AM","1/17/2025 8:22:14 AM","136910","Archive"
"F:\Bids and Proposals\Past_Proposals\NYCDOT\Awarded\2024_ESA_Planning\TEAMS that Did not win\AI Engineers\Appendix A3 Cert of a Subcontractor (1).pdf","Appendix A3 Cert of a Subcontractor (1).pdf","1/17/2025 8:22:14 AM","1/17/2025 8:22:14 AM","136929","Archive"
"F:\Bids and Proposals\Past_Proposals\NYCDOT\Awarded\2024_ESA_Planning\TEAMS that Did not win\AI Engineers\Appendix A3 Cert of a Subcontractor-KLD.pdf","Appendix A3 Cert of a Subcontractor-KLD.pdf","1/16/2025 5:03:05 PM","1/7/2025 8:12:27 PM","180786","Archive"
"F:\Bids and Proposals\Past_Proposals\NYCDOT\Awarded\2024_ESA_Planning\TEAMS that Did not win\AI Engineers\Appendix A3 Cert of a Subcontractor.pdf","Appendix A3 Cert of a Subcontractor.pdf","1/16/2025 4:55:41 PM","1/16/2025 4:55:42 PM","135742","Archive"
"F:\Bids and Proposals\Past_Proposals\NYCDOT\Awarded\2024_ESA_Planning\TEAMS that Did not win\AI Engineers\Sent\Appendix A2 Cert of a Contractor_signed.pdf","Appendix A2 Cert of a Contractor_signed.pdf","1/17/2025 8:52:20 AM","1/8/2025 10:59:38 AM","184246","Archive"
"F:\Bids and Proposals\Past_Proposals\NYCDOT\Awarded\2024_ESA_Planning\TEAMS that Did not win\AI Engineers\Sent\KLD_Appendix A3 Cert of a Subcontractor.pdf","KLD_Appendix A3 Cert of a Subcontractor.pdf","1/17/2025 8:51:57 AM","12/30/2024 10:33:19 PM","180995","Archive"
"F:\Bids and Proposals\Past_Proposals\NYCDOT\Awarded\2024_ESA_Planning\TEAMS that Did not win\ARORA and ASSOCIATES, P.C\Appendix A3 Cert of a Subcontractor-KLD.pdf","Appendix A3 Cert of a Subcontractor-KLD.pdf","1/24/2025 8:53:37 PM","1/7/2025 8:12:27 PM","180786","Archive"
"F:\Bids and Proposals\Past_Proposals\NYCDOT\Awarded\2024_ESA_Planning\TEAMS that Did not win\ARORA and ASSOCIATES, P.C\KLD_Appendix A3 Cert of a Subcontractor.pdf","KLD_Appendix A3 Cert of a Subcontractor.pdf","1/24/2025 8:51:09 PM","12/30/2024 10:33:19 PM","180995","Archive"
"F:\Bids and Proposals\Past_Proposals\NYCDOT\Awarded\2024_ESA_Planning\TEAMS that Did not win\ARORA and ASSOCIATES, P.C\From A&A\Appendix A2 Cert of a Contractor..pdf","Appendix A2 Cert of a Contractor..pdf","1/23/2025 5:09:37 PM","1/23/2025 5:09:38 PM","133958","Archive"
"F:\Bids and Proposals\Past_Proposals\NYCDOT\Awarded\2024_ESA_Planning\TEAMS that Did not win\ARORA and ASSOCIATES, P.C\Sent\Appendix A2 Cert of a Contractor_signed.pdf","Appendix A2 Cert of a Contractor_signed.pdf","1/24/2025 8:53:37 PM","1/8/2025 10:59:38 AM","184246","Archive"
"F:\Bids and Proposals\Past_Proposals\NYCDOT\Awarded\2024_ESA_Planning\TEAMS that Did not win\ARORA and ASSOCIATES, P.C\Sent\Appendix A3 Cert of a Subcontractor-KLD.pdf","Appendix A3 Cert of a Subcontractor-KLD.pdf","1/17/2025 8:08:00 AM","1/17/2025 8:08:00 AM","180786","Archive"
"F:\Bids and Proposals\Past_Proposals\NYCDOT\Awarded\2024_ESA_Planning\TEAMS that Did not win\Arup\From_Arup\NYCDOT ESA-Arup-Appendix A3 Cert of a Subcontractor.pdf","NYCDOT ESA-Arup-Appendix A3 Cert of a Subcontractor.pdf","12/20/2024 6:27:00 AM","12/20/2024 6:27:00 AM","136929","Archive"
"F:\Bids and Proposals\Past_Proposals\NYCDOT\Awarded\2024_ESA_Planning\TEAMS that Did not win\Arup\Sent\NYCDOT ESA-Arup-Appendix A3 Cert of a Subcontractor_KLD.pdf","NYCDOT ESA-Arup-Appendix A3 Cert of a Subcontractor_KLD.pdf","12/20/2024 10:10:11 AM","12/20/2024 10:10:13 AM","145532","Archive"
"F:\Bids and Proposals\Past_Proposals\NYCDOT\Awarded\2024_ESA_Planning\TEAMS that Did not win\H&H\From_HH\Appendix A3 Cert of a Subcontractor.pdf","Appendix A3 Cert of a Subcontractor.pdf","12/20/2024 8:49:55 AM","12/20/2024 8:49:55 AM","136929","Archive"
"F:\Bids and Proposals\Past_Proposals\NYCDOT\Awarded\2024_ESA_Planning\TEAMS that Did not win\H&H\Sent\KLD_Appendix A3 Cert of a Subcontractor.pdf","KLD_Appendix A3 Cert of a Subcontractor.pdf","12/30/2024 11:01:35 PM","12/30/2024 10:33:19 PM","180995","Archive"
"F:\Bids and Proposals\Past_Proposals\NYCDOT\Awarded\2024_ESA_Planning\TEAMS that Did not win\Parsons-Bailed\NEW YORK STATE CONTRACT SYSTEM - MBE Status.pdf","NEW YORK STATE CONTRACT SYSTEM - MBE Status.pdf","12/26/2024 2:21:42 PM","12/11/2024 7:53:40 PM","148390","Archive"
"F:\Bids and Proposals\Past_Proposals\NYCDOT\Awarded\2024_ESA_Planning\TEAMS that Did not win\Parsons-Bailed\Submission\1_M_WBE Certifications\NEW YORK STATE CONTRACT SYSTEM - MBE Status.pdf","NEW YORK STATE CONTRACT SYSTEM - MBE Status.pdf","12/30/2024 1:54:21 PM","12/11/2024 7:53:40 PM","148390","Archive"
"F:\Bids and Proposals\Past_Proposals\NYCDOT\Awarded\2024_ESA_Planning\TEAMS that Did not win\STV-VHB\From_STV\Appendix A2 Cert of a Contractor.pdf","Appendix A2 Cert of a Contractor.pdf","1/7/2025 7:36:46 PM","1/7/2025 7:36:46 PM","136910","Archive"
"F:\Bids and Proposals\Past_Proposals\NYCDOT\Awarded\2024_ESA_Planning\TEAMS that Did not win\STV-VHB\From_STV\Appendix A3 Cert of a Subcontractor.pdf","Appendix A3 Cert of a Subcontractor.pdf","1/7/2025 7:36:46 PM","1/7/2025 7:36:46 PM","136929","Archive"
"F:\Bids and Proposals\Past_Proposals\NYCDOT\Awarded\2024_ESA_Planning\TEAMS that Did not win\STV-VHB\Sent\Appendix A2 Cert of a Contractor_signed.pdf","Appendix A2 Cert of a Contractor_signed.pdf","1/8/2025 10:59:37 AM","1/8/2025 10:59:38 AM","184246","Archive"
"F:\Bids and Proposals\Past_Proposals\NYCDOT\Awarded\2024_ESA_Planning\TEAMS that Did not win\STV-VHB\Sent\Appendix A3 Cert of a Subcontractor-KLD.pdf","Appendix A3 Cert of a Subcontractor-KLD.pdf","1/7/2025 8:12:27 PM","1/7/2025 8:12:27 PM","180786","Archive"
"F:\Bids and Proposals\Past_Proposals\NYCDOT\Awarded\2024_ESA_Planning\Tylin (SSE)\From_Tylin\FIRM NAME_Appendix A2 Cert of a Contractor..pdf","FIRM NAME_Appendix A2 Cert of a Contractor..pdf","1/20/2025 2:50:33 PM","1/20/2025 2:50:33 PM","136910","Archive"
"F:\Bids and Proposals\Past_Proposals\NYCDOT\Awarded\2024_ESA_Planning\Tylin (SSE)\From_Tylin\FIRM NAME_Appendix A3 Cert of a Subcontractor.pdf","FIRM NAME_Appendix A3 Cert of a Subcontractor.pdf","12/20/2024 8:52:00 AM","12/20/2024 8:52:00 AM","136929","Archive"
"F:\Bids and Proposals\Past_Proposals\NYCDOT\Awarded\2024_ESA_Planning\Tylin (SSE)\PreAward\Sent\Appendix A2 Cert of a Contractor_signed.pdf","Appendix A2 Cert of a Contractor_signed.pdf","1/20/2025 2:51:23 PM","1/8/2025 10:59:38 AM","184246","Archive"
"F:\Bids and Proposals\Past_Proposals\NYCDOT\Awarded\2024_ESA_Planning\Tylin (SSE)\PreAward\Sent\KLD_Appendix A3 Cert of a Subcontractor.pdf","KLD_Appendix A3 Cert of a Subcontractor.pdf","12/30/2024 10:33:20 PM","12/30/2024 10:33:19 PM","180995","Archive"
"F:\Bids and Proposals\Past_Proposals\NYCDOT\Awarded\2025_ITS_ESA\Pre-Award\RFP\Appendix B Proposed Contractual Agreement.pdf","Appendix B Proposed Contractual Agreement.pdf","10/30/2025 1:14:16 AM","10/30/2025 1:14:16 AM","458457","Archive"
"F:\Bids and Proposals\Past_Proposals\NYCDOT\Awarded\2025_ITS_ESA\Pre-Award\RFP\MacBridePrinciplesProvisionsContractorsRider(1).pdf","MacBridePrinciplesProvisionsContractorsRider(1).pdf","10/30/2025 1:13:54 AM","10/30/2025 1:13:54 AM","68645","Archive"
"F:\Bids and Proposals\Past_Proposals\NYCDOT\Awarded\854_HDR_EMTS\Invoicing\Contract Notes.PNG","Contract Notes.PNG","4/5/2016 9:38:12 AM","4/5/2016 9:38:12 AM","390082","Archive"
"F:\Bids and Proposals\Past_Proposals\NYCDOT\Awarded\854_HDR_EMTS\SI-2000_Moved_to_ESA_URS_2011\11 130108.NYC DOT ESA Contract Rates - KLD Engineering.pdf","11 130108.NYC DOT ESA Contract Rates - KLD Engineering.pdf","4/5/2016 10:37:03 AM","4/5/2016 10:37:03 AM","58168","Archive"
"F:\Bids and Proposals\Past_Proposals\NYCDOT\Awarded\875_Weidlinger_QBB\875 Budget_Discussions\201601016 KLD -- Subcontractor Profile Form (rev 8 26 15).xlsx","201601016 KLD -- Subcontractor Profile Form (rev 8 26 15).xlsx","7/4/2016 9:37:19 PM","7/4/2016 9:37:19 PM","56920","Archive"
"F:\Bids and Proposals\Past_Proposals\NYCDOT\Awarded\875_Weidlinger_QBB\875.2 2020-May\SCP-099d -QBB Replacement of Upper Roadways (Contract 10) 4th Amendment.pdf","SCP-099d -QBB Replacement of Upper Roadways (Contract 10) 4th Amendment.pdf","12/31/4500 7:00:00 PM","5/12/2020 2:46:26 PM","442697","Archive"
"F:\Bids and Proposals\Past_Proposals\NYCDOT\Awarded\875_Weidlinger_QBB\Invoices\SI-2000\2022\Archive\KLD-FY2022_New to Contract_02062023.xls","KLD-FY2022_New to Contract_02062023.xls","2/6/2023 3:38:02 PM","2/6/2023 3:42:11 PM","1119744","Archive"
"F:\Bids and Proposals\Past_Proposals\NYCDOT\Awarded\875_Weidlinger_QBB\Invoices\SI-2000\2023\archive\Sent_03312023\KLD-FY2022_New to Contract_03242023.xls","KLD-FY2022_New to Contract_03242023.xls","3/27/2023 8:38:31 AM","3/31/2023 9:50:04 AM","1547776","Archive"
"F:\Bids and Proposals\Past_Proposals\NYCDOT\Awarded\NYCDOT_ESA_ITS\2018_HDR\HDR Team\Contract Timeline.docx","Contract Timeline.docx","3/2/2020 4:50:00 PM","3/2/2020 4:54:16 PM","284781","Archive"
"F:\Bids and Proposals\Past_Proposals\NYCDOT\Awarded\NYCDOT_ESA_ITS\2018_HDR\HDR Team\AAP21LL NYS and similar\2025\3.Subcontractor profile form -- TO4 .xlsx","3.Subcontractor profile form -- TO4 .xlsx","3/26/2025 9:15:35 PM","3/26/2025 9:15:35 PM","58452","Archive"
"F:\Bids and Proposals\Past_Proposals\NYCDOT\Awarded\NYCDOT_ESA_ITS\2018_HDR\HDR Team\Meetings\20221219\221220.NYCDOT.ESA-Task-8-TrafficSimulation.Contractual Fee_Rev2_with Original Hours.pdf","221220.NYCDOT.ESA-Task-8-TrafficSimulation.Contractual Fee_Rev2_with Original Hours.pdf","12/20/2022 11:08:39 AM","12/20/2022 11:08:40 AM","232472","Archive"
"F:\Bids and Proposals\Past_Proposals\NYCDOT\Awarded\NYCDOT_ESA_ITS\2018_HDR\HDR Team\Meetings\20221219\221220.NYCDOT.ESA-Task-8-TrafficSimulation.Contractual Fee_Rev2_with Original Hours.xlsx","221220.NYCDOT.ESA-Task-8-TrafficSimulation.Contractual Fee_Rev2_with Original Hours.xlsx","12/20/2022 11:08:38 AM","12/20/2022 11:08:39 AM","62925","Archive"
"F:\Bids and Proposals\Past_Proposals\NYCDOT\Awarded\NYCDOT_ESA_ITS\2018_HDR\HDR Team\Misc\2022-2023 EAB Related Items\230120.NYCDOT.ESA-Task-2-TrafficSignalProgression.Contractual Fee_Rev10.xlsx","230120.NYCDOT.ESA-Task-2-TrafficSignalProgression.Contractual Fee_Rev10.xlsx","1/27/2023 1:04:58 PM","1/27/2023 1:04:58 PM","175891","Archive"
"F:\Bids and Proposals\Past_Proposals\NYCDOT\Awarded\NYCDOT_ESA_ITS\2018_HDR\HDR Team\Misc\2022-2023 EAB Related Items\230120.NYCDOT.ESA-Task-2-TrafficSignalProgression.Contractual Fee_Rev10_BY_FIRM.pdf","230120.NYCDOT.ESA-Task-2-TrafficSignalProgression.Contractual Fee_Rev10_BY_FIRM.pdf","1/27/2023 1:04:57 PM","1/27/2023 1:04:58 PM","540343","Archive"
"F:\Bids and Proposals\Past_Proposals\NYCDOT\Awarded\NYCDOT_ESA_ITS\2018_HDR\HDR Team\Misc\2022-2023 EAB Related Items\230120.NYCDOT.ESA-Task-2-TrafficSignalProgression.Contractual Fee_Rev9.pdf","230120.NYCDOT.ESA-Task-2-TrafficSignalProgression.Contractual Fee_Rev9.pdf","1/27/2023 12:04:11 PM","1/27/2023 12:04:11 PM","812731","Archive"
"F:\Bids and Proposals\Past_Proposals\NYCDOT\Awarded\NYCDOT_ESA_ITS\2018_HDR\HDR Team\Misc\2022-2023 EAB Related Items\230120.NYCDOT.ESA-Task-2-TrafficSignalProgression.Contractual Fee_Rev9_BY_FIRM.pdf","230120.NYCDOT.ESA-Task-2-TrafficSignalProgression.Contractual Fee_Rev9_BY_FIRM.pdf","1/27/2023 12:04:08 PM","1/27/2023 12:04:08 PM","237357","Archive"
"F:\Bids and Proposals\Past_Proposals\NYCDOT\Awarded\NYCDOT_ESA_ITS\2018_HDR\HDR Team\Misc\2022-2023 EAB Related Items\230120.NYCDOT.ESA-Task-2-TrafficSignalProgression.Contractual Fee_Rev9_Reorder_Only.xlsx","230120.NYCDOT.ESA-Task-2-TrafficSignalProgression.Contractual Fee_Rev9_Reorder_Only.xlsx","1/27/2023 12:04:10 PM","1/27/2023 12:04:10 PM","176294","Archive"
"F:\Bids and Proposals\Past_Proposals\NYCDOT\Awarded\NYCDOT_ESA_ITS\2018_HDR\HDR Team\Misc\2022-2023 EAB Related Items\APPENDIX_D_230120.NYCDOT.ESA-Task-2-TrafficSignalProgression.Contractual Fee_Rev10.pdf","APPENDIX_D_230120.NYCDOT.ESA-Task-2-TrafficSignalProgression.Contractual Fee_Rev10.pdf","1/27/2023 1:04:59 PM","1/27/2023 1:05:00 PM","813836","Archive"
"F:\Bids and Proposals\Past_Proposals\NYCDOT\Awarded\NYCDOT_ESA_ITS\2018_HDR\HDR Team\SI-2000\1051 SI-2000 prep\ITS ESA HDR Contract SI 2000 Approval Scenarios (1).xlsx","ITS ESA HDR Contract SI 2000 Approval Scenarios (1).xlsx","7/6/2020 10:24:33 AM","7/6/2020 10:24:34 AM","19376","Archive"
"F:\Bids and Proposals\Past_Proposals\NYCDOT\Awarded\NYCDOT_ESA_ITS\2018_HDR\HDR Team\SI-2000\All Task SI-2000\SI2000_KLD FY_2023_NewToContract.pdf","SI2000_KLD FY_2023_NewToContract.pdf","9/29/2022 9:53:55 AM","9/29/2022 11:32:04 AM","309885","Archive"
"F:\Bids and Proposals\Past_Proposals\NYCDOT\Awarded\NYCDOT_ESA_ITS\2018_HDR\HDR Team\SI-2000\All Task SI-2000\SI2000_KLD FY_2023_NewToContract.xls","SI2000_KLD FY_2023_NewToContract.xls","9/29/2022 9:05:01 AM","9/29/2022 9:39:13 AM","41472","Archive"
"F:\Bids and Proposals\Past_Proposals\NYCDOT\Awarded\NYCDOT_ESA_ITS\2018_HDR\HDR Team\SI-2000\All Task SI-2000\OLD\SI2000_KLD FY_2023_NewToContract_FS.xls","SI2000_KLD FY_2023_NewToContract_FS.xls","9/29/2022 9:05:01 AM","12/8/2022 3:23:01 PM","40448","Archive"
"F:\Bids and Proposals\Past_Proposals\NYCDOT\Awarded\NYCDOT_ESA_ITS\2018_HDR\HDR Team\SI-2000\All Task SI-2000\Sent\FY2023 NewToContract","FY2023 NewToContract","11/2/2023 2:15:26 PM","12/8/2022 3:21:25 PM",,"Directory"
"F:\Bids and Proposals\Past_Proposals\NYCDOT\Awarded\NYCDOT_ESA_ITS\2018_HDR\HDR Team\SI-2000\All Task SI-2000\Sent\FY2023 NewToContract\SI2000_KLD FY_2023_NewToContract.pdf","SI2000_KLD FY_2023_NewToContract.pdf","9/29/2022 11:39:28 AM","9/29/2022 11:32:04 AM","309885","Archive"
"F:\Bids and Proposals\Past_Proposals\NYCDOT\Awarded\NYCDOT_ESA_ITS\2018_HDR\HDR Team\SI-2000\All Task SI-2000\Sent\FY2023 NewToContract\SI2000_KLD FY_2023_NewToContract.xls","SI2000_KLD FY_2023_NewToContract.xls","9/29/2022 11:39:26 AM","9/29/2022 9:39:13 AM","41472","Archive"
"F:\Bids and Proposals\Past_Proposals\NYCDOT\Awarded\NYCDOT_ESA_ITS\2018_HDR\HDR Team\SI-2000\OLD\ITS ESA HDR Contract SI 2000 Approval Scenarios.xlsx","ITS ESA HDR Contract SI 2000 Approval Scenarios.xlsx","6/19/2020 5:08:25 PM","6/19/2020 5:08:26 PM","19376","Archive"
"F:\Bids and Proposals\Past_Proposals\NYCDOT\Awarded\NYCDOT_ESA_ITS\2018_HDR\HDR Team\Subconsultant agreements\Attachment A-1_NYCDOT ITS Contract TF01ESA5_redacted_.pdf","Attachment A-1_NYCDOT ITS Contract TF01ESA5_redacted_.pdf","5/20/2026 11:18:47 AM","5/20/2026 11:18:53 AM","24302010","Archive"
"F:\Bids and Proposals\Past_Proposals\NYCDOT\Awarded\NYCDOT_ESA_ITS\2018_HDR\HDR Team\Subconsultant agreements\Executed Master SubContract-KLD Eng_NYCDOT-ITS_TF01ESA5_SIGNED_06.1.2019.pdf","Executed Master SubContract-KLD Eng_NYCDOT-ITS_TF01ESA5_SIGNED_06.1.2019.pdf","5/20/2026 11:18:45 AM","5/20/2026 11:18:45 AM","702256","Archive"
"F:\Bids and Proposals\Past_Proposals\NYCDOT\Awarded\NYCDOT_ESA_ITS\2018_HDR\HDR Team\Subconsultant agreements\2020\Executed Master SubContract-KLD Eng_NYCDOT-ITS_TF01ESA5_SIGNED_02.06.20.pdf","Executed Master SubContract-KLD Eng_NYCDOT-ITS_TF01ESA5_SIGNED_02.06.20.pdf","4/3/2020 11:40:56 AM","4/3/2020 11:40:57 AM","702256","Archive"
"F:\Bids and Proposals\Past_Proposals\NYCDOT\Awarded\NYCDOT_ESA_ITS\2018_HDR\HDR Team\Subconsultant agreements\2020\NYCDOT ITS Contract TF01ESA5_redacted.pdf","NYCDOT ITS Contract TF01ESA5_redacted.pdf","1/29/2020 10:48:55 AM","1/29/2020 10:48:55 AM","24336649","Archive"
"F:\Bids and Proposals\Past_Proposals\NYCDOT\Awarded\NYCDOT_ESA_ITS\2018_HDR\HDR Team\Task Orders\2019\TO1_NYCDOT_MDA_Staffing_Task_Order\T01 Sub Agreement\210520.TO1 Traffic Simulation_KLD - Subcontract Completion Notice.pdf","210520.TO1 Traffic Simulation_KLD - Subcontract Completion Notice.pdf","5/28/2021 5:20:47 PM","6/1/2021 8:22:00 AM","85941","Archive"
"F:\Bids and Proposals\Past_Proposals\NYCDOT\Awarded\NYCDOT_ESA_ITS\2018_HDR\HDR Team\Task Orders\2019\TO1_NYCDOT_MDA_Staffing_Task_Order\T01 Sub Agreement\210520.TO1 Traffic Simulation_KLD - Subcontract Completion Notice_Signed.pdf","210520.TO1 Traffic Simulation_KLD - Subcontract Completion Notice_Signed.pdf","5/28/2021 5:20:47 PM","6/1/2021 8:21:36 AM","156746","Archive"
"F:\Bids and Proposals\Past_Proposals\NYCDOT\Awarded\NYCDOT_ESA_ITS\2018_HDR\HDR Team\Task Orders\2019\TO2_Retiming\For Next Contract","For Next Contract","1/25/2024 12:49:15 PM","10/7/2024 8:09:21 AM",,"Directory"
"F:\Bids and Proposals\Past_Proposals\NYCDOT\Awarded\NYCDOT_ESA_ITS\2018_HDR\HDR Team\Task Orders\2019\TO2_Retiming\Subcontract","Subcontract","11/2/2023 2:16:26 PM","7/15/2024 8:49:44 PM",,"Directory"
"F:\Bids and Proposals\Past_Proposals\NYCDOT\Awarded\NYCDOT_ESA_ITS\2018_HDR\HDR Team\Task Orders\2019\TO2_Retiming\PASSPort_NYCDOT City Traffic Signal Progression Project_Perf Evaluation 2024_Luigi_ACCEPTED_5-16-2025.pdf","PASSPort_NYCDOT City Traffic Signal Progression Project_Perf Evaluation 2024_Luigi_ACCEPTED_5-16-2025.pdf","5/19/2025 8:58:31 AM","5/19/2025 8:58:32 AM","779896","Archive"
"F:\Bids and Proposals\Past_Proposals\NYCDOT\Awarded\NYCDOT_ESA_ITS\2018_HDR\HDR Team\Task Orders\2019\TO2_Retiming\Invoices\4T recon companion\February 2023\221221.NYCDOT.ESA-Task-2-TrafficSignalProgression.Contractual Fee_Rev5.xlsx","221221.NYCDOT.ESA-Task-2-TrafficSignalProgression.Contractual Fee_Rev5.xlsx","12/21/2022 8:59:09 PM","12/21/2022 8:59:10 PM","170117","Archive"
"F:\Bids and Proposals\Past_Proposals\NYCDOT\Awarded\NYCDOT_ESA_ITS\2018_HDR\HDR Team\Task Orders\2019\TO2_Retiming\Invoices\4T recon companion\February 2023\OLD\221201.NYCDOT.ESA-Task-2-TrafficSignalProgression.Contractual Fee_Rev4_ModKLD.xlsx","221201.NYCDOT.ESA-Task-2-TrafficSignalProgression.Contractual Fee_Rev4_ModKLD.xlsx","12/16/2022 9:13:07 AM","12/17/2022 9:29:23 PM","180313","Archive"
"F:\Bids and Proposals\Past_Proposals\NYCDOT\Awarded\NYCDOT_ESA_ITS\2018_HDR\HDR Team\Task Orders\2019\TO2_Retiming\Invoices\4T recon companion\February 2023\OLD\From HDR\221201.NYCDOT.ESA-Task-2-TrafficSignalProgression.Contractual Fee_Rev4_with Original Hours.xlsx","221201.NYCDOT.ESA-Task-2-TrafficSignalProgression.Contractual Fee_Rev4_with Original Hours.xlsx","12/16/2022 6:37:05 AM","12/16/2022 6:37:06 AM","179709","Archive"
"F:\Bids and Proposals\Past_Proposals\NYCDOT\Awarded\NYCDOT_ESA_ITS\2018_HDR\HDR Team\Task Orders\2019\TO2_Retiming\Invoices\4T recon companion\February 2023\OLD\From HDR\221219.NYCDOT.ESA-Task-2-TrafficSignalProgression.Contractual Fee_Rev5_with Original Hours.xlsx","221219.NYCDOT.ESA-Task-2-TrafficSignalProgression.Contractual Fee_Rev5_with Original Hours.xlsx","12/20/2022 10:25:38 AM","12/20/2022 10:25:39 AM","180632","Archive"
"F:\Bids and Proposals\Past_Proposals\NYCDOT\Awarded\NYCDOT_ESA_ITS\2018_HDR\HDR Team\Task Orders\2019\TO2_Retiming\Invoices\4T recon companion\February 2023\Working Files\221221.NYCDOT.ESA-Task-2-TrafficSignalProgression.Contractual Fee_Rev5_to_KLD.xlsx","221221.NYCDOT.ESA-Task-2-TrafficSignalProgression.Contractual Fee_Rev5_to_KLD.xlsx","12/21/2022 6:25:27 PM","12/21/2022 6:25:28 PM","172478","Archive"
"F:\Bids and Proposals\Past_Proposals\NYCDOT\Awarded\NYCDOT_ESA_ITS\2018_HDR\HDR Team\Task Orders\2019\TO2_Retiming\Invoices\4T recon companion\February 2023\Working Files\221221.NYCDOT.ESA-Task-2-TrafficSignalProgression.Contractual Fee_Rev5_to_KLD_ST.xlsx","221221.NYCDOT.ESA-Task-2-TrafficSignalProgression.Contractual Fee_Rev5_to_KLD_ST.xlsx","12/21/2022 7:08:05 PM","12/21/2022 7:57:28 PM","172424","Archive"
"F:\Bids and Proposals\Past_Proposals\NYCDOT\Awarded\NYCDOT_ESA_ITS\2018_HDR\HDR Team\Task Orders\2019\TO2_Retiming\Invoices\NCFT and 4T recon companion\February 2023\221221.NYCDOT.ESA-Task-2-TrafficSignalProgression.Contractual Fee_Rev5.xlsx","221221.NYCDOT.ESA-Task-2-TrafficSignalProgression.Contractual Fee_Rev5.xlsx","12/21/2022 8:59:09 PM","12/21/2022 8:59:10 PM","170117","Archive"
"F:\Bids and Proposals\Past_Proposals\NYCDOT\Awarded\NYCDOT_ESA_ITS\2018_HDR\HDR Team\Task Orders\2019\TO2_Retiming\Invoices\NCFT and 4T recon companion\February 2023\OLD\221201.NYCDOT.ESA-Task-2-TrafficSignalProgression.Contractual Fee_Rev4_ModKLD.xlsx","221201.NYCDOT.ESA-Task-2-TrafficSignalProgression.Contractual Fee_Rev4_ModKLD.xlsx","12/16/2022 9:13:07 AM","12/17/2022 9:29:23 PM","180313","Archive"
"F:\Bids and Proposals\Past_Proposals\NYCDOT\Awarded\NYCDOT_ESA_ITS\2018_HDR\HDR Team\Task Orders\2019\TO2_Retiming\Invoices\NCFT and 4T recon companion\February 2023\OLD\From HDR\221201.NYCDOT.ESA-Task-2-TrafficSignalProgression.Contractual Fee_Rev4_with Original Hours.xlsx","221201.NYCDOT.ESA-Task-2-TrafficSignalProgression.Contractual Fee_Rev4_with Original Hours.xlsx","12/16/2022 6:37:05 AM","12/16/2022 6:37:06 AM","179709","Archive"
"F:\Bids and Proposals\Past_Proposals\NYCDOT\Awarded\NYCDOT_ESA_ITS\2018_HDR\HDR Team\Task Orders\2019\TO2_Retiming\Invoices\NCFT and 4T recon companion\February 2023\OLD\From HDR\221219.NYCDOT.ESA-Task-2-TrafficSignalProgression.Contractual Fee_Rev5_with Original Hours.xlsx","221219.NYCDOT.ESA-Task-2-TrafficSignalProgression.Contractual Fee_Rev5_with Original Hours.xlsx","12/20/2022 10:25:38 AM","12/20/2022 10:25:39 AM","180632","Archive"
"F:\Bids and Proposals\Past_Proposals\NYCDOT\Awarded\NYCDOT_ESA_ITS\2018_HDR\HDR Team\Task Orders\2019\TO2_Retiming\Invoices\NCFT and 4T recon companion\February 2023\Working Files\221221.NYCDOT.ESA-Task-2-TrafficSignalProgression.Contractual Fee_Rev5_to_KLD.xlsx","221221.NYCDOT.ESA-Task-2-TrafficSignalProgression.Contractual Fee_Rev5_to_KLD.xlsx","12/21/2022 6:25:27 PM","12/21/2022 6:25:28 PM","172478","Archive"
"F:\Bids and Proposals\Past_Proposals\NYCDOT\Awarded\NYCDOT_ESA_ITS\2018_HDR\HDR Team\Task Orders\2019\TO2_Retiming\Invoices\NCFT and 4T recon companion\February 2023\Working Files\221221.NYCDOT.ESA-Task-2-TrafficSignalProgression.Contractual Fee_Rev5_to_KLD_ST.xlsx","221221.NYCDOT.ESA-Task-2-TrafficSignalProgression.Contractual Fee_Rev5_to_KLD_ST.xlsx","12/21/2022 7:08:05 PM","12/21/2022 7:57:28 PM","172424","Archive"
"F:\Bids and Proposals\Past_Proposals\NYCDOT\Awarded\NYCDOT_ESA_ITS\2018_HDR\HDR Team\Task Orders\2019\TO2_Retiming\Subcontract\Subcontractor Profile Form -- TO2.pdf","Subcontractor Profile Form -- TO2.pdf","7/2/2024 8:34:23 AM","7/2/2024 8:45:47 AM","864397","Archive"
"F:\Bids and Proposals\Past_Proposals\NYCDOT\Awarded\NYCDOT_ESA_ITS\2018_HDR\HDR Team\Task Orders\2019\TO2_Retiming\Subcontract\Other - non-KLD forms\Subcontractor Profile Form.pdf","Subcontractor Profile Form.pdf","7/1/2024 3:16:20 PM","7/1/2024 3:16:21 PM","423745","Archive"
"F:\Bids and Proposals\Past_Proposals\NYCDOT\Awarded\NYCDOT_ESA_ITS\2018_HDR\HDR Team\Task Orders\2019\TO4_Video Analytics\Contracts","Contracts","11/2/2023 2:16:27 PM","1/31/2025 4:11:24 PM",,"Directory"
"F:\Bids and Proposals\Past_Proposals\NYCDOT\Awarded\NYCDOT_ESA_ITS\2018_HDR\HDR Team\Task Orders\2019\TO4_Video Analytics\Contracts\Executed Master SubContract-KLD Eng_NYCDOT-ITS_TF01ESA5_SIGNED_02.06.20.pdf","Executed Master SubContract-KLD Eng_NYCDOT-ITS_TF01ESA5_SIGNED_02.06.20.pdf","12/31/4500 7:00:00 PM","5/5/2020 4:41:09 PM","702256","Archive"
"F:\Bids and Proposals\Past_Proposals\NYCDOT\Awarded\NYCDOT_ESA_ITS\2018_HDR\HDR Team\Task Orders\2020\TO5_NYCDOT_Staffing_Task_Order_Phase2\Contract docs","Contract docs","11/2/2023 2:44:54 PM","11/16/2023 3:58:04 PM",,"Directory"
"F:\Bids and Proposals\Past_Proposals\NYCDOT\Awarded\NYCDOT_ESA_ITS\2018_HDR\HDR Team\Task Orders\2020\TO5_NYCDOT_Staffing_Task_Order_Phase2\Contract docs\Executed Master SubContract-KLD Eng_NYCDOT-ITS_TF01ESA5_SIGNED_02.06.20.pdf","Executed Master SubContract-KLD Eng_NYCDOT-ITS_TF01ESA5_SIGNED_02.06.20.pdf","3/26/2021 1:29:12 PM","3/26/2021 1:29:13 PM","702256","Archive"
"F:\Bids and Proposals\Past_Proposals\NYCDOT\Awarded\NYCDOT_ESA_ITS\2018_HDR\HDR Team\Task Orders\2020\TO7_Parking_Study\Subcontract","Subcontract","11/2/2023 2:46:51 PM","5/19/2022 10:02:19 AM",,"Directory"
"F:\Bids and Proposals\Past_Proposals\NYCDOT\Awarded\NYCDOT_ESA_ITS\2018_HDR\HDR Team\Task Orders\2020\TO7_Parking_Study\Subcontract\Executed Master SubContract-KLD Eng_NYCDOT-ITS_TF01ESA5_SIGNED_02.06.20.pdf","Executed Master SubContract-KLD Eng_NYCDOT-ITS_TF01ESA5_SIGNED_02.06.20.pdf","5/19/2022 9:39:00 AM","5/19/2022 9:39:03 AM","702256","Archive"
"F:\Bids and Proposals\Past_Proposals\NYCDOT\Awarded\NYCDOT_ESA_ITS\2018_HDR\HDR Team\Task Orders\2022\TO-8 MDA Staff Support\NCFT\231204.NYCDOT.ESA-Task-8-TrafficSimulation.Contractual Fee_NCFT#2.xlsx","231204.NYCDOT.ESA-Task-8-TrafficSimulation.Contractual Fee_NCFT#2.xlsx","12/5/2023 11:22:00 AM","12/5/2023 11:22:00 AM","67229","Archive"
"F:\Bids and Proposals\Past_Proposals\NYCDOT\Awarded\NYCDOT_ESA_ITS\2018_HDR\HDR Team\Task Orders\2022\TO-8 MDA Staff Support\Sub Agreement\Executed Master SubContract-KLD Eng_NYCDOT-ITS_TF01ESA5_SIGNED_02.06.20.pdf","Executed Master SubContract-KLD Eng_NYCDOT-ITS_TF01ESA5_SIGNED_02.06.20.pdf","6/30/2022 2:59:59 PM","6/30/2022 3:00:01 PM","702256","Archive"
"F:\Bids and Proposals\Past_Proposals\NYCDOT\Awarded\NYCDOT_ESA_ITS\2018_HDR\HDR Team\Task Orders\2023\TO9 LPR Data Collection\Registered_Final\231114.NYCDOT.ESA-Task-9-(TO2) Parking LPR Pilot Study.Contractual Fee_Rev_with Original Hours.xlsx","231114.NYCDOT.ESA-Task-9-(TO2) Parking LPR Pilot Study.Contractual Fee_Rev_with Original Hours.xlsx","5/14/2024 7:38:29 AM","5/14/2024 7:38:07 AM","105068","Archive"
"F:\Bids and Proposals\Past_Proposals\NYCDOT\Awarded\NYCDOT_ESA_ITS\2018_HDR\HDR Team\Task Orders\2023\TO9 LPR Data Collection\Registered_Final\Executed Master SubContract-KLD Eng_NYCDOT-ITS_TF01ESA5_SIGNED_02.06.20.pdf","Executed Master SubContract-KLD Eng_NYCDOT-ITS_TF01ESA5_SIGNED_02.06.20.pdf","9/15/2023 7:29:08 PM","9/15/2023 7:29:09 PM","702256","Archive"
"F:\Bids and Proposals\Past_Proposals\NYCDOT\Awarded\NYCDOT_ESA_ITS\2018_JHK Team\Contract_Stage","Contract_Stage","11/2/2023 2:47:03 PM","9/10/2024 10:44:30 PM",,"Directory"
"F:\Bids and Proposals\Past_Proposals\NYCDOT\Awarded\NYCDOT_ESA_ITS\2018_JHK Team\Contract_Stage\Contract Reporting Forms - all Tasks","Contract Reporting Forms - all Tasks","11/2/2023 2:47:04 PM","5/6/2022 8:29:02 AM",,"Directory"
"F:\Bids and Proposals\Past_Proposals\NYCDOT\Awarded\NYCDOT_ESA_ITS\2018_JHK Team\Contract_Stage\Subcontract BN760078","Subcontract BN760078","11/2/2023 2:47:10 PM","2/6/2023 4:24:53 PM",,"Directory"
"F:\Bids and Proposals\Past_Proposals\NYCDOT\Awarded\NYCDOT_ESA_ITS\2018_JHK Team\Contract_Stage\Directive-2-Cost-Reimbursable-Contract-Payment-Request-Audits-Reformatted-7-30-18.pdf","Directive-2-Cost-Reimbursable-Contract-Payment-Request-Audits-Reformatted-7-30-18.pdf","3/27/2023 9:31:39 PM","3/27/2023 9:31:40 PM","189996","Archive"
"F:\Bids and Proposals\Past_Proposals\NYCDOT\Awarded\NYCDOT_ESA_ITS\2018_JHK Team\Contract_Stage\Pages from ESA-Contract JHK Executed Composite.pdf","Pages from ESA-Contract JHK Executed Composite.pdf","1/12/2021 11:18:04 AM","1/12/2021 11:18:05 AM","198233","Archive"
"F:\Bids and Proposals\Past_Proposals\NYCDOT\Awarded\NYCDOT_ESA_ITS\2018_JHK Team\Meetings\20221027\Evaluation Draft Report - Bloomingdale_20221027.docx","Evaluation Draft Report - Bloomingdale_20221027.docx","10/27/2022 1:31:52 PM","10/27/2022 12:53:14 PM","8634782","Archive"
"F:\Bids and Proposals\Past_Proposals\NYCDOT\Awarded\NYCDOT_ESA_ITS\2018_JHK Team\TASK ORDERS\Detector Evaluation","Detector Evaluation","11/2/2023 2:47:40 PM","2/3/2020 10:06:59 AM",,"Directory"
"F:\Bids and Proposals\Past_Proposals\NYCDOT\Awarded\NYCDOT_ESA_ITS\2018_JHK Team\TASK ORDERS\939-1_Korean Expansion\Contractual","Contractual","11/2/2023 2:47:25 PM","9/9/2022 8:14:01 AM",,"Directory"
"F:\Bids and Proposals\Past_Proposals\NYCDOT\Awarded\NYCDOT_ESA_ITS\2018_JHK Team\TASK ORDERS\939-1_Korean Expansion\Invoices Ph2\Invoice #8\Archive\TV 287 - check contract if mileage allowed.txt","TV 287 - check contract if mileage allowed.txt","11/8/2022 7:35:31 PM","11/8/2022 7:35:32 PM","0","Archive"
"F:\Bids and Proposals\Past_Proposals\NYCDOT\Awarded\NYCDOT_ESA_ITS\2018_JHK Team\TASK ORDERS\CV_ 00D103\Drafts\Subcontract Agreement BN760078 - Task Order 1 SM.docx","Subcontract Agreement BN760078 - Task Order 1 SM.docx","5/4/2020 6:58:56 AM","5/4/2020 6:58:56 AM","28220","Archive"
"F:\Bids and Proposals\Past_Proposals\NYCDOT\Awarded\NYCDOT_ESA_ITS\2018_JHK Team\TASK ORDERS\CV_ 00D103\Drafts\Subcontract Agreement BN760078 - Task Order 1.docx","Subcontract Agreement BN760078 - Task Order 1.docx","4/22/2020 11:35:26 AM","4/22/2020 11:35:27 AM","23983","Archive"
"F:\Bids and Proposals\Past_Proposals\NYCDOT\Awarded\NYCDOT_ESA_ITS\2018_JHK Team\TASK ORDERS\CV_ 00D103\Drafts\Subcontract Agreement BN760078 - Task Order 1_Rev1.docx","Subcontract Agreement BN760078 - Task Order 1_Rev1.docx","5/5/2020 9:53:36 AM","5/5/2020 9:53:35 AM","25514","Archive"
"F:\Bids and Proposals\Past_Proposals\NYCDOT\Awarded\NYCDOT_ESA_ITS\2018_JHK Team\TASK ORDERS\CV_ 00D103\Drafts\Subcontract Agreement BN760078 - Task Order 1_Rev1.pdf","Subcontract Agreement BN760078 - Task Order 1_Rev1.pdf","5/5/2020 5:32:38 PM","5/5/2020 5:32:46 PM","119030","Archive"
"F:\Bids and Proposals\Past_Proposals\NYCDOT\Awarded\NYCDOT_ESA_ITS\2018_JHK Team\TASK ORDERS\CV_ 00D103\Drafts\Subcontract Agreement BN760078 - Task Order 1_Rev1_sig.pdf","Subcontract Agreement BN760078 - Task Order 1_Rev1_sig.pdf","5/5/2020 5:34:18 PM","5/5/2020 5:34:18 PM","171411","Archive"
"F:\Bids and Proposals\Past_Proposals\NYCDOT\Awarded\NYCDOT_ESA_ITS\2018_JHK Team\TASK ORDERS\CV_ 00D103\Final SOW and Subagreement\Subcontract Agreement BN760078 - Task Order 1_Rev1_sig-jhk - Executed.pdf","Subcontract Agreement BN760078 - Task Order 1_Rev1_sig-jhk - Executed.pdf","12/31/4500 7:00:00 PM","5/6/2020 6:35:00 PM","275177","Archive"
"F:\Bids and Proposals\Past_Proposals\NYCDOT\Awarded\NYCDOT_ESA_ITS\2018_JHK Team\TASK ORDERS\Detector Evaluation\00D-xx Detector Evaluation_v3.xlsx","00D-xx Detector Evaluation_v3.xlsx","9/5/2019 6:41:43 PM","9/5/2019 6:49:51 PM","28641","Archive"
"F:\Bids and Proposals\Past_Proposals\NYCDOT\Awarded\NYCDOT_ESA_ITS\2018_JHK Team\TASK ORDERS\Detector Evaluation\00D-xx Detector Evaluation_v4.xlsx","00D-xx Detector Evaluation_v4.xlsx","11/15/2019 3:07:47 PM","11/17/2019 6:00:59 PM","29625","Archive"
"F:\Bids and Proposals\Past_Proposals\NYCDOT\Awarded\NYCDOT_ESA_ITS\2018_JHK Team\TASK ORDERS\Detector Evaluation\00D-xx Draft Detector evaluation_20190905.docx","00D-xx Draft Detector evaluation_20190905.docx","7/31/2019 7:02:57 PM","9/5/2019 6:58:10 PM","1801616","Archive"
"F:\Bids and Proposals\Past_Proposals\NYCDOT\Awarded\NYCDOT_ESA_ITS\2018_JHK Team\TASK ORDERS\Detector Evaluation\00D-xx Draft Detector evaluation_20190905.pdf","00D-xx Draft Detector evaluation_20190905.pdf","9/17/2019 7:14:00 PM","9/17/2019 7:14:00 PM","508935","Archive"
"F:\Bids and Proposals\Past_Proposals\NYCDOT\Awarded\NYCDOT_ESA_ITS\2018_JHK Team\TASK ORDERS\Detector Evaluation\OLD\00D-xx Detector evaluation - Copy.docx","00D-xx Detector evaluation - Copy.docx","7/7/2019 5:08:07 PM","7/7/2019 5:08:32 PM","967269","Archive"
"F:\Bids and Proposals\Past_Proposals\NYCDOT\Awarded\NYCDOT_ESA_ITS\2018_JHK Team\TASK ORDERS\Detector Evaluation\OLD\00D-xx Detector Evaluation -Hour.xlsx","00D-xx Detector Evaluation -Hour.xlsx","7/7/2019 5:08:50 PM","7/7/2019 5:09:05 PM","29263","Archive"
"F:\Bids and Proposals\Past_Proposals\NYCDOT\Awarded\NYCDOT_ESA_ITS\2018_JHK Team\TASK ORDERS\Detector Evaluation\OLD\00D-xx Detector evaluation.docx","00D-xx Detector evaluation.docx","7/5/2019 3:47:05 PM","7/7/2019 4:50:33 PM","986720","Archive"
"F:\Bids and Proposals\Past_Proposals\NYCDOT\Awarded\NYCDOT_ESA_ITS\2018_JHK Team\TASK ORDERS\Detector Evaluation\OLD\00D-xx Detector Evaluation.xlsx","00D-xx Detector Evaluation.xlsx","7/5/2019 7:14:05 PM","7/22/2019 4:24:38 PM","31956","Archive"
"F:\Bids and Proposals\Past_Proposals\NYCDOT\Awarded\NYCDOT_ESA_ITS\2018_JHK Team\TASK ORDERS\Detector Evaluation\OLD\00D-xx Detector Evaluation_v1.xlsx","00D-xx Detector Evaluation_v1.xlsx","7/25/2019 10:30:12 AM","7/25/2019 10:32:59 AM","31875","Archive"
"F:\Bids and Proposals\Past_Proposals\NYCDOT\Awarded\NYCDOT_ESA_ITS\2018_JHK Team\TASK ORDERS\Detector Evaluation\OLD\00D-xx Detector Evaluation_v2.xlsx","00D-xx Detector Evaluation_v2.xlsx","7/31/2019 7:03:52 PM","7/31/2019 7:04:16 PM","33403","Archive"
"F:\Bids and Proposals\Past_Proposals\NYCDOT\Awarded\NYCDOT_ESA_ITS\2018_JHK Team\TASK ORDERS\Detector Evaluation\OLD\00D-xx Draft Detector evaluation_v1.docx","00D-xx Draft Detector evaluation_v1.docx","7/8/2019 10:12:28 AM","7/8/2019 10:18:19 AM","983673","Archive"
"F:\Bids and Proposals\Past_Proposals\NYCDOT\Awarded\NYCDOT_ESA_ITS\2018_JHK Team\TASK ORDERS\Detector Evaluation\OLD\00D-xx Draft Detector evaluation_v2.docx","00D-xx Draft Detector evaluation_v2.docx","7/8/2019 11:52:38 AM","7/8/2019 11:24:50 AM","983483","Archive"
"F:\Bids and Proposals\Past_Proposals\NYCDOT\Awarded\NYCDOT_ESA_ITS\2018_JHK Team\TASK ORDERS\Detector Evaluation\OLD\00D-xx Draft Detector evaluation_v3.docx","00D-xx Draft Detector evaluation_v3.docx","7/17/2019 3:40:34 PM","7/17/2019 7:30:00 PM","987466","Archive"
"F:\Bids and Proposals\Past_Proposals\NYCDOT\Awarded\NYCDOT_ESA_ITS\2018_JHK Team\TASK ORDERS\Detector Evaluation\OLD\00D-xx Draft Detector evaluation_v3body.docx","00D-xx Draft Detector evaluation_v3body.docx","7/17/2019 7:30:14 PM","7/17/2019 7:30:31 PM","969100","Archive"
"F:\Bids and Proposals\Past_Proposals\NYCDOT\Awarded\NYCDOT_ESA_ITS\2018_JHK Team\TASK ORDERS\Detector Evaluation\OLD\00D-xx Draft Detector evaluation_v4 ST SM.docx","00D-xx Draft Detector evaluation_v4 ST SM.docx","7/25/2019 10:11:08 AM","7/25/2019 10:11:08 AM","1804503","Archive"
"F:\Bids and Proposals\Past_Proposals\NYCDOT\Awarded\NYCDOT_ESA_ITS\2018_JHK Team\TASK ORDERS\Detector Evaluation\OLD\00D-xx Draft Detector evaluation_v4.docx","00D-xx Draft Detector evaluation_v4.docx","7/22/2019 3:59:39 PM","7/23/2019 12:52:53 PM","1799419","Archive"
"F:\Bids and Proposals\Past_Proposals\NYCDOT\Awarded\NYCDOT_ESA_ITS\2018_JHK Team\TASK ORDERS\Detector Evaluation\OLD\00D-xx Draft Detector evaluation_v5.docx","00D-xx Draft Detector evaluation_v5.docx","7/25/2019 10:14:19 AM","7/25/2019 6:40:52 PM","1802074","Archive"
"F:\Bids and Proposals\Past_Proposals\NYCDOT\Awarded\NYCDOT_ESA_ITS\2018_JHK Team\TASK ORDERS\MIM\Subcontract","Subcontract","11/2/2023 2:47:59 PM","2/6/2023 4:26:11 PM",,"Directory"
"F:\Bids and Proposals\Past_Proposals\NYCDOT\Awarded\NYCDOT_ESA_ITS\2018_JHK Team\TASK ORDERS\MIM\Invoices 00D-03\EAB Adjustments\March 2024 NCTE\Approved for 10-2-24\Multiple Award Contract(CTA1) FMS 5.10.24.pdf","Multiple Award Contract(CTA1) FMS 5.10.24.pdf","5/12/2024 11:39:07 AM","5/12/2024 11:39:11 AM","118419","Archive"
"F:\Bids and Proposals\Past_Proposals\NYCDOT\Awarded\NYCDOT_ESA_ITS\2018_JHK Team\TASK ORDERS\Other Support Task_1343\Subcontract","Subcontract","11/2/2023 2:48:00 PM","2/9/2023 11:36:31 AM",,"Directory"
"F:\Bids and Proposals\Past_Proposals\NYCDOT\Awarded\NYCDOT_Retiming_2018_952\Web Tool Task Description v0.docx","Web Tool Task Description v0.docx","10/31/2017 8:06:23 AM","10/19/2017 3:15:27 PM","2327212","Archive"
"F:\Bids and Proposals\Past_Proposals\NYCDOT\Awarded\NYCDOT_TSP_ESA\Subcontract","Subcontract","11/2/2023 2:48:57 PM","7/25/2022 1:57:38 PM",,"Directory"
"F:\Bids and Proposals\Past_Proposals\NYCDOT\Awarded\NYCDOT_TSP_ESA\KLD Subcontractor Profile Form_03042021_JHK-s.pdf","KLD Subcontractor Profile Form_03042021_JHK-s.pdf","10/15/2021 12:45:50 PM","10/15/2021 12:45:50 PM","263006","Archive"
"F:\Bids and Proposals\Past_Proposals\NYCDOT\Awarded\NYCDOT_TSP_ESA\4T\Negotiations\KLD Subcontractor Profile Form_03042021_JHK-s.pdf","KLD Subcontractor Profile Form_03042021_JHK-s.pdf","3/11/2021 8:41:34 AM","3/11/2021 8:41:35 AM","263006","Archive"
"F:\Bids and Proposals\Past_Proposals\NYCDOT\Awarded\NYCDOT_TSP_ESA\Sent\KLD Subcontractor Profile Form_03042021_incomplete.xlsx","KLD Subcontractor Profile Form_03042021_incomplete.xlsx","3/4/2021 2:14:51 PM","3/5/2021 1:42:30 AM","55261","Archive"
"F:\Bids and Proposals\Past_Proposals\NYCDOT\Awarded\NYCDOT_TSP_ESA\Sent\KLD Subcontractor Profile Form_03042021_JHK-s.pdf","KLD Subcontractor Profile Form_03042021_JHK-s.pdf","3/5/2021 8:43:50 PM","3/5/2021 8:43:51 PM","263006","Archive"
"F:\Bids and Proposals\Past_Proposals\NYCDOT\Awarded\NYCDOT_TSP_ESA\Temp-Communication\03-08\KLD Subcontractor Profile Form_03042021_JHK-s.pdf","KLD Subcontractor Profile Form_03042021_JHK-s.pdf","3/5/2021 4:55:00 PM","5/20/2021 1:31:42 PM","263006","Archive"
"F:\Bids and Proposals\Past_Proposals\NYCDOT\Info on Billing Principals\Directive-2-Cost-Reimbursable-Contract-Payment-Request-Audits-Reformatted-7-30-18.pdf","Directive-2-Cost-Reimbursable-Contract-Payment-Request-Audits-Reformatted-7-30-18.pdf","3/3/2023 7:33:46 PM","3/3/2023 7:33:48 PM","189996","Archive"
"F:\Bids and Proposals\Past_Proposals\NYCDOT\NO BID or LOST or ARCHIVED\NYCDOT_FDR_Promenade_WAITT\NYC Contract Services - Doing Business Data Form Dec 8 2016 signed.pdf","NYC Contract Services - Doing Business Data Form Dec 8 2016 signed.pdf","12/8/2016 2:12:44 PM","12/8/2016 2:12:44 PM","179225","Archive"
"F:\Bids and Proposals\Past_Proposals\NYCDOT\NO BID or LOST or ARCHIVED\NYCDOT_FDR_Promenade_WAITT\NYC Contract Services - Doing Business Data Form Dec 8 2016.pdf","NYC Contract Services - Doing Business Data Form Dec 8 2016.pdf","12/8/2016 2:12:46 PM","12/8/2016 2:12:46 PM","1868881","Archive"
"F:\Bids and Proposals\Past_Proposals\NYCDOT\NO BID or LOST or ARCHIVED\NYCDOT_FDR_Promenade_WAITT\Sent\NYC Contract Services - Doing Business Data Form Dec 8 2016 signed.pdf","NYC Contract Services - Doing Business Data Form Dec 8 2016 signed.pdf","12/16/2016 12:23:38 PM","12/16/2016 12:23:38 PM","179225","Archive"
"F:\Bids and Proposals\Past_Proposals\NYCDOT\NO BID or LOST or ARCHIVED\NYCDOT_Traffic_Signals_St_Lights_Repair_Mnt_Sys\Fortis\RFP\MWBE-LL1-Notice-to-Prospective-Contractors-092420.pdf","MWBE-LL1-Notice-to-Prospective-Contractors-092420.pdf","6/20/2022 8:41:00 AM","6/20/2022 8:41:00 AM","167538","Archive"
"F:\Bids and Proposals\Past_Proposals\NYCDOT\NYCDOT_CPM_ESA_AKRF\Baldwin Street ULURP\December 2024\Insurance Requirements - DOT HWCESA16B Contract.pdf","Insurance Requirements - DOT HWCESA16B Contract.pdf","12/19/2024 11:05:00 AM","12/19/2024 11:05:00 AM","351427","Archive"
"F:\Bids and Proposals\Past_Proposals\NYCDOT\NYCDOT_CPM_ESA_AKRF\Brookville Blvd Mini RFP\Contractual","Contractual","5/22/2025 11:33:18 AM","5/22/2025 11:33:27 AM",,"Directory"
"F:\Bids and Proposals\Past_Proposals\NYCDOT\NYCDOT_CPM_ESA_AKRF\Brookville Blvd Mini RFP\Contractual\2-4-2025\Insurance Requirements - DOT HWCESA16B Contract.pdf","Insurance Requirements - DOT HWCESA16B Contract.pdf","2/5/2025 1:39:43 PM","2/5/2025 1:39:44 PM","351427","Archive"
"F:\Bids and Proposals\Past_Proposals\NYCDOT\NYCDOT_CPM_ESA_AKRF\Brookville Blvd Mini RFP\Proposal Stage\HWCESA16B Brookville Blvd Traffic Study Program Description_2024-5-7_v2.docx","HWCESA16B Brookville Blvd Traffic Study Program Description_2024-5-7_v2.docx","5/13/2024 4:40:23 PM","5/13/2024 4:40:23 PM","31517","Archive"
"F:\Bids and Proposals\Past_Proposals\NYCDOT\NYCDOT_CPM_ESA_AKRF\NorthernBlvd\Invoicing\DOT Contract Compliance","DOT Contract Compliance","11/2/2023 2:49:35 PM","3/31/2022 8:29:01 AM",,"Directory"
"F:\Bids and Proposals\Past_Proposals\NYCDOT\NYCDOT_ESA_Planning\AECOM Team\Contract Payments Verification","Contract Payments Verification","11/2/2023 2:49:47 PM","12/31/2024 10:58:52 AM",,"Directory"
"F:\Bids and Proposals\Past_Proposals\NYCDOT\NYCDOT_ESA_Planning\AECOM Team\2018\Contract","Contract","11/2/2023 2:49:43 PM","4/7/2022 10:55:10 AM",,"Directory"
"F:\Bids and Proposals\Past_Proposals\NYCDOT\NYCDOT_ESA_Planning\AECOM Team\2018\Contract\KLD_Contract_Rates.pdf","KLD_Contract_Rates.pdf","3/3/2020 12:08:00 PM","3/3/2020 12:08:07 PM","231415","Archive"
"F:\Bids and Proposals\Past_Proposals\NYCDOT\NYCDOT_ESA_Planning\AECOM Team\SI-2000\KLD_Contract_Rates.pdf","KLD_Contract_Rates.pdf","3/3/2020 12:08:00 PM","3/3/2020 12:08:14 PM","231415","Archive"
"F:\Bids and Proposals\Past_Proposals\NYCDOT\NYCDOT_ESA_Planning\AECOM Team\Task Orders\T34 - Jamaica Transit Evaluation","T34 - Jamaica Transit Evaluation","3/18/2026 2:08:33 PM","3/18/2026 2:09:11 PM",,"Directory"
"F:\Bids and Proposals\Past_Proposals\NYCDOT\NYCDOT_ESA_Planning\AECOM Team\Task Orders\T1 - OHFD Staff Support\OHD T1 Description.docx","OHD T1 Description.docx","11/18/2019 6:20:26 AM","11/13/2019 3:14:44 PM","15741","Archive"
"F:\Bids and Proposals\Past_Proposals\NYCDOT\NYCDOT_ESA_Planning\Sam Schwartz\Subcontractor Profile Form_KLD ENGINEERING P.C. v1.xlsx","Subcontractor Profile Form_KLD ENGINEERING P.C. v1.xlsx","6/13/2023 9:29:44 PM","6/13/2023 9:29:43 PM","58023","Archive"
"F:\Bids and Proposals\Past_Proposals\NYCDOT\NYCDOT_ESA_Planning\Sam Schwartz\Subcontractor Profile Form_KLD ENGINEERING P.C..xlsx","Subcontractor Profile Form_KLD ENGINEERING P.C..xlsx","3/15/2023 3:58:05 PM","6/13/2023 1:27:50 PM","58395","Archive"
"F:\Bids and Proposals\Past_Proposals\NYCDOT\NYCDOT_ESA_Planning\Sam Schwartz\Sent to SSE 2023-06-13\Subcontractor Profile Form_KLD ENGINEERING P.C..xlsx","Subcontractor Profile Form_KLD ENGINEERING P.C..xlsx","6/13/2023 1:05:36 PM","6/13/2023 1:27:50 PM","58395","Archive"
"F:\Bids and Proposals\Past_Proposals\NYCDOT\NYCDOT_ESA_Planning\STV Team\From STV\02. Current and Prior Contracts Matrix.docx","02. Current and Prior Contracts Matrix.docx","1/18/2018 8:07:22 AM","1/24/2018 10:57:00 AM","13526","Archive"
"F:\Bids and Proposals\Past_Proposals\NYCDOT\NYCDOT_ESA_Planning\STV Team\From STV\Files with Content\Current and Prior Contracts Matrix.docx","Current and Prior Contracts Matrix.docx","1/18/2018 8:07:22 AM","1/24/2018 8:40:41 AM","18179","Archive"
"F:\Bids and Proposals\Past_Proposals\NYCDOT\NYCDOT_ESA_Planning\WSP-PTG Team\SI-2000\Contract_rates.pdf","Contract_rates.pdf","9/15/2023 10:55:24 AM","9/15/2023 10:55:29 AM","176555","Archive"
"F:\Bids and Proposals\Past_Proposals\NYCEDC\with_Cashin","with_Cashin","11/2/2023 2:51:33 PM","8/15/2016 10:13:36 AM",,"Directory"
"F:\Bids and Proposals\Past_Proposals\NYCEDC\Fifth Avenue Corridor Public Realm Study\Proposal Stage\Thornton-Dewberry-Lost\Intent_to_Perform_as_Subcontractor_Form_0-KLD.pdf","Intent_to_Perform_as_Subcontractor_Form_0-KLD.pdf","7/25/2025 7:08:42 PM","7/30/2025 6:09:49 PM","97668","Archive"
"F:\Bids and Proposals\Past_Proposals\NYCEDC\Fifth Avenue Corridor Public Realm Study\Proposal Stage\Thornton-Dewberry-Lost\Intent_to_Perform_as_Subcontractor_Form_0-KLDsigned.pdf","Intent_to_Perform_as_Subcontractor_Form_0-KLDsigned.pdf","7/30/2025 6:10:23 PM","7/30/2025 6:10:23 PM","109528","Archive"
"F:\Bids and Proposals\Past_Proposals\NYCEDC\Fifth Avenue Corridor Public Realm Study\Proposal Stage\Thornton-Dewberry-Lost\Intent_to_Perform_as_Subcontractor_Form_0.pdf","Intent_to_Perform_as_Subcontractor_Form_0.pdf","7/25/2025 6:54:23 PM","7/25/2025 6:54:23 PM","117723","Archive"
"F:\Bids and Proposals\Past_Proposals\NYCEDC\Fifth Avenue Corridor Public Realm Study\Tylin-NV5\Proposal Stage\NYCEDC-Intent-to-Perform-as-a-Subcontractor-02-04-2015.pdf","NYCEDC-Intent-to-Perform-as-a-Subcontractor-02-04-2015.pdf","7/23/2025 3:15:05 PM","7/23/2025 3:15:05 PM","143516","Archive"
"F:\Bids and Proposals\Past_Proposals\NYCEDC\Fifth Avenue Corridor Public Realm Study\Tylin-NV5\Proposal Stage\Sent\KLD - NYCEDC-Intent-to-Perform-as-a-Subcontractor-02-04-2015.pdf","KLD - NYCEDC-Intent-to-Perform-as-a-Subcontractor-02-04-2015.pdf","7/24/2025 7:45:19 AM","7/30/2025 6:00:17 PM","118543","Archive"
"F:\Bids and Proposals\Past_Proposals\NYCEDC\Fifth Avenue Corridor Public Realm Study\Tylin-NV5\Proposal Stage\Sent\KLD - NYCEDC-Intent-to-Perform-as-a-Subcontractor-02-04-2015_v1.pdf","KLD - NYCEDC-Intent-to-Perform-as-a-Subcontractor-02-04-2015_v1.pdf","8/1/2025 10:52:02 AM","8/1/2025 10:52:02 AM","105467","Archive"
"F:\Bids and Proposals\Past_Proposals\NYCEDC\July 2012\RFP Resident Engineering Services On-Call Retainer Contract No 32020004.pdf","RFP Resident Engineering Services On-Call Retainer Contract No 32020004.pdf","7/20/2012 2:26:17 PM","7/20/2012 2:26:18 PM","1954954","Archive"
"F:\Bids and Proposals\Past_Proposals\NYCEDC\LAND USE SERVICES AND TRAFFIC ENGINEERING\2025\Mini RFPs\St.George EIS\AKRF\2026-01-21 Intent to Perform as a Subcontractor_KLD.docx","2026-01-21 Intent to Perform as a Subcontractor_KLD.docx","1/21/2026 9:40:57 AM","1/21/2026 9:41:12 AM","331533","Archive"
"F:\Bids and Proposals\Past_Proposals\NYCEDC\LAND USE SERVICES AND TRAFFIC ENGINEERING\2025\Mini RFPs\St.George EIS\AKRF\2026-01-21 Intent to Perform as a Subcontractor_KLD.pdf","2026-01-21 Intent to Perform as a Subcontractor_KLD.pdf","1/21/2026 9:41:08 AM","1/21/2026 9:41:08 AM","111406","Archive"
"F:\Bids and Proposals\Past_Proposals\NYCEDC\LAND USE SERVICES AND TRAFFIC ENGINEERING\2025\Mini RFPs\St.George EIS\AKRF\Intent to Perform as a Subcontractor_KLD.pdf","Intent to Perform as a Subcontractor_KLD.pdf","2/2/2026 3:19:10 PM","2/2/2026 3:19:10 PM","216255","Archive"
"F:\Bids and Proposals\Past_Proposals\NYCEDC\LAND USE SERVICES AND TRAFFIC ENGINEERING\2025\Mini RFPs\St.George EIS\AKRF\Sent\2026-01-21 Intent to Perform as a Subcontractor_KLD.pdf","2026-01-21 Intent to Perform as a Subcontractor_KLD.pdf","1/21/2026 9:41:08 AM","1/21/2026 9:41:08 AM","111406","Archive"
"F:\Bids and Proposals\Past_Proposals\NYCEDC\LAND USE SERVICES AND TRAFFIC ENGINEERING\2025\Mini RFPs\St.George EIS\RFP\Intent to Perform as a Subcontractor_NAME HERE.docx","Intent to Perform as a Subcontractor_NAME HERE.docx","1/21/2026 9:01:45 AM","1/21/2026 9:01:45 AM","330967","Archive"
"F:\Bids and Proposals\Past_Proposals\NYCEDC\LAND USE SERVICES AND TRAFFIC ENGINEERING\2025\Mini RFPs\St.George EIS\Tylin\Intent to Perform as a Subcontractor_KLD Engineering.pdf","Intent to Perform as a Subcontractor_KLD Engineering.pdf","1/23/2026 9:25:58 AM","1/23/2026 9:25:59 AM","86101","Archive"
"F:\Bids and Proposals\Past_Proposals\NYCEDC\LAND USE SERVICES AND TRAFFIC ENGINEERING\2025\Mini RFPs\St.George EIS\Tylin\Intent to Perform as a Subcontractor_KLD Engineering_Filled.pdf","Intent to Perform as a Subcontractor_KLD Engineering_Filled.pdf","1/23/2026 9:28:31 AM","1/23/2026 9:28:31 AM","91882","Archive"
"F:\Bids and Proposals\Past_Proposals\NYCEDC\LAND USE SERVICES AND TRAFFIC ENGINEERING\2025\Mini RFPs\St.George EIS\Tylin\Intent to Perform as a Subcontractor_KLD Engineering_Signed.pdf","Intent to Perform as a Subcontractor_KLD Engineering_Signed.pdf","1/23/2026 9:29:06 AM","1/23/2026 9:32:10 AM","22058","Archive"
"F:\Bids and Proposals\Past_Proposals\NYCEDC\LAND USE SERVICES AND TRAFFIC ENGINEERING\2025\Mini RFPs\St.George EIS\Tylin\Sent\Intent to Perform as a Subcontractor_KLD Engineering_Signed.pdf","Intent to Perform as a Subcontractor_KLD Engineering_Signed.pdf","1/23/2026 9:33:23 AM","1/23/2026 9:32:10 AM","22058","Archive"
"F:\Bids and Proposals\Past_Proposals\NYCEDC\Marine Highway (Langan)\2024-03-14 KLD Intent to Perform as Subcontractor.pdf","2024-03-14 KLD Intent to Perform as Subcontractor.pdf","3/14/2024 11:58:13 AM","3/14/2024 11:58:13 AM","64289","Archive"
"F:\Bids and Proposals\Past_Proposals\NYCEDC\Marine Highway (Langan)\Intent to Perform as Subcontractor.pdf","Intent to Perform as Subcontractor.pdf","3/7/2024 8:49:45 AM","3/7/2024 8:49:46 AM","50025","Archive"
"F:\Bids and Proposals\Past_Proposals\NYCEDC\Marine Highway (Langan)\sent\2024-03-14 KLD Intent to Perform as Subcontractor.pdf","2024-03-14 KLD Intent to Perform as Subcontractor.pdf","3/14/2024 11:58:13 AM","3/14/2024 12:01:42 PM","74233","Archive"
"F:\Bids and Proposals\Past_Proposals\NYCEDC\Transportation Planning and Policy Consultant- with HDR\Intent to Perform as a Subcontractor_sub.pdf","Intent to Perform as a Subcontractor_sub.pdf","7/24/2019 8:20:21 AM","7/24/2019 8:24:30 AM","133007","Archive"
"F:\Bids and Proposals\Past_Proposals\NYCEDC\with Arup\20180626 KLD -- Intent to Perform as a Subcontractor_Updated 12.07.2018.pdf","20180626 KLD -- Intent to Perform as a Subcontractor_Updated 12.07.2018.pdf","6/26/2018 12:02:21 PM","6/26/2018 12:00:12 PM","44921","Archive"
"F:\Bids and Proposals\Past_Proposals\NYCEDC\with Arup\20180626 KLD Signed -- Intent to Perform as a Subcontractor_Updated 12.07.2018.pdf","20180626 KLD Signed -- Intent to Perform as a Subcontractor_Updated 12.07.2018.pdf","6/26/2018 12:02:20 PM","6/26/2018 12:01:43 PM","79679","Archive"
"F:\Bids and Proposals\Past_Proposals\NYCEDC\with Arup\Intent to Perform as a Subcontractor_Updated 12.07.2018.pdf","Intent to Perform as a Subcontractor_Updated 12.07.2018.pdf","6/26/2018 11:14:28 AM","6/26/2018 11:14:31 AM","43956","Archive"
"F:\Bids and Proposals\Past_Proposals\NYCEDC\with HDR\Insurance\NYCEDC On Call Contract - Certificate of Insurance.msg","NYCEDC On Call Contract - Certificate of Insurance.msg","11/24/2014 1:16:38 PM","11/24/2014 1:16:38 PM","742912","Archive"
"F:\Bids and Proposals\Past_Proposals\NYCEDC\with HDR\RFPs\Inwood Rezoning\Intent to Perform as a Subcontractor_Updated 2-4-2015.docx","Intent to Perform as a Subcontractor_Updated 2-4-2015.docx","1/5/2016 10:51:04 AM","1/5/2016 10:51:06 AM","320872","Archive"
"F:\Bids and Proposals\Past_Proposals\NYCEDC\with HDR\RFPs\NYC Franchising\Intent to Perform as a Subcontractor_Updated 2-4-2015.docx","Intent to Perform as a Subcontractor_Updated 2-4-2015.docx","11/16/2015 9:19:39 AM","11/16/2015 6:21:00 AM","324404","Archive"
"F:\Bids and Proposals\Past_Proposals\NYCEDC\with HDR\RFPs\NYC Franchising\KLD Filled_Intent to Perform as a Subcontractor_Updated 2-4-2015.docx","KLD Filled_Intent to Perform as a Subcontractor_Updated 2-4-2015.docx","11/23/2015 11:49:28 AM","11/23/2015 11:55:56 AM","320939","Archive"
"F:\Bids and Proposals\Past_Proposals\NYCEDC\with HDR\RFPs\NYC Franchising\KLD Filled_Intent to Perform as a Subcontractor_Updated 2-4-2015.pdf","KLD Filled_Intent to Perform as a Subcontractor_Updated 2-4-2015.pdf","11/23/2015 11:53:15 AM","11/23/2015 11:53:15 AM","651897","Archive"
"F:\Bids and Proposals\Past_Proposals\NYCEDC\with HDR\RFPs\NYC Franchising\Subcontractors Participation Plan- no TSP.XLSX","Subcontractors Participation Plan- no TSP.XLSX","11/16/2015 9:19:41 AM","11/16/2015 6:21:00 AM","86989","Archive"
"F:\Bids and Proposals\Past_Proposals\NYCEDC\with HDR\Traffic Engineering On Call\2017\Sent\Supply-Service Contract and Certificate of No Change Form_20170712.pdf","Supply-Service Contract and Certificate of No Change Form_20170712.pdf","7/12/2017 1:54:06 PM","7/12/2017 1:54:06 PM","732552","Archive"
"F:\Bids and Proposals\Past_Proposals\NYCEDC\with HDR\Traffic Engineering On Call\2019\Van Wyck\Intent to Perform as a Subcontractor_Updated 022819.pdf","Intent to Perform as a Subcontractor_Updated 022819.pdf","4/12/2019 2:44:00 PM","4/12/2019 2:44:26 PM","44569","Archive"
"F:\Bids and Proposals\Past_Proposals\NYCEDC\with HDR\Traffic Engineering On Call\2019\Van Wyck\Subcontractors Participation Plan- no TSP.XLSX","Subcontractors Participation Plan- no TSP.XLSX","4/12/2019 2:44:00 PM","4/12/2019 2:44:26 PM","86989","Archive"
"F:\Bids and Proposals\Past_Proposals\NYCEDC\with HDR\Traffic Engineering On Call\2019\Van Wyck\OneDrive_1_4-12-2019\190412.Intent to Perform as a Subcontractor_Updated 022819.pdf","190412.Intent to Perform as a Subcontractor_Updated 022819.pdf","4/12/2019 2:41:35 PM","4/12/2019 6:40:00 PM","47217","Archive"
"F:\Bids and Proposals\Past_Proposals\NYCEDC\with HDR\Traffic Engineering On Call\2019\Van Wyck\OneDrive_1_4-12-2019\190412.Subcontractors Participation Plan- no TSP.xlsx","190412.Subcontractors Participation Plan- no TSP.xlsx","4/12/2019 2:41:35 PM","4/12/2019 6:40:00 PM","87077","Archive"
"F:\Bids and Proposals\Past_Proposals\NYCEDC\with HDR\Traffic Engineering On Call\2019\Van Wyck\OneDrive_1_4-12-2019\EDC-Reports\Intent to Perform as a Subcontractor_Updated 022819.pdf","Intent to Perform as a Subcontractor_Updated 022819.pdf","4/12/2019 2:41:25 PM","4/12/2019 6:40:00 PM","44569","Archive"
"F:\Bids and Proposals\Past_Proposals\NYCEDC\with HDR\Traffic Engineering On Call\2019\Van Wyck\OneDrive_1_4-12-2019\EDC-Reports\Subcontractors Participation Plan- no TSP.XLSX","Subcontractors Participation Plan- no TSP.XLSX","4/12/2019 2:41:35 PM","4/12/2019 6:40:00 PM","86989","Archive"
"F:\Bids and Proposals\Past_Proposals\NYCEDC\with HDR\Traffic Engineering On Call\2019\Van Wyck\Sent\190412.Intent to Perform as a Subcontractor_Updated 022819 Signed.pdf","190412.Intent to Perform as a Subcontractor_Updated 022819 Signed.pdf","4/12/2019 2:59:12 PM","4/12/2019 2:59:12 PM","287388","Archive"
"F:\Bids and Proposals\Past_Proposals\NYCEDC\with HDR\Traffic Engineering On Call\2019\Van Wyck\Sent\190412.Intent to Perform as a Subcontractor_Updated 022819.pdf","190412.Intent to Perform as a Subcontractor_Updated 022819.pdf","4/12/2019 2:54:50 PM","4/12/2019 2:54:50 PM","49151","Archive"
"F:\Bids and Proposals\Past_Proposals\NYSDOT\AWARDED\2019-2024 INFORM\GPI team_Job_1075\Contract","Contract","11/2/2023 2:51:39 PM","12/2/2024 9:45:30 AM",,"Directory"
"F:\Bids and Proposals\Past_Proposals\NYSDOT\AWARDED\2019-2024 INFORM\GPI team_Job_1075\Insurance\RE_ Insurance for INFORM contract.msg","RE_ Insurance for INFORM contract.msg","10/17/2019 10:08:21 AM","10/17/2019 10:08:21 AM","628736","Archive"
"F:\Bids and Proposals\Past_Proposals\NYSDOT\AWARDED\895 Cap Beam\Contracts","Contracts","11/2/2023 2:51:58 PM","6/1/2017 4:15:12 PM",,"Directory"
"F:\Bids and Proposals\Past_Proposals\NYSDOT\AWARDED\895 Cap Beam\Contracts\20170307 KLD - PS-200 Master Subcontract for Services Between URS and Subcontr.pdf","20170307 KLD - PS-200 Master Subcontract for Services Between URS and Subcontr.pdf","3/6/2017 5:43:02 AM","3/6/2017 5:43:06 AM","7636156","Archive"
"F:\Bids and Proposals\Past_Proposals\NYSDOT\AWARDED\895 Cap Beam\Contracts\20170307 KLD Initialed -- PS-200 Master Subcontract for Services Between URS and Subcontr.pdf","20170307 KLD Initialed -- PS-200 Master Subcontract for Services Between URS and Subcontr.pdf","3/6/2017 5:41:19 AM","3/6/2017 5:37:08 AM","9533928","Archive"
"F:\Bids and Proposals\Past_Proposals\NYSDOT\AWARDED\895 Cap Beam\Contracts\Draft SubContract Agreement_KLD_Cap Beam Peplacement-R2.pdf","Draft SubContract Agreement_KLD_Cap Beam Peplacement-R2.pdf","3/6/2017 5:41:18 AM","3/6/2017 5:27:58 AM","1303279","Archive"
"F:\Bids and Proposals\Past_Proposals\NYSDOT\AWARDED\D041158 ITS Network Support\NYSDOT Contracts and designation","NYSDOT Contracts and designation","3/21/2024 5:35:32 PM","3/9/2026 3:23:45 PM",,"Directory"
"F:\Bids and Proposals\Past_Proposals\NYSDOT\AWARDED\D041158 ITS Network Support\Pre-Contract items","Pre-Contract items","3/21/2024 5:35:32 PM","2/6/2026 5:23:33 PM",,"Directory"
"F:\Bids and Proposals\Past_Proposals\NYSDOT\AWARDED\D041158 ITS Network Support\Meetings\Scoping\Attendance sheet- NYSDOT Scoping meeting Contract D041158, PIN X807.29 Dt 2-15-24.pdf","Attendance sheet- NYSDOT Scoping meeting Contract D041158, PIN X807.29 Dt 2-15-24.pdf","2/22/2024 1:58:52 PM","2/22/2024 1:58:52 PM","1297654","Archive"
"F:\Bids and Proposals\Past_Proposals\NYSDOT\AWARDED\D041158 ITS Network Support\Meetings\Scoping\Final minutes-Scoping meeting, R 11 Contract D041158, PIN X807.29- Design Services for Maint & Technical Support of ITS Network.pdf","Final minutes-Scoping meeting, R 11 Contract D041158, PIN X807.29- Design Services for Maint & Technical Support of ITS Network.pdf","2/27/2024 2:31:59 PM","2/27/2024 2:31:59 PM","6663063","Archive"
"F:\Bids and Proposals\Past_Proposals\NYSDOT\AWARDED\D041158 ITS Network Support\NYSDOT Contracts and designation\SUBcontract","SUBcontract","11/4/2024 7:53:53 AM","11/18/2024 10:47:27 AM",,"Directory"
"F:\Bids and Proposals\Past_Proposals\NYSDOT\AWARDED\D041158 ITS Network Support\NYSDOT Contracts and designation\Insurance\NYSDOT R 11 Contract D041158, PIN X807.29-Design Services - ATANE Certi of Liability Insurance rev 1.pdf","NYSDOT R 11 Contract D041158, PIN X807.29-Design Services - ATANE Certi of Liability Insurance rev 1.pdf","9/10/2024 1:54:52 PM","9/10/2024 1:54:53 PM","22371","Archive"
"F:\Bids and Proposals\Past_Proposals\NYSDOT\AWARDED\D041158 ITS Network Support\NYSDOT Contracts and designation\Invoices\D041158 Contract KLD Cost Shell.xls","D041158 Contract KLD Cost Shell.xls","3/15/2025 12:09:43 PM","3/15/2025 1:01:40 PM","143360","Archive"
"F:\Bids and Proposals\Past_Proposals\NYSDOT\AWARDED\D041158 ITS Network Support\NYSDOT Contracts and designation\PO for HDR for iRoad - NOT NEEDED -- DROPPED\Master Contract- D041158 ATANE.pdf","Master Contract- D041158 ATANE.pdf","2/6/2026 10:52:04 AM","2/6/2026 10:52:03 AM","3817666","Archive"
"F:\Bids and Proposals\Past_Proposals\NYSDOT\AWARDED\D041158 ITS Network Support\NYSDOT Contracts and designation\PO for HDR for iRoad - NOT NEEDED -- DROPPED\Master Contract- D041158 ATANE_Redacted.pdf","Master Contract- D041158 ATANE_Redacted.pdf","2/6/2026 10:52:59 AM","2/6/2026 10:53:01 AM","3637270","Archive"
"F:\Bids and Proposals\Past_Proposals\NYSDOT\AWARDED\D041158 ITS Network Support\NYSDOT Contracts and designation\PO for HDR for iRoad - NOT NEEDED -- DROPPED\Master Contract- D041158 ATANE_Redacted_old.pdf","Master Contract- D041158 ATANE_Redacted_old.pdf","2/6/2026 10:28:15 AM","2/6/2026 10:28:13 AM","5665917","Archive"
"F:\Bids and Proposals\Past_Proposals\NYSDOT\AWARDED\D041158 ITS Network Support\NYSDOT Contracts and designation\SUBcontract\NYDOT R 11 ITS Contract D041158- KLD Engineering  Subconsultant Agreement-KLD Sig.pdf","NYDOT R 11 ITS Contract D041158- KLD Engineering  Subconsultant Agreement-KLD Sig.pdf","11/18/2024 8:53:22 AM","11/18/2024 8:53:22 AM","1148804","Archive"
"F:\Bids and Proposals\Past_Proposals\NYSDOT\AWARDED\D041158 ITS Network Support\NYSDOT Contracts and designation\SUBcontract\NYDOT R 11 ITS Contract D041158- KLD Engineering  Subconsultant Agreement-KLD-ATANE Sig.pdf","NYDOT R 11 ITS Contract D041158- KLD Engineering  Subconsultant Agreement-KLD-ATANE Sig.pdf","11/18/2024 10:47:27 AM","11/18/2024 10:47:28 AM","2599356","Archive"
"F:\Bids and Proposals\Past_Proposals\NYSDOT\AWARDED\D041158 ITS Network Support\NYSDOT Contracts and designation\SUBcontract\NYDOT R 11 ITS Contract D041158- KLD Engineering  Subconsultant Agreement.pdf","NYDOT R 11 ITS Contract D041158- KLD Engineering  Subconsultant Agreement.pdf","11/4/2024 7:54:05 AM","11/4/2024 7:54:06 AM","1099102","Archive"
"F:\Bids and Proposals\Past_Proposals\NYSDOT\AWARDED\D041158 ITS Network Support\Scope and Fee Discussions\old\2024-02-20 DRAFT NYSDOT R11 ITS Maintenance Contract - KLD Cost v0.xlsx","2024-02-20 DRAFT NYSDOT R11 ITS Maintenance Contract - KLD Cost v0.xlsx","2/20/2024 9:48:23 AM","2/20/2024 10:22:14 AM","11767","Archive"
"F:\Bids and Proposals\Past_Proposals\NYSDOT\AWARDED\D041158 ITS Network Support\Scope and Fee Discussions\old\2024-02-23 DRAFT NYSDOT R11 ITS Maintenance Contract - KLD Cost v1.xlsx","2024-02-23 DRAFT NYSDOT R11 ITS Maintenance Contract - KLD Cost v1.xlsx","2/23/2024 7:02:55 AM","2/23/2024 11:26:07 AM","14109","Archive"
"F:\Bids and Proposals\Past_Proposals\NYSDOT\AWARDED\D041158 ITS Network Support\Scope and Fee Discussions\old\2024-02-23 DRAFT NYSDOT R11 ITS Maintenance Contract - KLD Cost v2.xlsx","2024-02-23 DRAFT NYSDOT R11 ITS Maintenance Contract - KLD Cost v2.xlsx","2/23/2024 12:54:15 PM","2/26/2024 9:47:25 AM","15645","Archive"
"F:\Bids and Proposals\Past_Proposals\NYSDOT\AWARDED\D041158 ITS Network Support\Scope and Fee Discussions\SOW\Sent to NYSDOT\NYSDOT R 11 ITS contract D041158 Scope document  rev 2-24-24 Draft.docx","NYSDOT R 11 ITS contract D041158 Scope document  rev 2-24-24 Draft.docx","2/25/2024 7:47:08 AM","2/25/2024 7:47:09 AM","69912","Archive, NotContentIndexed"
"F:\Bids and Proposals\Past_Proposals\NYSDOT\AWARDED\D042099 Cross Bronx Expressway PEL Study\AECOM-Awarded\Post Award\Budget from Contract.xlsx","Budget from Contract.xlsx","6/8/2026 3:06:08 PM","6/8/2026 3:28:55 PM","11615","Archive"
"F:\Bids and Proposals\Past_Proposals\NYSDOT\AWARDED\HSI R11 D041183\HDR-awarded\Contract","Contract","3/5/2025 10:23:45 PM","3/14/2025 4:22:30 PM",,"Directory"
"F:\Bids and Proposals\Past_Proposals\NYSDOT\AWARDED\HSI R11 D041183\HDR-awarded\Insurance\Cert 4 HDR Contract D041183.pdf","Cert 4 HDR Contract D041183.pdf","3/12/2025 12:06:47 PM","3/12/2025 12:06:51 PM","249806","Archive"
"F:\Bids and Proposals\Past_Proposals\NYSDOT\AWARDED\Hunts Point Access Study_AECOM_941_938\Bruckner_HuntsPt_Study\FullContractKLD.pdf","FullContractKLD.pdf","9/28/2018 2:23:23 PM","9/28/2018 2:23:24 PM","4348770","Archive"
"F:\Bids and Proposals\Past_Proposals\NYSDOT\AWARDED\Hunts Point Access Study_AECOM_941_938\Bruckner_HuntsPt_Study\FullContractKLD_KLDSigned.pdf","FullContractKLD_KLDSigned.pdf","9/28/2018 2:32:39 PM","9/28/2018 2:32:51 PM","4639328","Archive"
"F:\Bids and Proposals\Past_Proposals\NYSDOT\AWARDED\Hunts Point Access Study_AECOM_941_938\Bruckner_HuntsPt_Study\Fully Executed Contract.pdf","Fully Executed Contract.pdf","12/7/2018 2:30:46 PM","12/7/2018 1:43:27 PM","10243779","Archive"
"F:\Bids and Proposals\Past_Proposals\NYSDOT\AWARDED\NYSDOT INFORM Wiley Engineering\Contract Start - as per SA#1.JPG","Contract Start - as per SA#1.JPG","4/21/2017 4:05:06 PM","4/21/2017 4:05:06 PM","34793","Archive"
"F:\Bids and Proposals\Past_Proposals\NYSDOT\AWARDED\NYSDOT INFORM Wiley Engineering\Forms\contractor_instr_forms_a_b.pdf","contractor_instr_forms_a_b.pdf","5/5/2016 11:46:12 AM","5/5/2016 11:46:12 AM","133478","Archive"
"F:\Bids and Proposals\Past_Proposals\NYSDOT\AWARDED\NYSDOT INFORM Wiley Engineering\Forms\Form B_2017\contractor_instr_forms_a_b.pdf","contractor_instr_forms_a_b.pdf","4/19/2017 12:47:27 PM","4/19/2017 12:47:27 PM","133478","Archive"
"F:\Bids and Proposals\Past_Proposals\NYSDOT\AWARDED\NYSDOT INFORM Wiley Engineering\Forms\Form B_2018\contractor_instr_forms_a_b.pdf","contractor_instr_forms_a_b.pdf","5/10/2018 10:03:42 AM","4/19/2017 12:47:27 PM","133478","Archive"
"F:\Bids and Proposals\Past_Proposals\NYSDOT\AWARDED\NYSDOT INFORM Wiley Engineering\Invoices\Contract Overviews","Contract Overviews","11/2/2023 2:52:24 PM","11/12/2019 12:33:06 PM",,"Directory"
"F:\Bids and Proposals\Past_Proposals\NYSDOT\AWARDED\NYSDOT INFORM Wiley Engineering\Invoices\Contract Overviews\Contract overview.xlsx","Contract overview.xlsx","11/7/2019 1:50:58 PM","11/12/2019 12:33:06 PM","15002","Archive"
"F:\Bids and Proposals\Past_Proposals\NYSDOT\AWARDED\NYSDOT INFORM Wiley Engineering\Invoices\Invoice 42\Contract - Supplement Amounts.pdf","Contract - Supplement Amounts.pdf","4/17/2019 1:28:21 PM","4/17/2019 1:28:21 PM","160094","Archive"
"F:\Bids and Proposals\Past_Proposals\NYSDOT\AWARDED\NYSDOT INFORM Wiley Engineering\Invoices\Invoice 42\Contract - Supplement Amounts_notes.xlsx","Contract - Supplement Amounts_notes.xlsx","5/8/2019 4:06:24 PM","5/8/2019 6:04:21 PM","12085","Archive"
"F:\Bids and Proposals\Past_Proposals\NYSDOT\AWARDED\R10 Signals_MKLean_1048\Contractors Empl FormB","Contractors Empl FormB","11/2/2023 2:52:56 PM","5/24/2023 6:59:31 PM",,"Directory"
"F:\Bids and Proposals\Past_Proposals\NYSDOT\AWARDED\R10 Signals_MKLean_1048\Contractors Empl FormB\form-b-contractor-annual-employment-report (3).docx","form-b-contractor-annual-employment-report (3).docx","5/24/2023 6:59:31 PM","5/24/2023 6:52:24 PM","25072","Archive"
"F:\Bids and Proposals\Past_Proposals\NYSDOT\AWARDED\R10 Signals_MKLean_1048\Invoices\See Suffolk Folder for contract info","See Suffolk Folder for contract info","11/2/2023 2:53:00 PM","7/9/2019 12:14:19 PM",,"Directory"
"F:\Bids and Proposals\Past_Proposals\NYSDOT\AWARDED\R10 Signals_MKLean_1048\Suffolk\Contract Documents","Contract Documents","11/2/2023 2:53:02 PM","4/12/2019 8:03:09 PM",,"Directory"
"F:\Bids and Proposals\Past_Proposals\NYSDOT\AWARDED\TDM-ATDM_ICF_2021\ICF_ATDM_Contract_Extension.pdf","ICF_ATDM_Contract_Extension.pdf","2/21/2022 7:31:30 PM","10/8/2021 9:15:40 AM","154379","Archive"
"F:\Bids and Proposals\Past_Proposals\NYSDOT\AWARDED\TDM-ATDM_ICF_2021\Subcontractor Bio - Emerging Mobility.docx","Subcontractor Bio - Emerging Mobility.docx","12/17/2021 7:29:41 PM","12/17/2021 7:29:42 PM","22051","Archive"
"F:\Bids and Proposals\Past_Proposals\NYSDOT\AWARDED\TDM-ATDM_ICF_2021\OLD\Subcontractor Bio - Emerging Mobility_KLD.docx","Subcontractor Bio - Emerging Mobility_KLD.docx","12/17/2021 7:44:16 PM","12/27/2021 9:22:08 AM","24935","Archive"
"F:\Bids and Proposals\Past_Proposals\NYSDOT\AWARDED\TDM-ATDM_ICF_2021\OLD\Subcontractor Bio - Emerging Mobility_KLDv0.docx","Subcontractor Bio - Emerging Mobility_KLDv0.docx","12/17/2021 7:44:16 PM","12/17/2021 7:44:16 PM","24935","Archive"
"F:\Bids and Proposals\Past_Proposals\NYSDOT\AWARDED\TSMO_Bronx_HDR\Contracts","Contracts","11/2/2023 2:53:05 PM","5/14/2024 12:27:48 PM",,"Directory"
"F:\Bids and Proposals\Past_Proposals\NYSDOT\NO BID or LOST or ARCHIVED\Rick's Contract","Rick's Contract","11/2/2023 2:53:48 PM","2/25/2019 4:52:45 AM",,"Directory"
"F:\Bids and Proposals\Past_Proposals\NYSDOT\NO BID or LOST or ARCHIVED\INFORM TMC\Kapsch\Performance Evaluations.docx","Performance Evaluations.docx","4/5/2023 3:19:03 PM","4/5/2023 3:19:03 PM","12977","Archive"
"F:\Bids and Proposals\Past_Proposals\NYSDOT\NO BID or LOST or ARCHIVED\ITS Term Aggr D037989\Michael Baker\Sent\NEW YORK STATE CONTRACT SYSTEM.pdf","NEW YORK STATE CONTRACT SYSTEM.pdf","6/30/2020 4:04:51 PM","6/30/2020 4:04:52 PM","174368","Archive"
"F:\Bids and Proposals\Past_Proposals\NYSDOT\NO BID or LOST or ARCHIVED\NYSDOT_ICM_SystemIntegrator\2019\RFP\C037707 Attachment 19 - Schedule of Contract Durations (Adobe PDF).pdf","C037707 Attachment 19 - Schedule of Contract Durations (Adobe PDF).pdf","1/30/2019 1:58:53 PM","1/17/2019 1:09:56 PM","207634","Archive"
"F:\Bids and Proposals\Past_Proposals\NYSDOT\NO BID or LOST or ARCHIVED\NYSDOT_ICM_SystemIntegrator\2019\RFP\C037707 Attachment 19 - Schedule of Contract Durations (Rich Text).rtf","C037707 Attachment 19 - Schedule of Contract Durations (Rich Text).rtf","1/30/2019 1:58:53 PM","1/17/2019 1:09:34 PM","80130","Archive"
"F:\Bids and Proposals\Past_Proposals\NYSDOT\NO BID or LOST or ARCHIVED\Rick's Contract\NYS Contractor.pdf","NYS Contractor.pdf","2/25/2019 4:42:24 AM","2/25/2019 4:42:26 AM","212846","Archive"
"F:\Bids and Proposals\Past_Proposals\NYSERDA\NYSERDA_PON_2881\Resiliency Tool -- FRES Suffolk County\NYSERDA Contract 46854.pdf","NYSERDA Contract 46854.pdf","12/6/2016 11:11:11 AM","12/6/2016 11:11:11 AM","77924","Archive"
"F:\Bids and Proposals\Past_Proposals\NYSERDA\NYSERDA_PON_2881\Resiliency Tool -- FRES Suffolk County\Invoices\May22_PO Date\Signed Contract.pdf","Signed Contract.pdf","6/30/2015 11:31:21 AM","5/31/2015 8:13:44 PM","1562652","Archive"
"F:\Bids and Proposals\Past_Proposals\NYSERDA\NYSERDA_PON_2881\Resiliency Tool -- FRES Suffolk County\PostAward\Final CONTRACT","Final CONTRACT","11/2/2023 2:53:59 PM","8/15/2016 10:20:43 AM",,"Directory"
"F:\Bids and Proposals\Past_Proposals\NYSERDA\NYSERDA_PON_2881\Resiliency Tool -- FRES Suffolk County\PostAward\Final CONTRACT\Signed Contract.pdf","Signed Contract.pdf","5/31/2015 8:13:16 PM","5/31/2015 8:13:44 PM","1562652","Archive"
"F:\Bids and Proposals\Past_Proposals\NYSERDA\NYSERDA_PON_2881\Resiliency Tool -- FRES Suffolk County\Salesforce Instruction Details\Clean Transportation Contractor Portal Reference Guide.pdf","Clean Transportation Contractor Portal Reference Guide.pdf","5/12/2017 12:09:25 PM","5/12/2017 12:09:25 PM","327686","Archive"
"F:\Bids and Proposals\Past_Proposals\NYSERDA\NYSERDA_PON_3090\Table of NYSERDA Contracts.docx","Table of NYSERDA Contracts.docx","7/29/2015 11:57:21 AM","7/29/2015 12:02:49 PM","14910","Archive"
"F:\Bids and Proposals\Past_Proposals\NYSERDA\NYSERDA_PON_3090\ICM-ATDM-NYSR10-SCDPW\contract","contract","11/2/2023 2:54:04 PM","8/29/2019 1:35:13 PM",,"Directory"
"F:\Bids and Proposals\Past_Proposals\NYSERDA\NYSERDA_PON_3090\ICM-ATDM-NYSR10-SCDPW\contract\201908 Contract Mod + No Cost Extension","201908 Contract Mod + No Cost Extension","11/2/2023 2:54:04 PM","9/11/2020 12:01:52 PM",,"Directory"
"F:\Bids and Proposals\Past_Proposals\NYSERDA\NYSERDA_PON_3090\ICM-ATDM-NYSR10-SCDPW\contract\NYSERDA Contract # 83179.pdf","NYSERDA Contract # 83179.pdf","4/4/2016 5:03:10 PM","4/4/2016 5:03:10 PM","426057","Archive"
"F:\Bids and Proposals\Past_Proposals\NYSERDA\NYSERDA_PON_3090\ICM-ATDM-NYSR10-SCDPW\contract\201908 Contract Mod + No Cost Extension\DRAFT 2019 No Cost Extension + Contract Mods -- Companion 1a.xlsx","DRAFT 2019 No Cost Extension + Contract Mods -- Companion 1a.xlsx","12/25/2019 9:58:12 PM","9/5/2019 5:35:13 AM","35478","Archive"
"F:\Bids and Proposals\Past_Proposals\NYSERDA\NYSERDA_PON_3090\ICM-ATDM-NYSR10-SCDPW\contract\201908 Contract Mod + No Cost Extension\DRAFT 2019 No Cost Extension + Contract Mods -- Companion.xlsx","DRAFT 2019 No Cost Extension + Contract Mods -- Companion.xlsx","8/29/2019 1:33:39 PM","8/29/2019 2:06:17 PM","32789","Archive"
"F:\Bids and Proposals\Past_Proposals\NYSERDA\NYSERDA_PON_3090\ICM-ATDM-NYSR10-SCDPW\Job 872\Invoices\Invoice 6\DRAFT 2019 No Cost Extension + Contract Mods -- Companion.xlsx","DRAFT 2019 No Cost Extension + Contract Mods -- Companion.xlsx","10/9/2019 9:26:16 AM","10/9/2019 9:26:16 AM","32789","Archive"
"F:\Bids and Proposals\Past_Proposals\NYSERDA\PON 2045 - ACDSS Commercialization\Contract","Contract","11/2/2023 2:54:30 PM","8/15/2016 10:19:30 AM",,"Directory"
"F:\Bids and Proposals\Past_Proposals\NYSERDA\PON 2045 - ACDSS Commercialization\Brochures\Misc\ACDSS Preliminary Field Operations Evaluation Report V2.docx","ACDSS Preliminary Field Operations Evaluation Report V2.docx","1/14/2015 11:55:42 AM","4/12/2013 3:35:03 PM","471344","Archive"
"F:\Bids and Proposals\Past_Proposals\NYSERDA\PON 2045 - ACDSS Commercialization\Contract\20110324 - pon2045-contract.pdf","20110324 - pon2045-contract.pdf","1/14/2015 11:56:27 AM","2/17/2012 9:28:00 AM","13032762","Archive"
"F:\Bids and Proposals\Past_Proposals\NYSERDA\PON 2045 - ACDSS Commercialization\Contract\20130325 - pon2045-contract Amendment 1.pdf","20130325 - pon2045-contract Amendment 1.pdf","1/14/2015 11:56:29 AM","3/25/2013 10:33:00 AM","1172396","Archive"
"F:\Bids and Proposals\Past_Proposals\NYSESD\1144 AKRF-- Empire Station Complex\Contracts","Contracts","11/2/2023 2:54:42 PM","6/29/2020 12:35:36 PM",,"Directory"
"F:\Bids and Proposals\Past_Proposals\NYSESD\1144 AKRF-- Empire Station Complex\Contracts\KLD_Subcontract Agreement SM.pdf","KLD_Subcontract Agreement SM.pdf","3/5/2020 4:21:09 PM","3/5/2020 4:21:19 PM","488866","Archive"
"F:\Bids and Proposals\Past_Proposals\NYSESD\1144 AKRF-- Empire Station Complex\Contracts\KLD_Subcontract Agreement.pdf","KLD_Subcontract Agreement.pdf","3/5/2020 4:07:11 PM","6/18/2020 4:50:16 AM","106280","Archive"
"F:\Bids and Proposals\Past_Proposals\NYSESD\1144 AKRF-- Empire Station Complex\Contracts\KLD_Subcontract Agreement_2020-06-29.pdf","KLD_Subcontract Agreement_2020-06-29.pdf","6/29/2020 12:35:36 PM","6/29/2020 12:35:37 PM","1816007","Archive"
"F:\Bids and Proposals\Past_Proposals\NYSESD\1144 AKRF-- Empire Station Complex\Contracts\KLD_Subcontract Agreement_signed.pdf","KLD_Subcontract Agreement_signed.pdf","6/18/2020 6:16:05 AM","6/18/2020 6:16:06 AM","1783278","Archive"
"F:\Bids and Proposals\Past_Proposals\NYSESD\1144 AKRF-- Empire Station Complex\Contracts\Old\KLD_Subcontract Agreement.pdf","KLD_Subcontract Agreement.pdf","3/5/2020 4:07:11 PM","3/5/2020 4:07:11 PM","79032","Archive"
"F:\Bids and Proposals\Past_Proposals\NYSESD\Real Estate Development and Planning\Administrative\Ready to Send\7_NEWYORKSTATEBUSINESSESINCONTRACTPERFORMANCE_P.pdf","7_NEWYORKSTATEBUSINESSESINCONTRACTPERFORMANCE_P.pdf","6/16/2021 11:13:23 AM","6/16/2021 11:13:23 AM","124282","Archive"
"F:\Bids and Proposals\Past_Proposals\NYSESD\Real Estate Development and Planning\Administrative\Ready to Send\8_ Contractor Certification to Covered Agency, st220ca_P.pdf","8_ Contractor Certification to Covered Agency, st220ca_P.pdf","6/16/2021 11:08:21 AM","6/16/2021 11:08:21 AM","213849","Archive"
"F:\Bids and Proposals\Past_Proposals\NYSESD\Real Estate Development and Planning\Administrative\Ready to Send\before reprint\7_NEWYORKSTATEBUSINESSESINCONTRACTPERFORMANCE.pdf","7_NEWYORKSTATEBUSINESSESINCONTRACTPERFORMANCE.pdf","6/15/2021 11:22:59 PM","6/16/2021 8:13:18 AM","525612","Archive"
"F:\Bids and Proposals\Past_Proposals\PANYNJ\AWARDED\1059_PANYNJ_TE_GWB_HH_54213\PTG\Contractual","Contractual","11/2/2023 2:55:21 PM","7/1/2024 6:31:27 AM",,"Directory"
"F:\Bids and Proposals\Past_Proposals\PANYNJ\AWARDED\1059_PANYNJ_TE_GWB_HH_54213\PTG\Contractual\Contract.pdf","Contract.pdf","10/23/2019 2:54:47 PM","8/14/2019 2:15:45 PM","4949880","Archive"
"F:\Bids and Proposals\Past_Proposals\PANYNJ\AWARDED\1130_PA_58219_LT_Helix\Contract","Contract","11/2/2023 2:55:38 PM","1/16/2026 6:26:26 AM",,"Directory"
"F:\Bids and Proposals\Past_Proposals\PANYNJ\AWARDED\1130_PA_58219_LT_Helix\Contract\2020-10-26 Updated Contract Amounts SM v0.xlsx","2020-10-26 Updated Contract Amounts SM v0.xlsx","10/26/2020 10:10:22 AM","10/26/2020 10:10:21 AM","397506","Archive"
"F:\Bids and Proposals\Past_Proposals\PANYNJ\AWARDED\1130_PA_58219_LT_Helix\Contract\2022-04-28 1130 Contract Amounts Tracker v0.xlsx","2022-04-28 1130 Contract Amounts Tracker v0.xlsx","4/28/2022 12:19:09 PM","4/28/2022 12:19:08 PM","10927","Archive"
"F:\Bids and Proposals\Past_Proposals\PANYNJ\AWARDED\1130_PA_58219_LT_Helix\Contract\2023-02-06 1130 Contract Amounts Tracker v0.xlsx","2023-02-06 1130 Contract Amounts Tracker v0.xlsx","2/6/2023 7:18:03 AM","2/6/2023 7:18:06 AM","11078","Archive"
"F:\Bids and Proposals\Past_Proposals\PANYNJ\AWARDED\1130_PA_58219_LT_Helix\Contract\2023-03-07 1130 Contract Amounts Tracker v1.xlsx","2023-03-07 1130 Contract Amounts Tracker v1.xlsx","3/7/2023 2:55:59 PM","3/7/2023 2:55:58 PM","11122","Archive"
"F:\Bids and Proposals\Past_Proposals\PANYNJ\AWARDED\1130_PA_58219_LT_Helix\Contract\2023-04-28 1130 Contract Amounts Tracker v1.xlsx","2023-04-28 1130 Contract Amounts Tracker v1.xlsx","4/28/2023 2:38:38 PM","4/28/2023 2:38:38 PM","11178","Archive"
"F:\Bids and Proposals\Past_Proposals\PANYNJ\AWARDED\1132_JFK_Atkins\Contracts","Contracts","11/2/2023 2:55:54 PM","5/4/2020 9:38:00 PM",,"Directory"
"F:\Bids and Proposals\Past_Proposals\PANYNJ\AWARDED\1132_JFK_Atkins\NDA Pre Contract","NDA Pre Contract","11/2/2023 2:56:03 PM","2/11/2020 11:05:15 AM",,"Directory"
"F:\Bids and Proposals\Past_Proposals\PANYNJ\AWARDED\1132_JFK_Atkins\Contracts\Sub-agreement\LETTER SUBCONTRACT 1007431 - KLD__Fully Executed.pdf","LETTER SUBCONTRACT 1007431 - KLD__Fully Executed.pdf","5/4/2020 9:37:29 PM","5/4/2020 9:37:31 PM","4237119","Archive"
"F:\Bids and Proposals\Past_Proposals\PANYNJ\AWARDED\1132_JFK_Atkins\Contracts\Sub-agreement\Discussions\2020-04-10 KLD Letter sub-contract 1007431 Mark Up.pdf","2020-04-10 KLD Letter sub-contract 1007431 Mark Up.pdf","4/10/2020 5:07:31 PM","4/14/2020 8:07:57 AM","3362305","Archive"
"F:\Bids and Proposals\Past_Proposals\PANYNJ\AWARDED\1132_JFK_Atkins\Contracts\Sub-agreement\Discussions\2020-04-10 KLD Letter sub-contract notes.docx","2020-04-10 KLD Letter sub-contract notes.docx","4/10/2020 5:00:12 PM","4/10/2020 5:04:32 PM","33167","Archive"
"F:\Bids and Proposals\Past_Proposals\PANYNJ\AWARDED\1132_JFK_Atkins\Contracts\Sub-agreement\Discussions\2020-04-14 LETTER SUBCONTRACT 1007341 - KLD Redline Comments.docx","2020-04-14 LETTER SUBCONTRACT 1007341 - KLD Redline Comments.docx","4/14/2020 6:50:54 AM","4/14/2020 7:52:19 AM","109325","Archive"
"F:\Bids and Proposals\Past_Proposals\PANYNJ\AWARDED\1132_JFK_Atkins\Contracts\Sub-agreement\Discussions\LETTER SUBCONTRACT 1007341 - KLD Markup.docx","LETTER SUBCONTRACT 1007341 - KLD Markup.docx","4/10/2020 4:19:43 PM","4/10/2020 4:19:43 PM","103769","Archive"
"F:\Bids and Proposals\Past_Proposals\PANYNJ\AWARDED\1132_JFK_Atkins\Contracts\Sub-agreement\Discussions\LETTER SUBCONTRACT 1007341 - KLD.docx","LETTER SUBCONTRACT 1007341 - KLD.docx","4/10/2020 12:08:31 PM","4/10/2020 12:05:19 PM","103875","Archive"
"F:\Bids and Proposals\Past_Proposals\PANYNJ\AWARDED\1132_JFK_Atkins\Contracts\Sub-agreement\Discussions\LETTER SUBCONTRACT 1007431 - KLD - SM Notes.pdf","LETTER SUBCONTRACT 1007431 - KLD - SM Notes.pdf","4/9/2020 3:28:04 PM","4/9/2020 5:02:58 PM","3387389","Archive"
"F:\Bids and Proposals\Past_Proposals\PANYNJ\AWARDED\1132_JFK_Atkins\Contracts\Sub-agreement\Discussions\LETTER SUBCONTRACT 1007431 - KLD sm notes.pdf","LETTER SUBCONTRACT 1007431 - KLD sm notes.pdf","4/10/2020 12:08:33 PM","4/9/2020 7:47:01 AM","4209762","Archive"
"F:\Bids and Proposals\Past_Proposals\PANYNJ\AWARDED\1132_JFK_Atkins\Contracts\Sub-agreement\Discussions\LETTER SUBCONTRACT 1007431 - KLD WRM to Satya.pdf","LETTER SUBCONTRACT 1007431 - KLD WRM to Satya.pdf","4/9/2020 8:57:57 AM","4/9/2020 8:57:59 AM","3361566","Archive"
"F:\Bids and Proposals\Past_Proposals\PANYNJ\AWARDED\1132_JFK_Atkins\Contracts\Sub-agreement\Discussions\LETTER SUBCONTRACT 1007431 - KLD.pdf","LETTER SUBCONTRACT 1007431 - KLD.pdf","4/9/2020 7:06:54 AM","4/8/2020 2:58:41 PM","3919266","Archive"
"F:\Bids and Proposals\Past_Proposals\PANYNJ\AWARDED\1132_JFK_Atkins\Contracts\Sub-agreement\Discussions\LETTER SUBCONTRACT 1007431 - KLD_4-21-2020_FINAL KLD Signed.pdf","LETTER SUBCONTRACT 1007431 - KLD_4-21-2020_FINAL KLD Signed.pdf","4/21/2020 8:14:58 AM","4/21/2020 9:54:11 AM","4443492","Archive"
"F:\Bids and Proposals\Past_Proposals\PANYNJ\AWARDED\1132_JFK_Atkins\Contracts\Sub-agreement\Discussions\LETTER SUBCONTRACT 1007431 - KLD_4-21-2020_FINAL sm.pdf","LETTER SUBCONTRACT 1007431 - KLD_4-21-2020_FINAL sm.pdf","4/21/2020 8:15:00 AM","4/21/2020 9:50:05 AM","4384449","Archive"
"F:\Bids and Proposals\Past_Proposals\PANYNJ\AWARDED\1132_JFK_Atkins\Contracts\Sub-agreement\Discussions\LETTER SUBCONTRACT 1007431 - KLD_4-21-2020_FINAL.pdf","LETTER SUBCONTRACT 1007431 - KLD_4-21-2020_FINAL.pdf","4/21/2020 8:06:16 AM","4/21/2020 8:06:18 AM","4164138","Archive"
"F:\Bids and Proposals\Past_Proposals\PANYNJ\AWARDED\1132_JFK_Atkins\Contracts\Sub-agreement\Discussions\LETTER SUBCONTRACT 1007431 - KLD_KPW_comments.pdf","LETTER SUBCONTRACT 1007431 - KLD_KPW_comments.pdf","4/9/2020 3:26:14 PM","4/9/2020 3:26:15 PM","3385761","Archive"
"F:\Bids and Proposals\Past_Proposals\PANYNJ\AWARDED\1132_JFK_Atkins\Contracts\Sub-agreement\Discussions\LETTER SUBCONTRACT 1007431 - KLD_REV 2_4-20-2020.pdf","LETTER SUBCONTRACT 1007431 - KLD_REV 2_4-20-2020.pdf","4/20/2020 5:13:24 PM","4/20/2020 5:13:25 PM","3910323","Archive"
"F:\Bids and Proposals\Past_Proposals\PANYNJ\AWARDED\1132_JFK_Atkins\Contracts\Sub-agreement\Discussions\LETTER SUBCONTRACT 1007431 - KLD_REV 3_FINAL 4-20-2020 sm.pdf","LETTER SUBCONTRACT 1007431 - KLD_REV 3_FINAL 4-20-2020 sm.pdf","4/21/2020 8:15:02 AM","4/21/2020 6:18:55 AM","4465984","Archive"
"F:\Bids and Proposals\Past_Proposals\PANYNJ\AWARDED\1132_JFK_Atkins\Contracts\Sub-agreement\Discussions\LETTER SUBCONTRACT 1007431 - KLD_REV 3_FINAL 4-20-2020.pdf","LETTER SUBCONTRACT 1007431 - KLD_REV 3_FINAL 4-20-2020.pdf","4/21/2020 6:01:17 AM","4/21/2020 6:01:19 AM","4149587","Archive"
"F:\Bids and Proposals\Past_Proposals\PANYNJ\AWARDED\1132_JFK_Atkins\RFP\Phase 2\LETTER SUBCONTRACT (DRAFT) Attachment C SM notes.docx","LETTER SUBCONTRACT (DRAFT) Attachment C SM notes.docx","2/22/2020 10:01:57 PM","2/22/2020 10:26:51 PM","106432","Archive"
"F:\Bids and Proposals\Past_Proposals\PANYNJ\AWARDED\1132_JFK_Atkins\RFP\Phase 2\LETTER SUBCONTRACT (DRAFT) Attachment C.docx","LETTER SUBCONTRACT (DRAFT) Attachment C.docx","2/11/2020 11:05:00 AM","2/11/2020 11:05:49 AM","102958","Archive"
"F:\Bids and Proposals\Past_Proposals\PANYNJ\AWARDED\1204_PA Traffic Support_ARUP Ext\3B. PA3760B - KLD - tobesigned SM (Original Contract).pdf","3B. PA3760B - KLD - tobesigned SM (Original Contract).pdf","3/8/2022 9:38:24 AM","12/6/2021 8:29:31 AM","420028","Archive"
"F:\Bids and Proposals\Past_Proposals\PANYNJ\AWARDED\1218_Engineering Services for Redevelopment of EWR Vision Plan\ARUP\Proposal_Stage\8. MWBE Subcontracting Plan PA3760C.pdf","8. MWBE Subcontracting Plan PA3760C.pdf","4/19/2022 2:26:43 PM","4/20/2022 10:17:33 AM","200621","Archive"
"F:\Bids and Proposals\Past_Proposals\PANYNJ\AWARDED\1315 Transportation Planning and Analysis Support ? All Port Authority\VHB Job 1315\Contract Items","Contract Items","4/17/2024 2:03:53 PM","6/1/2026 1:52:14 PM",,"Directory"
"F:\Bids and Proposals\Past_Proposals\PANYNJ\AWARDED\1315 Transportation Planning and Analysis Support ? All Port Authority\VHB Job 1315\PreContract","PreContract","4/17/2024 2:03:54 PM","4/9/2024 9:27:38 AM",,"Directory"
"F:\Bids and Proposals\Past_Proposals\PANYNJ\AWARDED\1322 Design And Post Design Support For GWB RTG\GPI\Contracts","Contracts","5/30/2024 11:29:19 AM","4/29/2026 12:47:53 PM",,"Directory"
"F:\Bids and Proposals\Past_Proposals\PANYNJ\AWARDED\1342 PANYNJ EWR Traffic Support_VHB\VHB\Contract Stage","Contract Stage","12/9/2025 8:52:06 AM","12/9/2025 8:52:19 AM",,"Directory"
"F:\Bids and Proposals\Past_Proposals\PANYNJ\AWARDED\1342 PANYNJ EWR Traffic Support_VHB\VHB\Post Contract Stage","Post Contract Stage","12/9/2025 8:51:47 AM","4/7/2026 8:38:59 AM",,"Directory"
"F:\Bids and Proposals\Past_Proposals\PANYNJ\AWARDED\2018 SBE DESIGN Call-In\Contract Documents","Contract Documents","11/2/2023 2:56:44 PM","1/22/2019 1:36:13 PM",,"Directory"
"F:\Bids and Proposals\Past_Proposals\PANYNJ\AWARDED\597_PANYNJ_PABT_VISSIM_Model\Sub Agreement\Midtown Manhattan Traffic Sim-STN,KLD Sub Contract-4-25-13 OCR.pdf","Midtown Manhattan Traffic Sim-STN,KLD Sub Contract-4-25-13 OCR.pdf","5/7/2015 9:46:38 AM","5/2/2013 6:23:14 AM","38356362","Archive"
"F:\Bids and Proposals\Past_Proposals\PANYNJ\AWARDED\597_PANYNJ_PABT_VISSIM_Model\Sub Agreement\Midtown Manhattan Traffic Sim-STN,KLD Sub Contract-4-25-13 Signed.pdf","Midtown Manhattan Traffic Sim-STN,KLD Sub Contract-4-25-13 Signed.pdf","5/7/2015 9:46:40 AM","5/2/2013 12:58:07 PM","5618203","Archive"
"F:\Bids and Proposals\Past_Proposals\PANYNJ\AWARDED\597_PANYNJ_PABT_VISSIM_Model\Sub Agreement\Midtown Manhattan Traffic Sim-STN,KLD Sub Contract-4-25-13.pdf","Midtown Manhattan Traffic Sim-STN,KLD Sub Contract-4-25-13.pdf","4/26/2013 9:01:52 AM","4/26/2013 9:01:52 AM","4795297","Archive"
"F:\Bids and Proposals\Past_Proposals\PANYNJ\AWARDED\597_PANYNJ_PABT_VISSIM_Model\Sub Agreement\Midtown Manhattan Traffic Sim-STNKLD Sub Contract-4-25-13 WRM notes v2.pdf","Midtown Manhattan Traffic Sim-STNKLD Sub Contract-4-25-13 WRM notes v2.pdf","5/7/2015 9:46:38 AM","5/2/2013 12:01:34 PM","15789502","Archive"
"F:\Bids and Proposals\Past_Proposals\PANYNJ\AWARDED\597_PANYNJ_PABT_VISSIM_Model\Sub Agreement\PABT_Contract_Signature_Page.pdf","PABT_Contract_Signature_Page.pdf","5/7/2015 9:46:37 AM","5/2/2013 12:56:11 PM","916204","Archive"
"F:\Bids and Proposals\Past_Proposals\PANYNJ\AWARDED\805 Expansion to GWB\Invoices_805.3\MBE_CallIn_Contract Rates.xlsx","MBE_CallIn_Contract Rates.xlsx","8/8/2017 1:16:50 PM","8/8/2017 4:49:55 PM","153902","Archive"
"F:\Bids and Proposals\Past_Proposals\PANYNJ\AWARDED\842_TrafficAnalysis_With_PB\20160224 KLD Subcontract.pdf","20160224 KLD Subcontract.pdf","2/24/2016 5:01:41 PM","2/24/2016 5:01:41 PM","1878866","Archive"
"F:\Bids and Proposals\Past_Proposals\PANYNJ\AWARDED\842_TrafficAnalysis_With_PB\NJT Rail Study with PB\187664 KLD Task Order Subcontract Fully Executed.pdf","187664 KLD Task Order Subcontract Fully Executed.pdf","3/3/2016 6:37:34 AM","3/3/2016 6:37:35 AM","1562601","Archive"
"F:\Bids and Proposals\Past_Proposals\PANYNJ\AWARDED\898_KLD_PA O&D Survey\Contractual","Contractual","11/2/2023 2:58:01 PM","6/12/2020 10:29:39 AM",,"Directory"
"F:\Bids and Proposals\Past_Proposals\PANYNJ\AWARDED\Engineering_Support_HDR_Multiple\Contract numbers.docx","Contract numbers.docx","5/16/2022 9:13:29 PM","8/5/2025 6:10:34 PM","366150","Archive"
"F:\Bids and Proposals\Past_Proposals\PANYNJ\AWARDED\Engineering_Support_HDR_Multiple\1215_Academy Bus Lot Study\Contracts","Contracts","11/2/2023 2:58:14 PM","7/12/2022 4:58:15 PM",,"Directory"
"F:\Bids and Proposals\Past_Proposals\PANYNJ\AWARDED\Engineering_Support_HDR_Multiple\1216 XBL Connected Bus Automation Modeling\sub-agreement\Attachment A-1. Master Prime Contract - PA 415-19-221_redacted.pdf","Attachment A-1. Master Prime Contract - PA 415-19-221_redacted.pdf","11/11/2022 6:25:58 AM","11/11/2022 6:26:00 AM","3279663","Archive"
"F:\Bids and Proposals\Past_Proposals\PANYNJ\AWARDED\Engineering_Support_HDR_Multiple\1297_Port_Newark_Study\Port Newark Study\Contract Docs","Contract Docs","11/2/2023 3:03:52 PM","1/29/2023 4:52:26 PM",,"Directory"
"F:\Bids and Proposals\Past_Proposals\PANYNJ\AWARDED\Engineering_Support_HDR_Multiple\Big Data Analytics Support\200117.PANYNJ Plng Onsite Sup Ph3  - Subcontract Completion Notice_KLD.pdf","200117.PANYNJ Plng Onsite Sup Ph3  - Subcontract Completion Notice_KLD.pdf","1/23/2020 6:57:31 AM","1/22/2020 9:14:48 PM","283881","Archive"
"F:\Bids and Proposals\Past_Proposals\PANYNJ\AWARDED\Engineering_Support_HDR_Multiple\HDR- PA Traffic Signal Ops\SubAgreement & Contract Items","SubAgreement & Contract Items","11/2/2023 2:58:47 PM","8/13/2024 12:55:54 PM",,"Directory"
"F:\Bids and Proposals\Past_Proposals\PANYNJ\AWARDED\Engineering_Support_HDR_Multiple\HDR- PA Traffic Signal Ops\Burn-budget\0198196 - Contract balance sheet .msg","0198196 - Contract balance sheet .msg","1/11/2023 3:17:14 PM","1/11/2023 3:17:14 PM","79872","Archive"
"F:\Bids and Proposals\Past_Proposals\PANYNJ\AWARDED\Engineering_Support_HDR_Multiple\HDR- PA Traffic Signal Ops\Burn-budget\10198196_Contract.Balance.Sheet_Phase 2_230111.xlsx","10198196_Contract.Balance.Sheet_Phase 2_230111.xlsx","1/11/2023 3:17:07 PM","1/11/2023 3:17:08 PM","25394","Archive"
"F:\Bids and Proposals\Past_Proposals\PANYNJ\AWARDED\Engineering_Support_HDR_Multiple\HDR- PA Traffic Signal Ops\Burn-budget\10198196_Contract.Balance.Sheet_Phase 2_230209.xlsx","10198196_Contract.Balance.Sheet_Phase 2_230209.xlsx","2/9/2023 11:49:27 AM","2/9/2023 11:53:28 AM","24486","Archive"
"F:\Bids and Proposals\Past_Proposals\PANYNJ\AWARDED\Engineering_Support_HDR_Multiple\HDR- PA Traffic Signal Ops\Burn-budget\10226256.Budget.Allocation.Evaluation_210324.xlsx","10226256.Budget.Allocation.Evaluation_210324.xlsx","4/21/2021 8:12:30 PM","4/21/2021 8:12:31 PM","34982","Archive"
"F:\Bids and Proposals\Past_Proposals\PANYNJ\AWARDED\Engineering_Support_HDR_Multiple\HDR- PA Traffic Signal Ops\North Ave #2 Proposal\OLD\Description.docx","Description.docx","3/5/2021 12:43:07 PM","3/5/2021 1:29:04 PM","15577","Archive"
"F:\Bids and Proposals\Past_Proposals\PANYNJ\AWARDED\Engineering_Support_HDR_Multiple\HDR- PA Traffic Signal Ops\SubAgreement & Contract Items\Attachment A-2. Master Prime Contract - PA 415-19-239.pdf","Attachment A-2. Master Prime Contract - PA 415-19-239.pdf","12/31/4500 7:00:00 PM","5/5/2020 3:34:46 PM","2544407","Archive"
"F:\Bids and Proposals\Past_Proposals\PANYNJ\AWARDED\Engineering_Support_HDR_Multiple\HDR- PA Traffic Signal Ops\SubAgreement & Contract Items\2024 agreement\Attachment A-2. Master Prime Contract - PA 415-19-215_redacted.pdf","Attachment A-2. Master Prime Contract - PA 415-19-215_redacted.pdf","2/9/2024 9:00:16 AM","2/9/2024 9:00:24 AM","20295090","Archive"
"F:\Bids and Proposals\Past_Proposals\PANYNJ\AWARDED\Engineering_Support_HDR_Multiple\HDR- PA Traffic Signal Ops\SubAgreement & Contract Items\Increase on Agreement_2022\Attachment A-2. Master Prime Contract - PA 415-19-239_redacted.pdf","Attachment A-2. Master Prime Contract - PA 415-19-239_redacted.pdf","3/17/2022 2:16:05 PM","3/17/2022 2:16:07 PM","2544407","Archive"
"F:\Bids and Proposals\Past_Proposals\PANYNJ\AWARDED\Engineering_Support_HDR_Multiple\JFK Visum\Contracts","Contracts","11/2/2023 2:58:51 PM","1/16/2023 8:45:28 AM",,"Directory"
"F:\Bids and Proposals\Past_Proposals\PANYNJ\AWARDED\Engineering_Support_HDR_Multiple\JFK Visum\Contracts\Attachment A - Master Prime Contract - PA 415-19-167.pdf","Attachment A - Master Prime Contract - PA 415-19-167.pdf","12/31/4500 7:00:00 PM","6/1/2020 5:03:49 PM","2819362","Archive"
"F:\Bids and Proposals\Past_Proposals\PANYNJ\AWARDED\Engineering_Support_HDR_Multiple\JFK Visum\Contracts\Attachment A - Master Prime Contract - PA 415-19-167searchable.pdf","Attachment A - Master Prime Contract - PA 415-19-167searchable.pdf","7/22/2020 1:45:36 AM","7/22/2020 1:45:48 AM","23538377","Archive"
"F:\Bids and Proposals\Past_Proposals\PANYNJ\AWARDED\Engineering_Support_HDR_Multiple\Modeling Support\201026.Traffic Data Analysis_KLD - Subcontract Completion Notice.pdf","201026.Traffic Data Analysis_KLD - Subcontract Completion Notice.pdf","10/27/2020 10:25:05 AM","10/27/2020 10:25:05 AM","87444","Archive"
"F:\Bids and Proposals\Past_Proposals\PANYNJ\AWARDED\Engineering_Support_HDR_Multiple\Modeling Support\201026.Traffic Data Analysis_KLD - Subcontract Completion Notice_signed.pdf","201026.Traffic Data Analysis_KLD - Subcontract Completion Notice_signed.pdf","10/27/2020 10:26:20 AM","10/27/2020 10:27:45 AM","162161","Archive"
"F:\Bids and Proposals\Past_Proposals\PANYNJ\AWARDED\EWR Planning\Arup\Contract","Contract","11/2/2023 2:59:00 PM","12/18/2019 1:12:38 PM",,"Directory"
"F:\Bids and Proposals\Past_Proposals\PANYNJ\AWARDED\EWR Planning\Arup\Contract\Job 1044\_Sub Contract Attachment.pdf","_Sub Contract Attachment.pdf","1/28/2019 6:04:58 AM","1/28/2019 6:05:04 AM","18858349","Archive"
"F:\Bids and Proposals\Past_Proposals\PANYNJ\AWARDED\JFKR Landside Transportation Analyses Support\VHB-Awarded\Contract stage","Contract stage","11/2/2023 2:59:04 PM","12/23/2025 10:15:44 AM",,"Directory"
"F:\Bids and Proposals\Past_Proposals\PANYNJ\AWARDED\PANYNJ_2013_ON call\AUGUST_2013\Contractual","Contractual","11/2/2023 2:59:16 PM","8/15/2016 10:16:23 AM",,"Directory"
"F:\Bids and Proposals\Past_Proposals\PANYNJ\AWARDED\PANYNJ_2014_Counts_Job759\Invoices\Emails\KLD Fall Data Collection - Contract # TBT-14009 - PO No.pdf","KLD Fall Data Collection - Contract # TBT-14009 - PO No.pdf","12/22/2014 7:01:36 AM","12/22/2014 7:01:37 AM","144156","Archive"
"F:\Bids and Proposals\Past_Proposals\PANYNJ\AWARDED\PANYNJ_2018 On Call\Contracts","Contracts","11/2/2023 2:59:34 PM","11/22/2024 12:28:54 PM",,"Directory"
"F:\Bids and Proposals\Past_Proposals\PANYNJ\AWARDED\PANYNJ_2018 On Call\Contracts\Executed Contract_2018.pdf","Executed Contract_2018.pdf","4/6/2018 2:55:17 PM","4/6/2018 2:55:17 PM","1430328","Archive"
"F:\Bids and Proposals\Past_Proposals\PANYNJ\AWARDED\PANYNJ_2018 On Call\Proposal Docs\Contract Terms -- Pages from RFPDOC_50586.pdf","Contract Terms -- Pages from RFPDOC_50586.pdf","10/25/2017 11:40:29 AM","10/25/2017 11:40:29 AM","110573","Archive"
"F:\Bids and Proposals\Past_Proposals\PANYNJ\AWARDED\PANYNJ_2018 On Call\Proposal Docs\Subs\TyLin\FINAL PACKAGE\Projects\DelDOT Bridge Open End Contract_Traffic Analysis.doc","DelDOT Bridge Open End Contract_Traffic Analysis.doc","8/30/2017 10:33:04 AM","8/30/2017 10:33:04 AM","43520","Archive"
"F:\Bids and Proposals\Past_Proposals\PANYNJ\AWARDED\PANYNJ_2018 On Call\Proposal Docs\Subs\TyLin\FINAL PACKAGE\Projects\DelDOT Bridge Open End Contract_Traffic Analysis.pdf","DelDOT Bridge Open End Contract_Traffic Analysis.pdf","9/1/2017 12:08:06 PM","9/1/2017 12:08:10 PM","19799","Archive"
"F:\Bids and Proposals\Past_Proposals\PANYNJ\AWARDED\PA_COO_OnCall\PA COO On Call Contract.pdf","PA COO On Call Contract.pdf","6/7/2016 11:51:26 AM","6/7/2016 11:51:29 AM","11926552","Archive"
"F:\Bids and Proposals\Past_Proposals\PANYNJ\AWARDED\PA_COO_OnCall\2016\Fleet\Q&A\Count of Fleet Contract Fleet.pdf","Count of Fleet Contract Fleet.pdf","3/7/2017 11:48:36 AM","3/7/2017 11:48:36 AM","6114","Archive"
"F:\Bids and Proposals\Past_Proposals\PANYNJ\AWARDED\PA_TE_MBE_OnCall\MBE-DBE Call in\Pass Thru Contracts","Pass Thru Contracts","11/2/2023 3:00:08 PM","2/14/2018 3:03:16 PM",,"Directory"
"F:\Bids and Proposals\Past_Proposals\PANYNJ\AWARDED\PA_TE_MBE_OnCall\MBE-DBE Call in\Contract Rates.xlsx","Contract Rates.xlsx","7/25/2017 2:17:44 PM","7/25/2017 2:17:57 PM","9942","Archive"
"F:\Bids and Proposals\Past_Proposals\PANYNJ\AWARDED\PA_TE_MBE_OnCall\MBE-DBE Call in\Pass Thru Contracts\KH_EWR TMSP\Subcontract_Signatures.pdf","Subcontract_Signatures.pdf","8/31/2017 11:37:05 AM","8/31/2017 11:37:05 AM","7775","Archive"
"F:\Bids and Proposals\Past_Proposals\PANYNJ\AWARDED\Site Design, Land Surveying, Cost Est and Related Tech Services for JFK Redev Program on As-Needed\HDR\Contract","Contract","1/25/2024 12:50:18 PM","1/30/2026 3:13:24 AM",,"Directory"
"F:\Bids and Proposals\Past_Proposals\PANYNJ\AWARDED\Site Design, Land Surveying, Cost Est and Related Tech Services for JFK Redev Program on As-Needed\HDR\Post-Contract Items","Post-Contract Items","1/25/2024 12:50:19 PM","2/25/2025 5:55:14 PM",,"Directory"
"F:\Bids and Proposals\Past_Proposals\PANYNJ\AWARDED\TE CSS_SBE 2022\CONTRACT Docs","CONTRACT Docs","11/2/2023 3:00:21 PM","12/28/2023 1:34:38 PM",,"Directory"
"F:\Bids and Proposals\Past_Proposals\PANYNJ\AWARDED\TE CSS_SBE 2022\Proposal Items\TTG\Not Needed\Infographic - Contract Experience at a Glance_MPO DOT_2020.pdf","Infographic - Contract Experience at a Glance_MPO DOT_2020.pdf","1/10/2022 10:19:00 AM","1/10/2022 10:19:00 AM","450649","Archive"
"F:\Bids and Proposals\Past_Proposals\PANYNJ\AWARDED\TE SBE Planning and Design 2022\CONTRACT DOCS","CONTRACT DOCS","11/2/2023 3:00:26 PM","11/15/2023 5:07:38 PM",,"Directory"
"F:\Bids and Proposals\Past_Proposals\PANYNJ\AWARDED\TE SBE Planning and Design 2022\CONTRACT DOCS\Excerpts from contract.docx","Excerpts from contract.docx","9/29/2023 8:42:15 PM","9/29/2023 8:42:16 PM","1073885","Archive"
"F:\Bids and Proposals\Past_Proposals\PANYNJ\AWARDED\TE SBE Planning and Design 2022\Proposal Items\Project Description_BA_INTEGRATE INTO SECTION G.docx","Project Description_BA_INTEGRATE INTO SECTION G.docx","1/27/2022 10:55:24 AM","1/27/2022 10:55:24 AM","15015","Archive"
"F:\Bids and Proposals\Past_Proposals\PANYNJ\AWARDED\TE SBE Planning and Design 2022\Proposal Items\The Traffic Group\From Betty\Company Quals and Matrix\Infographic - Contract Experience at a Glance_MPO DOT_2020.pdf","Infographic - Contract Experience at a Glance_MPO DOT_2020.pdf","1/13/2022 9:39:45 PM","1/13/2022 9:39:46 PM","450649","Archive"
"F:\Bids and Proposals\Past_Proposals\PANYNJ\AWARDED\TE SBE Planning and Design 2022\Proposal Items\The Traffic Group\From Wes\Not Needed\Infographic - Contract Experience at a Glance_MPO DOT_2020.pdf","Infographic - Contract Experience at a Glance_MPO DOT_2020.pdf","1/9/2022 5:58:24 PM","1/9/2022 5:58:25 PM","450649","Archive"
"F:\Bids and Proposals\Past_Proposals\PANYNJ\General Information (Not RFPs)\Airport Develpoment MBE - INFO\20210927\expected-contract-package-list-MBE_LBE-AirTrain-LGA.pdf","expected-contract-package-list-MBE_LBE-AirTrain-LGA.pdf","9/29/2021 6:07:35 AM","9/29/2021 6:07:35 AM","163012","Archive"
"F:\Bids and Proposals\Past_Proposals\PANYNJ\NO BID or LOST or ARCHIVED\2013_TBTA_AECOM_Proposal\Draft Versions\KLD Project Descriptions Rev0.docx","KLD Project Descriptions Rev0.docx","3/25/2013 4:38:34 PM","3/26/2013 10:49:27 AM","9586845","Archive"
"F:\Bids and Proposals\Past_Proposals\PANYNJ\NO BID or LOST or ARCHIVED\2013_TBTA_AECOM_Proposal\Draft Versions\KLD Project Descriptions Rev1_errorsHighlighted.docx","KLD Project Descriptions Rev1_errorsHighlighted.docx","5/17/2013 4:43:14 PM","5/17/2013 4:52:42 PM","9586910","Archive"
"F:\Bids and Proposals\Past_Proposals\PANYNJ\NO BID or LOST or ARCHIVED\2013_TBTA_AECOM_Proposal\For_Proposal\(TBTA 2891) Project description template.doc","(TBTA 2891) Project description template.doc","5/16/2013 11:20:59 AM","5/16/2013 11:20:59 AM","40960","Archive"
"F:\Bids and Proposals\Past_Proposals\PANYNJ\NO BID or LOST or ARCHIVED\2013_TBTA_AECOM_Proposal\PreProposal\KLD Project Descriptions Rev1.docx","KLD Project Descriptions Rev1.docx","3/26/2013 1:10:04 PM","3/26/2013 1:10:31 PM","9586778","Archive"
"F:\Bids and Proposals\Past_Proposals\PANYNJ\NO BID or LOST or ARCHIVED\2019 PABT and GWBBS Continuous Bus Data Collection\References\Contract","Contract","11/2/2023 3:01:17 PM","5/28/2019 11:24:44 AM",,"Directory"
"F:\Bids and Proposals\Past_Proposals\PANYNJ\NO BID or LOST or ARCHIVED\2019 PABT and GWBBS Continuous Bus Data Collection\References\Contract\Contracts.lnk","Contracts.lnk","5/28/2019 11:24:39 AM","5/28/2019 11:24:44 AM","1430","Archive"
"F:\Bids and Proposals\Past_Proposals\PANYNJ\NO BID or LOST or ARCHIVED\JFK RUGTC DB Pursuit\AECOM-Tutor-Perini\RFP Documents\OneDrive_2022-11-17\__RFP Documents Version 4\4_Vol_III_Available _Documents\Central-Terminal-Area-East-Parking-Garage-Blue-Garage-General-Construction-Contract-No-JFK-124-004.pdf_Error.txt","Central-Terminal-Area-East-Parking-Garage-Blue-Garage-General-Construction-Contract-No-JFK-124-004.pdf_Error.txt","11/17/2022 1:46:14 PM","11/17/2022 3:45:00 PM","174","Archive"
"F:\Bids and Proposals\Past_Proposals\PANYNJ\NO BID or LOST or ARCHIVED\JFK RUGTC DB Pursuit\AECOM-Tutor-Perini\RFP Documents\OneDrive_2022-11-17\__RFP Documents Version 4\4_Vol_III_Available _Documents\JFK-174.115.C006 WO112_Exhibit F1 - Contract Drawings.pdf_Error.txt","JFK-174.115.C006 WO112_Exhibit F1 - Contract Drawings.pdf_Error.txt","11/17/2022 1:46:14 PM","11/17/2022 3:45:00 PM","174","Archive"
"F:\Bids and Proposals\Past_Proposals\PANYNJ\NO BID or LOST or ARCHIVED\JFK RUGTC DB Pursuit\AECOM-Tutor-Perini\RFP Documents\RFP Documents Version 4\4_Vol_III_Available _Documents\01_CAD-Revit-Files\Traffic_Signal_Master_Plan_Drawing_CAD-Files\Model\CB_Contract_Border_Stage-I 34x22.dwg","CB_Contract_Border_Stage-I 34x22.dwg","11/17/2022 1:46:10 PM","11/17/2022 3:32:00 PM","468104","Archive"
"F:\Bids and Proposals\Past_Proposals\PANYNJ\NO BID or LOST or ARCHIVED\JFK_NTO_Parsons\From_PTG\ShareFile_Site\Exhibit K-1 - Port Authority Provided Documents\04 RPW Reference Documents\Traffic-Support-Files\Traffic\Symbols\Proposed\CONTRACTOR'S VEHICLE-PROPOSED.dwg","CONTRACTOR'S VEHICLE-PROPOSED.dwg","5/19/2021 10:26:00 AM","2/1/2015 11:27:36 PM","323838","Archive"
"F:\Bids and Proposals\Past_Proposals\PANYNJ\NO BID or LOST or ARCHIVED\PA ITS On Call 2014\From JHK\JHK Engineering PC General Description PANYNJ 38473.docx","JHK Engineering PC General Description PANYNJ 38473.docx","8/26/2014 10:08:59 AM","8/26/2014 10:08:59 AM","11201","Archive"
"F:\Bids and Proposals\Past_Proposals\Presentations\2016 ITS WC Melbourne\MIM Paper\EVALUATION OF LARGE SCALE URBAN ACTIVE MANAGEMENT SYSTEMS v1.docx","EVALUATION OF LARGE SCALE URBAN ACTIVE MANAGEMENT SYSTEMS v1.docx","1/28/2016 4:22:16 AM","1/28/2016 4:34:19 AM","1533486","Archive"
"F:\Bids and Proposals\Past_Proposals\Presentations\2016 ITS WC Melbourne\MIM Paper\EVALUATION OF LARGE SCALE URBAN ACTIVE MANAGEMENT SYSTEMS.docx","EVALUATION OF LARGE SCALE URBAN ACTIVE MANAGEMENT SYSTEMS.docx","1/27/2016 5:00:02 AM","1/27/2016 5:00:04 AM","1534013","Archive"
"F:\Bids and Proposals\Past_Proposals\Presentations\2016 ITS WC Melbourne\MIM Paper\ITS WC 2016 -- Technical Paper -- Evaluation of Large Scale ATM Systems.pdf","ITS WC 2016 -- Technical Paper -- Evaluation of Large Scale ATM Systems.pdf","1/27/2016 6:01:52 AM","1/28/2016 4:34:38 AM","1148397","Archive"
"F:\Bids and Proposals\Past_Proposals\Presentations\2016 ITSA San Jose CA\EVALUATION OF LARGE SCALE URBAN ACTIVE MANAGEMENT SYSTEMS v1.docx","EVALUATION OF LARGE SCALE URBAN ACTIVE MANAGEMENT SYSTEMS v1.docx","3/11/2016 3:24:32 PM","3/11/2016 3:42:23 PM","1533505","Archive"
"F:\Bids and Proposals\Past_Proposals\Presentations\2016 ITSA San Jose CA\ITSA 2016 -- Evaluation of Large Scale Urban Active Traffic Management Systems.docx","ITSA 2016 -- Evaluation of Large Scale Urban Active Traffic Management Systems.docx","3/11/2016 3:45:12 PM","3/11/2016 3:45:17 PM","1533434","Archive"
"F:\Bids and Proposals\Past_Proposals\Presentations\2016 ITSA San Jose CA\ITSA 2016 -- Evaluation of Large Scale Urban Active Traffic Management Systems.pdf","ITSA 2016 -- Evaluation of Large Scale Urban Active Traffic Management Systems.pdf","3/11/2016 3:45:35 PM","3/11/2016 3:45:42 PM","1148376","Archive"
"F:\Bids and Proposals\Past_Proposals\Presentations\ITS-NY_2016\OLD\EVALUATION OF LARGE SCALE URBAN ACTIVE MANAGEMENT SYSTEMS v1.docx","EVALUATION OF LARGE SCALE URBAN ACTIVE MANAGEMENT SYSTEMS v1.docx","6/6/2016 4:29:33 PM","6/6/2016 4:29:33 PM","1533441","Archive"
"F:\Bids and Proposals\Past_Proposals\SMTC\RFP\Contract-Example.pdf","Contract-Example.pdf","11/14/2022 10:43:42 AM","11/14/2022 10:43:45 AM","87874","Archive"
"F:\Bids and Proposals\Past_Proposals\Suffolk County DPW\Awarded\CR-39\1314 AECOM\Contractual","Contractual","5/1/2024 2:44:09 PM","4/17/2025 6:35:19 AM",,"Directory"
"F:\Bids and Proposals\Past_Proposals\Suffolk County DPW\CR-39\AECOM\Contractual","Contractual","1/25/2024 12:50:41 PM","2/5/2024 4:47:07 PM",,"Directory"
"F:\Bids and Proposals\Past_Proposals\Suffolk DEDP\2026 Consultant Svc. Full Contract.pdf","2026 Consultant Svc. Full Contract.pdf","4/23/2026 2:41:38 PM","4/23/2026 2:40:26 PM","208039","Archive"
"F:\Bids and Proposals\Past_Proposals\Traffic Studies_Various\Black_And_Veatch\IBackup\Subcontractor RFP QA Log.xlsx","Subcontractor RFP QA Log.xlsx","3/17/2021 5:00:35 PM","3/17/2021 10:42:50 AM","21830","Archive"
"F:\Bids and Proposals\Past_Proposals\Traffic Studies_Various\Black_And_Veatch\IBackup\Template Service Contract.docx","Template Service Contract.docx","3/17/2021 5:00:36 PM","3/17/2021 10:42:51 AM","75887","Archive"
"F:\Bids and Proposals\Past_Proposals\Traffic Studies_Various\Black_And_Veatch\IBackup\RFP Technical Attachments\Sample_Bridges Evaluation Report.pdf","Sample_Bridges Evaluation Report.pdf","3/17/2021 5:00:37 PM","3/17/2021 10:43:20 AM","34348743","Archive"
"F:\Bids and Proposals\Past_Proposals\Traffic Studies_Various\Caithness Article VII - Epslion Associates\Contractor Safety Requirements.pdf","Contractor Safety Requirements.pdf","3/4/2014 9:23:45 PM","3/4/2014 9:23:00 PM","285077","Archive"
"F:\Bids and Proposals\Past_Proposals\Traffic Studies_Various\PSEG\Contractual","Contractual","10/10/2025 9:50:32 AM","1/28/2026 12:37:19 PM",,"Directory"
"F:\Bids and Proposals\Past_Proposals\Traffic Studies_Various\Steve_Rittvo\Ballys\Contractual","Contractual","11/2/2023 3:07:23 PM","6/9/2026 1:48:09 PM",,"Directory"
"F:\Bids and Proposals\Past_Proposals\Transcom\2024 DFE Support\Contract","Contract","5/30/2024 9:37:36 AM","7/25/2024 3:43:05 PM",,"Directory"
"F:\Bids and Proposals\Past_Proposals\Website\2025\Contract","Contract","3/17/2025 8:17:29 AM","4/9/2025 7:46:10 PM",,"Directory"
"F:\Bids and Proposals\Past_Proposals\Website\2025\Contract\KLD Website Contract 20250315.docx","KLD Website Contract 20250315.docx","3/17/2025 8:17:40 AM","3/17/2025 8:17:41 AM","185667","Archive"
"F:\Bids and Proposals\Past_Proposals\Website\2025\Contract\KLD Website Contract 20250315.pdf","KLD Website Contract 20250315.pdf","3/23/2025 9:04:08 PM","3/23/2025 9:04:08 PM","391489","Archive"
"F:\Bids and Proposals\Past_Proposals\Website\2025\Contract\KLD Website Contract 20250315signed JM.pdf","KLD Website Contract 20250315signed JM.pdf","3/31/2025 9:05:11 PM","3/31/2025 9:23:26 PM","1049257","Archive"
"F:\Bids and Proposals\Past_Proposals\Website\2025\Contract\KLD Website Contract 20250315signed.pdf","KLD Website Contract 20250315signed.pdf","3/24/2025 8:05:34 AM","3/24/2025 8:26:58 AM","482398","Archive"
"F:\Bids and Proposals\Past_Proposals\Website\2025\Projects\Paul Working\Images\Data Analytics\MIM evaluation dashboard1.jpg","MIM evaluation dashboard1.jpg","4/30/2025 4:17:15 PM","4/30/2025 4:17:15 PM","142937","Archive"
"F:\Bids and Proposals\Past_Proposals\Website\2025\Projects\Paul Working\Images\Data Analytics\MIM evaluation dashboard2.jpg","MIM evaluation dashboard2.jpg","4/30/2025 4:17:29 PM","4/30/2025 4:17:29 PM","44314","Archive"
"F:\Bids and Proposals\PROJECT_INFO\HollandTunnel\Contract Details.xlsx","Contract Details.xlsx","8/23/2011 10:14:44 AM","8/23/2011 10:20:56 AM","10270","Archive"
"F:\Bids and Proposals\PROJECT_INFO\Useful Stuff from Past Proposals\KLD Project Descriptionsv4.docx","KLD Project Descriptionsv4.docx","2/9/2014 10:24:25 AM","12/6/2010 5:18:42 PM","7586663","Archive"
"F:\Bids and Proposals\PROJECT_INFO\Useful Stuff from Past Proposals\KLD Project Descriptions_120211.docx","KLD Project Descriptions_120211.docx","1/30/2014 12:55:37 PM","1/30/2014 12:55:40 PM","8627685","Archive"
"F:\Bids and Proposals\Satya_Archive\Epsilon Associates\Contractor Safety Requirements.pdf","Contractor Safety Requirements.pdf","2/26/2014 9:28:59 AM","10/3/2014 9:14:02 PM","285077","Archive"
"F:\Bids and Proposals\Satya_Archive\Images\Img_CashLane.jpg","Img_CashLane.jpg","6/12/2006 3:30:28 PM","4/21/2005 4:16:36 PM","63023","Archive"
"F:\Bids and Proposals\Satya_Archive\Other\Aimsun\Contract","Contract","11/2/2023 3:11:56 PM","9/1/2019 8:22:44 AM",,"Directory"
"F:\Bids and Proposals\Satya_Archive\Other\NJTP 7A\NJTP7A-FRI-7Entry-3Cash-Layout1.awg","NJTP7A-FRI-7Entry-3Cash-Layout1.awg","4/29/2009 6:49:21 PM","11/17/2006 10:15:12 AM","54","Archive"
"F:\Bids and Proposals\Satya_Archive\Other\NJTP 7A\NJTP7A-FRI-7Entry-3Cash-Layout1.cus","NJTP7A-FRI-7Entry-3Cash-Layout1.cus","4/29/2009 6:49:21 PM","4/30/2009 2:24:02 PM","2994","Archive"
"F:\Bids and Proposals\Satya_Archive\Other\NJTP 7A\NJTP7A-FRI-7Entry-3Cash-Layout1.custom","NJTP7A-FRI-7Entry-3Cash-Layout1.custom","4/29/2009 6:49:21 PM","4/30/2009 2:43:11 PM","5075","Archive"
"F:\Bids and Proposals\Satya_Archive\Other\NJTP 7A\NJTP7A-FRI-7Entry-3Cash-Layout1.F40","NJTP7A-FRI-7Entry-3Cash-Layout1.F40","4/29/2009 6:49:21 PM","11/30/2006 12:22:59 PM","50260","Archive"
"F:\Bids and Proposals\Satya_Archive\Other\NJTP 7A\NJTP7A-FRI-7Entry-3Cash-Layout1.F44","NJTP7A-FRI-7Entry-3Cash-Layout1.F44","4/29/2009 6:49:21 PM","11/30/2006 12:21:25 PM","23","Archive"
"F:\Bids and Proposals\Satya_Archive\Other\NJTP 7A\NJTP7A-FRI-7Entry-3Cash-Layout1.F58","NJTP7A-FRI-7Entry-3Cash-Layout1.F58","4/29/2009 6:49:21 PM","11/30/2006 12:23:01 PM","6480092","Archive"
"F:\Bids and Proposals\Satya_Archive\Other\NJTP 7A\NJTP7A-FRI-7Entry-3Cash-Layout1.ini","NJTP7A-FRI-7Entry-3Cash-Layout1.ini","4/30/2009 2:02:03 PM","9/24/2020 11:58:36 AM","91","Archive"
"F:\Bids and Proposals\Satya_Archive\Other\NJTP 7A\NJTP7A-FRI-7Entry-3Cash-Layout1.opg","NJTP7A-FRI-7Entry-3Cash-Layout1.opg","4/29/2009 6:49:21 PM","11/30/2006 11:25:22 AM","2551","Archive"
"F:\Bids and Proposals\Satya_Archive\Other\NJTP 7A\NJTP7A-FRI-7Entry-3Cash-Layout1.out","NJTP7A-FRI-7Entry-3Cash-Layout1.out","4/29/2009 6:49:21 PM","11/30/2006 12:23:00 PM","688686","Archive"
"F:\Bids and Proposals\Satya_Archive\Other\NJTP 7A\NJTP7A-FRI-7Entry-3Cash-Layout1.U09","NJTP7A-FRI-7Entry-3Cash-Layout1.U09","4/29/2009 6:49:22 PM","11/30/2006 12:23:00 PM","22176","Archive"
"F:\Bids and Proposals\Satya_Archive\Other\NJTP 7A\NJTP7A-FRI-7Entry-3Cash-Layout1.U24","NJTP7A-FRI-7Entry-3Cash-Layout1.U24","4/29/2009 6:49:22 PM","11/30/2006 12:23:00 PM","18000","Archive"
"F:\Bids and Proposals\Satya_Archive\Other\NJTP 7A\NJTP7A-FRI-7Entry-3Cash-Layout1.U41","NJTP7A-FRI-7Entry-3Cash-Layout1.U41","4/29/2009 6:49:22 PM","11/30/2006 12:22:59 PM","54101376","Archive"
"F:\Bids and Proposals\Satya_Archive\Other\NJTP 7A\NJTP7A-FRI-7Entry-3Cash-Layout1.U42","NJTP7A-FRI-7Entry-3Cash-Layout1.U42","4/29/2009 6:49:23 PM","11/30/2006 12:23:00 PM","1774304","Archive"
"F:\Bids and Proposals\Satya_Archive\Other\NJTP 7A\NJTP7A-FRI-7Entry-3Cash-Layout1.U43","NJTP7A-FRI-7Entry-3Cash-Layout1.U43","4/29/2009 6:49:23 PM","11/30/2006 12:23:00 PM","4752","Archive"
"F:\Bids and Proposals\Satya_Archive\Other\NJTP 7A\NJTP7A-FRI-7Entry-3Cash-Layout1.U45","NJTP7A-FRI-7Entry-3Cash-Layout1.U45","4/29/2009 6:49:23 PM","11/30/2006 12:23:00 PM","11088","Archive"
"F:\Bids and Proposals\Satya_Archive\Other\NJTP 7A\NJTP7A-FRI-7Entry-3Cash-Layout1.U46","NJTP7A-FRI-7Entry-3Cash-Layout1.U46","4/29/2009 6:49:23 PM","11/30/2006 12:23:00 PM","4200","Archive"
"F:\Bids and Proposals\Satya_Archive\Other\NJTP 7A\NJTP7A-FRI-7Entry-3Cash-Layout1.U47","NJTP7A-FRI-7Entry-3Cash-Layout1.U47","4/29/2009 6:49:23 PM","11/30/2006 12:23:00 PM","24","Archive"
"F:\Bids and Proposals\Satya_Archive\Other\NJTP 7A\NJTP7A-FRI-7Entry-3Cash-Layout1.U56","NJTP7A-FRI-7Entry-3Cash-Layout1.U56","4/29/2009 6:49:23 PM","11/30/2006 12:23:00 PM","208","Archive"
"F:\Bids and Proposals\Satya_Archive\Other\NJTP 7A\NJTP7A-FRI-7Entry-3Cash-Layout1.U61","NJTP7A-FRI-7Entry-3Cash-Layout1.U61","4/29/2009 6:49:23 PM","11/30/2006 12:22:59 PM","86400","Archive"
"F:\Bids and Proposals\Satya_Archive\Other\NJTP 7A\NJTP7A-FRI-7Entry-3Cash-Layout1.wat","NJTP7A-FRI-7Entry-3Cash-Layout1.wat","4/29/2009 6:49:21 PM","11/30/2006 1:03:27 PM","72339","Archive"
"F:\Bids and Proposals\Satya_Archive\Transdyn\00b  Subcontractor Approval Instructions - Sub.docx","00b  Subcontractor Approval Instructions - Sub.docx","1/5/2014 8:46:20 AM","1/4/2014 2:56:00 PM","30296","Archive"
"F:\Bids and Proposals\Satya_Archive\Transdyn\02B. OCIP Enrollment Assignment by Subcontractor.docx","02B. OCIP Enrollment Assignment by Subcontractor.docx","1/5/2014 8:46:13 AM","1/4/2014 2:54:00 PM","23638","Archive"
"F:\Bids and Proposals\Satya_Archive\Transdyn\03A. NDA - Exhibit B - SubContractors - Instructions.pdf","03A. NDA - Exhibit B - SubContractors - Instructions.pdf","1/5/2014 8:45:29 AM","1/4/2014 2:54:00 PM","17366","Archive"
"F:\Bids and Proposals\Satya_Archive\Transdyn\03B. NDA - EXHIBIT B - SubConsultant - SubContractor.docx","03B. NDA - EXHIBIT B - SubConsultant - SubContractor.docx","1/5/2014 8:46:11 AM","1/4/2014 2:54:00 PM","58686","Archive"
"F:\Bids and Proposals\TRB 2018 Career Fair\TRB 2018 Career Fair Company description.docx","TRB 2018 Career Fair Company description.docx","12/5/2017 9:21:21 AM","12/5/2017 9:21:21 AM","13512","Archive"
"F:\Development\ACDSS Logos\Adelheid Design\20130809 - deliverables\4Net_Worth_644.txt","4Net_Worth_644.txt","8/24/2014 8:00:00 AM","8/24/2014 8:00:00 AM","482","Hidden, Archive"
"F:\Development\ACDSS Software\acdss-installation-package\ACDSS from NYC 10.155.101.179-20230531\MySQL\MySQL Server 8.0\Data\dashboard_debug\dashboard_automatic_evaluation_data_check.ibd","dashboard_automatic_evaluation_data_check.ibd","5/31/2023 1:35:14 PM","5/30/2023 8:00:01 PM","114688","Archive"
"F:\Development\ACDSS Software\acdss-installation-package\ACDSS from NYC 10.155.101.179-20230531\MySQL\MySQL Server 8.0\Data\dashboard_debug\dashboard_automatic_evaluation_data_daily_count.ibd","dashboard_automatic_evaluation_data_daily_count.ibd","5/31/2023 1:35:15 PM","5/30/2023 8:00:02 PM","114688","Archive"
"F:\Development\ACDSS Software\acdss-installation-package\ACDSS from NYC 10.155.101.179-20230531\MySQL\MySQL Server 8.0\Data\dashboard_debug\dashboard_evaluation_adaptive_time_percentage.ibd","dashboard_evaluation_adaptive_time_percentage.ibd","5/31/2023 1:35:18 PM","5/27/2023 3:17:27 AM","114688","Archive"
"F:\Development\ACDSS Software\acdss-installation-package\ACDSS from NYC 10.155.101.179-20230531\MySQL\MySQL Server 8.0\Data\dashboard_debug\dashboard_evaluation_adaptive_time_percentage_after.ibd","dashboard_evaluation_adaptive_time_percentage_after.ibd","5/31/2023 1:35:18 PM","5/27/2023 3:00:55 AM","114688","Archive"
"F:\Development\ACDSS Software\acdss-installation-package\ACDSS from NYC 10.155.101.179-20230531\MySQL\MySQL Server 8.0\Data\dashboard_debug\dashboard_evaluation_adaptive_time_percentage_before.ibd","dashboard_evaluation_adaptive_time_percentage_before.ibd","5/31/2023 1:35:19 PM","5/27/2023 3:08:11 AM","114688","Archive"
"F:\Development\ACDSS Software\acdss-installation-package\ACDSS from NYC 10.155.101.179-20230531\MySQL\MySQL Server 8.0\Data\dashboard_debug\dashboard_evaluation_adaptive_time_percentage_hourly.ibd","dashboard_evaluation_adaptive_time_percentage_hourly.ibd","5/31/2023 1:35:19 PM","5/27/2023 3:25:52 AM","114688","Archive"
"F:\Development\ACDSS Software\acdss-installation-package\ACDSS from NYC 10.155.101.179-20230531\MySQL\MySQL Server 8.0\Data\dashboard_debug\dashboard_evaluation_after_approach_delay.ibd","dashboard_evaluation_after_approach_delay.ibd","5/31/2023 1:35:20 PM","5/27/2023 3:28:31 AM","114688","Archive"
"F:\Development\ACDSS Software\acdss-installation-package\ACDSS from NYC 10.155.101.179-20230531\MySQL\MySQL Server 8.0\Data\dashboard_debug\dashboard_evaluation_after_approach_delay_by_hour.ibd","dashboard_evaluation_after_approach_delay_by_hour.ibd","5/31/2023 1:35:20 PM","5/27/2023 3:22:48 AM","114688","Archive"
"F:\Development\ACDSS Software\acdss-installation-package\ACDSS from NYC 10.155.101.179-20230531\MySQL\MySQL Server 8.0\Data\dashboard_debug\dashboard_evaluation_after_data_delay.ibd","dashboard_evaluation_after_data_delay.ibd","5/31/2023 1:35:21 PM","5/27/2023 2:43:14 AM","114688","Archive"
"F:\Development\ACDSS Software\acdss-installation-package\ACDSS from NYC 10.155.101.179-20230531\MySQL\MySQL Server 8.0\Data\dashboard_debug\dashboard_evaluation_after_data_hourly.ibd","dashboard_evaluation_after_data_hourly.ibd","5/31/2023 1:35:21 PM","5/27/2023 3:19:31 AM","114688","Archive"
"F:\Development\ACDSS Software\acdss-installation-package\ACDSS from NYC 10.155.101.179-20230531\MySQL\MySQL Server 8.0\Data\dashboard_debug\dashboard_evaluation_after_data_tput.ibd","dashboard_evaluation_after_data_tput.ibd","5/31/2023 1:35:22 PM","5/27/2023 3:00:50 AM","114688","Archive"
"F:\Development\ACDSS Software\acdss-installation-package\ACDSS from NYC 10.155.101.179-20230531\MySQL\MySQL Server 8.0\Data\dashboard_debug\dashboard_evaluation_after_overall_delay.ibd","dashboard_evaluation_after_overall_delay.ibd","5/31/2023 1:35:23 PM","5/27/2023 3:28:31 AM","114688","Archive"
"F:\Development\ACDSS Software\acdss-installation-package\ACDSS from NYC 10.155.101.179-20230531\MySQL\MySQL Server 8.0\Data\dashboard_debug\dashboard_evaluation_after_overall_delay_by_hour.ibd","dashboard_evaluation_after_overall_delay_by_hour.ibd","5/31/2023 1:35:23 PM","5/27/2023 3:19:30 AM","114688","Archive"
"F:\Development\ACDSS Software\acdss-installation-package\ACDSS from NYC 10.155.101.179-20230531\MySQL\MySQL Server 8.0\Data\dashboard_debug\dashboard_evaluation_approach_hourly.ibd","dashboard_evaluation_approach_hourly.ibd","5/31/2023 1:35:24 PM","5/30/2023 7:31:42 PM","114688","Archive"
"F:\Development\ACDSS Software\acdss-installation-package\ACDSS from NYC 10.155.101.179-20230531\MySQL\MySQL Server 8.0\Data\dashboard_debug\dashboard_evaluation_area.ibd","dashboard_evaluation_area.ibd","5/31/2023 1:35:24 PM","5/30/2023 8:00:00 PM","114688","Archive"
"F:\Development\ACDSS Software\acdss-installation-package\ACDSS from NYC 10.155.101.179-20230531\MySQL\MySQL Server 8.0\Data\dashboard_debug\dashboard_evaluation_asc_time_hourly_after.ibd","dashboard_evaluation_asc_time_hourly_after.ibd","5/31/2023 1:35:25 PM","5/27/2023 3:19:31 AM","114688","Archive"
"F:\Development\ACDSS Software\acdss-installation-package\ACDSS from NYC 10.155.101.179-20230531\MySQL\MySQL Server 8.0\Data\dashboard_debug\dashboard_evaluation_asc_time_hourly_before.ibd","dashboard_evaluation_asc_time_hourly_before.ibd","5/31/2023 1:35:25 PM","5/27/2023 2:45:50 AM","114688","Archive"
"F:\Development\ACDSS Software\acdss-installation-package\ACDSS from NYC 10.155.101.179-20230531\MySQL\MySQL Server 8.0\Data\dashboard_debug\dashboard_evaluation_before_approach_delay.ibd","dashboard_evaluation_before_approach_delay.ibd","5/31/2023 1:35:26 PM","5/27/2023 3:17:27 AM","114688","Archive"
"F:\Development\ACDSS Software\acdss-installation-package\ACDSS from NYC 10.155.101.179-20230531\MySQL\MySQL Server 8.0\Data\dashboard_debug\dashboard_evaluation_before_approach_delay_by_hour.ibd","dashboard_evaluation_before_approach_delay_by_hour.ibd","5/31/2023 1:35:26 PM","5/27/2023 3:36:41 AM","114688","Archive"
"F:\Development\ACDSS Software\acdss-installation-package\ACDSS from NYC 10.155.101.179-20230531\MySQL\MySQL Server 8.0\Data\dashboard_debug\dashboard_evaluation_before_data_delay.ibd","dashboard_evaluation_before_data_delay.ibd","5/31/2023 1:35:27 PM","5/27/2023 3:17:27 AM","114688","Archive"
"F:\Development\ACDSS Software\acdss-installation-package\ACDSS from NYC 10.155.101.179-20230531\MySQL\MySQL Server 8.0\Data\dashboard_debug\dashboard_evaluation_before_data_hourly.ibd","dashboard_evaluation_before_data_hourly.ibd","5/31/2023 1:35:27 PM","5/27/2023 3:08:11 AM","114688","Archive"
"F:\Development\ACDSS Software\acdss-installation-package\ACDSS from NYC 10.155.101.179-20230531\MySQL\MySQL Server 8.0\Data\dashboard_debug\dashboard_evaluation_before_data_tput.ibd","dashboard_evaluation_before_data_tput.ibd","5/31/2023 1:35:28 PM","5/27/2023 3:04:17 AM","114688","Archive"
"F:\Development\ACDSS Software\acdss-installation-package\ACDSS from NYC 10.155.101.179-20230531\MySQL\MySQL Server 8.0\Data\dashboard_debug\dashboard_evaluation_before_overall_delay.ibd","dashboard_evaluation_before_overall_delay.ibd","5/31/2023 1:35:28 PM","5/27/2023 3:22:48 AM","114688","Archive"
"F:\Development\ACDSS Software\acdss-installation-package\ACDSS from NYC 10.155.101.179-20230531\MySQL\MySQL Server 8.0\Data\dashboard_debug\dashboard_evaluation_before_overall_delay_by_hour.ibd","dashboard_evaluation_before_overall_delay_by_hour.ibd","5/31/2023 1:35:29 PM","5/27/2023 3:36:41 AM","114688","Archive"
"F:\Development\ACDSS Software\acdss-installation-package\ACDSS from NYC 10.155.101.179-20230531\MySQL\MySQL Server 8.0\Data\dashboard_debug\dashboard_evaluation_combined_approach_delay.ibd","dashboard_evaluation_combined_approach_delay.ibd","5/31/2023 1:35:29 PM","5/27/2023 3:28:31 AM","114688","Archive"
"F:\Development\ACDSS Software\acdss-installation-package\ACDSS from NYC 10.155.101.179-20230531\MySQL\MySQL Server 8.0\Data\dashboard_debug\dashboard_evaluation_combined_overall_delay.ibd","dashboard_evaluation_combined_overall_delay.ibd","5/31/2023 1:35:30 PM","5/27/2023 3:25:52 AM","114688","Archive"
"F:\Development\ACDSS Software\acdss-installation-package\ACDSS from NYC 10.155.101.179-20230531\MySQL\MySQL Server 8.0\Data\dashboard_debug\dashboard_evaluation_combined_overall_delay_tput_by_hour.ibd","dashboard_evaluation_combined_overall_delay_tput_by_hour.ibd","5/31/2023 1:35:31 PM","5/30/2023 8:00:02 PM","114688","Archive"
"F:\Development\ACDSS Software\acdss-installation-package\ACDSS from NYC 10.155.101.179-20230531\MySQL\MySQL Server 8.0\Data\dashboard_debug\dashboard_evaluation_detector_mapping_after.ibd","dashboard_evaluation_detector_mapping_after.ibd","5/31/2023 1:35:31 PM","5/27/2023 3:08:11 AM","114688","Archive"
"F:\Development\ACDSS Software\acdss-installation-package\ACDSS from NYC 10.155.101.179-20230531\MySQL\MySQL Server 8.0\Data\dashboard_debug\dashboard_evaluation_detector_mapping_before.ibd","dashboard_evaluation_detector_mapping_before.ibd","5/31/2023 1:35:32 PM","5/27/2023 3:22:48 AM","114688","Archive"
"F:\Development\ACDSS Software\acdss-installation-package\ACDSS from NYC 10.155.101.179-20230531\MySQL\MySQL Server 8.0\Data\dashboard_debug\dashboard_evaluation_intersection_hourly.ibd","dashboard_evaluation_intersection_hourly.ibd","5/31/2023 1:35:32 PM","5/30/2023 7:52:20 PM","114688","Archive"
"F:\Development\ACDSS Software\acdss-installation-package\ACDSS from NYC 10.155.101.179-20230531\MySQL\MySQL Server 8.0\Data\dashboard_debug\dashboard_evaluation_intersection_overall.ibd","dashboard_evaluation_intersection_overall.ibd","5/31/2023 1:35:33 PM","5/30/2023 7:19:27 PM","114688","Archive"
"F:\Development\ACDSS Software\acdss-installation-package\ACDSS from NYC 10.155.101.179-20230531\MySQL\MySQL Server 8.0\Data\dashboard_debug\dashboard_evaluation_intersection_summary.ibd","dashboard_evaluation_intersection_summary.ibd","5/31/2023 1:35:33 PM","5/30/2023 7:42:58 PM","114688","Archive"
"F:\Development\ACDSS Software\acdss-installation-package\ACDSS from NYC 10.155.101.179-20230531\MySQL\MySQL Server 8.0\Data\dashboard_debug\dashboard_evaluation_period.ibd","dashboard_evaluation_period.ibd","5/31/2023 1:35:34 PM","5/30/2023 7:40:05 PM","114688","Archive"
"F:\Development\ACDSS Software\acdss-installation-package\ACDSS Latest Files by Sites\Riyadh\ACDSS Software Package\ACDSS\Archive\acdss-dashboard\ADG Genie Service\ADGGenie1\.git\description","description","2/15/2024 12:47:41 PM","5/9/2019 2:42:31 PM","73","Archive"
"F:\Development\ACDSS Software\acdss-installation-package\ACDSS Latest Files by Sites\Riyadh\ACDSS Software Package\ACDSS\Archive\acdss-dashboard\ADG Genie Service\ADGGenie2\.git\description","description","2/15/2024 12:47:47 PM","5/9/2019 2:42:31 PM","73","Archive"
"F:\Development\ACDSS Software\acdss-installation-package\ACDSS Latest Files by Sites\Riyadh\ACDSS Software Package\ACDSS\Archive\acdss-dashboard\ADG Genie Service\ADGGenie3\.git\description","description","2/15/2024 12:47:52 PM","5/9/2019 2:42:31 PM","73","Archive"
"F:\Development\ACDSS Software\acdss-installation-package\ACDSS Latest Files by Sites\Riyadh\ACDSS Software Package\ACDSS\Archive\acdss-dashboard\ADG Genie Service\ADGGenie4\.git\description","description","2/15/2024 12:47:58 PM","5/9/2019 2:42:31 PM","73","Archive"
"F:\Development\ACDSS Software\acdss-installation-package\ACDSS Latest Files by Sites\Riyadh\ACDSS Software Package\ACDSS\Archive\acdss-dashboard\ADG Genie Service\ADGGenie5\.git\description","description","2/15/2024 12:48:04 PM","5/9/2019 2:42:31 PM","73","Archive"
"F:\Development\ACDSS Software\acdss-installation-package\ACDSS Latest Files by Sites\Riyadh\ACDSS Software Package\ACDSS\Archive\acdss-dashboard\ADG Genie Service\ADGGenie6\.git\description","description","2/15/2024 12:48:10 PM","5/9/2019 2:42:31 PM","73","Archive"
"F:\Development\ACDSS Software\acdss-installation-package\ACDSS Latest Files by Sites\Riyadh\ACDSS Software Package\ACDSS\Archive\acdss-dashboard\ADG Genie Service\ADGGenie7\.git\description","description","2/15/2024 12:48:16 PM","5/9/2019 2:42:31 PM","73","Archive"
"F:\Development\ACDSS Software\acdss-installation-package\ACDSS Latest Files by Sites\Riyadh\ACDSS Software Package\ACDSS\Archive\acdss-dashboard\ADG Genie Service\ADGGenie8\.git\description","description","2/15/2024 12:48:22 PM","5/9/2019 2:42:31 PM","73","Archive"
"F:\Development\ACDSS Software\acdss-installation-package\ACDSS Latest Files by Sites\Riyadh\ACDSS Software Package\ACDSS\Archive\acdss-dashboard\ADG Genie Service\ADGGenie9\.git\description","description","2/15/2024 12:48:28 PM","5/9/2019 2:42:31 PM","73","Archive"
"F:\Development\ACDSS Software\acdss-installation-package\ACDSS Latest Files by Sites\Riyadh\ACDSS Software Package\ACDSS\Archive\acdss-dashboard\ADG Genie Service\ADGGeniea\.git\description","description","2/15/2024 12:48:35 PM","5/9/2019 2:42:31 PM","73","Archive"
"F:\Development\ACDSS Software\acdss-installation-package\ACDSS Latest Files by Sites\Riyadh\ACDSS Software Package\ACDSS\Archive\acdss-dashboard\ADG Genie Service\ADGGenieb\.git\description","description","2/15/2024 12:48:41 PM","5/9/2019 2:42:31 PM","73","Archive"
"F:\Development\ACDSS Software\acdss-installation-package\ACDSS Latest Files by Sites\Riyadh\ACDSS Software Package\ACDSS\Archive\acdss-dashboard\ADG Genie Service\ADGGeniec\.git\description","description","2/15/2024 12:48:46 PM","5/9/2019 2:42:31 PM","73","Archive"
"F:\Development\ACDSS Software\acdss-installation-package\ACDSS Latest Files by Sites\Riyadh\ACDSS Software Package\ACDSS\Archive\acdss-dashboard\ADG Genie Service\ADGGenied\.git\description","description","2/15/2024 12:48:52 PM","5/9/2019 2:42:31 PM","73","Archive"
"F:\Development\ACDSS Software\acdss-installation-package\ACDSS Latest Files by Sites\Riyadh\ACDSS Software Package\ACDSS\Archive\acdss-dashboard\Archive\Automatic Evaluation","Automatic Evaluation","3/21/2024 5:37:28 PM","2/15/2024 12:48:58 PM",,"Directory"
"F:\Development\ACDSS Software\acdss-installation-package\ACDSS Latest Files by Sites\Riyadh\ACDSS Software Package\ACDSS\Archive\acdss-dashboard\Archive\Automatic Evaluation\bin\Release\Riyadh Evaluation_Delay.xml","Riyadh Evaluation_Delay.xml","2/15/2024 12:49:05 PM","10/31/2018 3:06:48 PM","23699","Archive"
"F:\Development\ACDSS Software\acdss-installation-package\ACDSS Latest Files by Sites\Riyadh\ACDSS Software Package\ACDSS\Archive\acdss-dashboard\Archive\Automatic Evaluation\bin\Release\Riyadh Evaluation_Hourly_Summary.xml","Riyadh Evaluation_Hourly_Summary.xml","2/15/2024 12:49:05 PM","11/2/2018 6:11:42 PM","41766","Archive"
"F:\Development\ACDSS Software\acdss-installation-package\ACDSS Latest Files by Sites\Riyadh\ACDSS Software Package\ACDSS\Archive\acdss-dashboard\Archive\Automatic Evaluation\bin\Release\Riyadh Evaluation_Individual_Intersection.xml","Riyadh Evaluation_Individual_Intersection.xml","2/15/2024 12:49:05 PM","2/26/2019 1:41:28 PM","36968","Archive"
"F:\Development\ACDSS Software\acdss-installation-package\ACDSS Latest Files by Sites\Riyadh\ACDSS Software Package\ACDSS\Archive\acdss-dashboard\Archive\Automatic Evaluation\bin\Release\Riyadh Evaluation_Multi_resolution.xml","Riyadh Evaluation_Multi_resolution.xml","2/15/2024 12:49:05 PM","11/30/2018 9:17:27 AM","16348","Archive"
"F:\Development\ACDSS Software\acdss-installation-package\ACDSS Latest Files by Sites\Riyadh\ACDSS Software Package\ACDSS\Archive\acdss-dashboard\Archive\Automatic Evaluation\bin\Release\Riyadh Evaluation_Tput.xml","Riyadh Evaluation_Tput.xml","2/15/2024 12:49:05 PM","10/31/2018 3:05:35 PM","24232","Archive"
"F:\Development\ACDSS Software\acdss-installation-package\ACDSS Latest Files by Sites\Riyadh\ACDSS Software Package\ACDSS\Archive\acdss-dashboard\Archive\Automatic Evaluation\bin\Release\Riyadh Evaluation_v1.xml","Riyadh Evaluation_v1.xml","2/15/2024 12:49:05 PM","8/3/2018 6:11:18 PM","29444","Archive"
"F:\Development\ACDSS Software\acdss-installation-package\ACDSS Latest Files by Sites\Riyadh\ACDSS Software Package\ACDSS\Archive\acdss-dashboard\Archive\Automatic Evaluation\bin\Release\Riyadh Evaluation_v2.xml","Riyadh Evaluation_v2.xml","2/15/2024 12:49:05 PM","9/20/2018 1:47:13 PM","30115","Archive"
"F:\Development\ACDSS Software\acdss-installation-package\ACDSS Latest Files by Sites\Riyadh\ACDSS Software Package\ACDSS\Archive\acdss-dashboard\Archive\Backup\bin\Release\Riyadh Evaluation_Delay.xml","Riyadh Evaluation_Delay.xml","2/15/2024 12:49:30 PM","10/31/2018 3:06:48 PM","23699","Archive"
"F:\Development\ACDSS Software\acdss-installation-package\ACDSS Latest Files by Sites\Riyadh\ACDSS Software Package\ACDSS\Archive\acdss-dashboard\Archive\Backup\bin\Release\Riyadh Evaluation_Hourly_Summary.xml","Riyadh Evaluation_Hourly_Summary.xml","2/15/2024 12:49:30 PM","11/2/2018 6:11:42 PM","41766","Archive"
"F:\Development\ACDSS Software\acdss-installation-package\ACDSS Latest Files by Sites\Riyadh\ACDSS Software Package\ACDSS\Archive\acdss-dashboard\Archive\Backup\bin\Release\Riyadh Evaluation_Individual_Intersection.xml","Riyadh Evaluation_Individual_Intersection.xml","2/15/2024 12:49:30 PM","2/26/2019 1:41:28 PM","36968","Archive"
"F:\Development\ACDSS Software\acdss-installation-package\ACDSS Latest Files by Sites\Riyadh\ACDSS Software Package\ACDSS\Archive\acdss-dashboard\Archive\Backup\bin\Release\Riyadh Evaluation_Multi_resolution.xml","Riyadh Evaluation_Multi_resolution.xml","2/15/2024 12:49:30 PM","11/30/2018 9:17:27 AM","16348","Archive"
"F:\Development\ACDSS Software\acdss-installation-package\ACDSS Latest Files by Sites\Riyadh\ACDSS Software Package\ACDSS\Archive\acdss-dashboard\Archive\Backup\bin\Release\Riyadh Evaluation_Tput.xml","Riyadh Evaluation_Tput.xml","2/15/2024 12:49:30 PM","10/31/2018 3:05:35 PM","24232","Archive"
"F:\Development\ACDSS Software\acdss-installation-package\ACDSS Latest Files by Sites\Riyadh\ACDSS Software Package\ACDSS\Archive\acdss-dashboard\Archive\Backup\bin\Release\Riyadh Evaluation_v1.xml","Riyadh Evaluation_v1.xml","2/15/2024 12:49:30 PM","8/3/2018 6:11:18 PM","29444","Archive"
"F:\Development\ACDSS Software\acdss-installation-package\ACDSS Latest Files by Sites\Riyadh\ACDSS Software Package\ACDSS\Archive\acdss-dashboard\Archive\Backup\bin\Release\Riyadh Evaluation_v2.xml","Riyadh Evaluation_v2.xml","2/15/2024 12:49:30 PM","9/20/2018 1:47:13 PM","30115","Archive"
"F:\Development\ACDSS Software\acdss-installation-package\ACDSS Latest Files by Sites\Riyadh\ACDSS Software Package\ACDSS\Archive\acdss-dashboard\Archive\Beta\bin\Release\Riyadh Evaluation_Delay.xml","Riyadh Evaluation_Delay.xml","2/15/2024 12:49:54 PM","10/31/2018 3:06:48 PM","23699","Archive"
"F:\Development\ACDSS Software\acdss-installation-package\ACDSS Latest Files by Sites\Riyadh\ACDSS Software Package\ACDSS\Archive\acdss-dashboard\Archive\Beta\bin\Release\Riyadh Evaluation_Hourly_Summary.xml","Riyadh Evaluation_Hourly_Summary.xml","2/15/2024 12:49:54 PM","11/2/2018 6:11:42 PM","41766","Archive"
"F:\Development\ACDSS Software\acdss-installation-package\ACDSS Latest Files by Sites\Riyadh\ACDSS Software Package\ACDSS\Archive\acdss-dashboard\Archive\Beta\bin\Release\Riyadh Evaluation_Individual_Intersection.xml","Riyadh Evaluation_Individual_Intersection.xml","2/15/2024 12:49:54 PM","2/26/2019 1:41:28 PM","36968","Archive"
"F:\Development\ACDSS Software\acdss-installation-package\ACDSS Latest Files by Sites\Riyadh\ACDSS Software Package\ACDSS\Archive\acdss-dashboard\Archive\Beta\bin\Release\Riyadh Evaluation_Multi_resolution.xml","Riyadh Evaluation_Multi_resolution.xml","2/15/2024 12:49:54 PM","11/30/2018 9:17:27 AM","16348","Archive"
"F:\Development\ACDSS Software\acdss-installation-package\ACDSS Latest Files by Sites\Riyadh\ACDSS Software Package\ACDSS\Archive\acdss-dashboard\Archive\Beta\bin\Release\Riyadh Evaluation_Tput.xml","Riyadh Evaluation_Tput.xml","2/15/2024 12:49:54 PM","10/31/2018 3:05:35 PM","24232","Archive"
"F:\Development\ACDSS Software\acdss-installation-package\ACDSS Latest Files by Sites\Riyadh\ACDSS Software Package\ACDSS\Archive\acdss-dashboard\Archive\Beta\bin\Release\Riyadh Evaluation_v1.xml","Riyadh Evaluation_v1.xml","2/15/2024 12:49:54 PM","8/3/2018 6:11:18 PM","29444","Archive"
"F:\Development\ACDSS Software\acdss-installation-package\ACDSS Latest Files by Sites\Riyadh\ACDSS Software Package\ACDSS\Archive\acdss-dashboard\Archive\Beta\bin\Release\Riyadh Evaluation_v2.xml","Riyadh Evaluation_v2.xml","2/15/2024 12:49:54 PM","9/20/2018 1:47:13 PM","30115","Archive"
"F:\Development\ACDSS Software\acdss-installation-package\ACDSS Latest Files by Sites\Riyadh\ACDSS Software Package\ACDSS\Archive\acdss-dashboard\Archive\Beta for Steven\bin\Release\Riyadh Evaluation_Delay.xml","Riyadh Evaluation_Delay.xml","2/15/2024 12:50:21 PM","10/31/2018 3:06:48 PM","23699","Archive"
"F:\Development\ACDSS Software\acdss-installation-package\ACDSS Latest Files by Sites\Riyadh\ACDSS Software Package\ACDSS\Archive\acdss-dashboard\Archive\Beta for Steven\bin\Release\Riyadh Evaluation_Hourly_Summary.xml","Riyadh Evaluation_Hourly_Summary.xml","2/15/2024 12:50:21 PM","11/2/2018 6:11:42 PM","41766","Archive"
"F:\Development\ACDSS Software\acdss-installation-package\ACDSS Latest Files by Sites\Riyadh\ACDSS Software Package\ACDSS\Archive\acdss-dashboard\Archive\Beta for Steven\bin\Release\Riyadh Evaluation_Individual_Intersection.xml","Riyadh Evaluation_Individual_Intersection.xml","2/15/2024 12:50:21 PM","2/26/2019 1:41:28 PM","36968","Archive"
"F:\Development\ACDSS Software\acdss-installation-package\ACDSS Latest Files by Sites\Riyadh\ACDSS Software Package\ACDSS\Archive\acdss-dashboard\Archive\Beta for Steven\bin\Release\Riyadh Evaluation_Multi_resolution.xml","Riyadh Evaluation_Multi_resolution.xml","2/15/2024 12:50:21 PM","11/30/2018 9:17:27 AM","16348","Archive"
"F:\Development\ACDSS Software\acdss-installation-package\ACDSS Latest Files by Sites\Riyadh\ACDSS Software Package\ACDSS\Archive\acdss-dashboard\Archive\Beta for Steven\bin\Release\Riyadh Evaluation_Tput.xml","Riyadh Evaluation_Tput.xml","2/15/2024 12:50:21 PM","10/31/2018 3:05:35 PM","24232","Archive"
"F:\Development\ACDSS Software\acdss-installation-package\ACDSS Latest Files by Sites\Riyadh\ACDSS Software Package\ACDSS\Archive\acdss-dashboard\Archive\Beta for Steven\bin\Release\Riyadh Evaluation_v1.xml","Riyadh Evaluation_v1.xml","2/15/2024 12:50:21 PM","8/3/2018 6:11:18 PM","29444","Archive"
"F:\Development\ACDSS Software\acdss-installation-package\ACDSS Latest Files by Sites\Riyadh\ACDSS Software Package\ACDSS\Archive\acdss-dashboard\Archive\Beta for Steven\bin\Release\Riyadh Evaluation_v2.xml","Riyadh Evaluation_v2.xml","2/15/2024 12:50:21 PM","9/20/2018 1:47:13 PM","30115","Archive"
"F:\Development\ACDSS Software\acdss-installation-package\ACDSS Latest Files by Sites\Riyadh\ACDSS Software Package\ACDSS\Archive\acdss-dashboard\Archive\Dashboard Automation_49\bin\Release\Riyadh Evaluation_Delay.xml","Riyadh Evaluation_Delay.xml","2/15/2024 12:50:46 PM","10/31/2018 3:06:48 PM","23699","Archive"
"F:\Development\ACDSS Software\acdss-installation-package\ACDSS Latest Files by Sites\Riyadh\ACDSS Software Package\ACDSS\Archive\acdss-dashboard\Archive\Dashboard Automation_49\bin\Release\Riyadh Evaluation_Hourly_Summary.xml","Riyadh Evaluation_Hourly_Summary.xml","2/15/2024 12:50:46 PM","11/2/2018 6:11:42 PM","41766","Archive"
"F:\Development\ACDSS Software\acdss-installation-package\ACDSS Latest Files by Sites\Riyadh\ACDSS Software Package\ACDSS\Archive\acdss-dashboard\Archive\Dashboard Automation_49\bin\Release\Riyadh Evaluation_Individual_Intersection.xml","Riyadh Evaluation_Individual_Intersection.xml","2/15/2024 12:50:46 PM","2/26/2019 1:41:28 PM","36968","Archive"
"F:\Development\ACDSS Software\acdss-installation-package\ACDSS Latest Files by Sites\Riyadh\ACDSS Software Package\ACDSS\Archive\acdss-dashboard\Archive\Dashboard Automation_49\bin\Release\Riyadh Evaluation_Multi_resolution.xml","Riyadh Evaluation_Multi_resolution.xml","2/15/2024 12:50:46 PM","11/30/2018 9:17:27 AM","16348","Archive"
"F:\Development\ACDSS Software\acdss-installation-package\ACDSS Latest Files by Sites\Riyadh\ACDSS Software Package\ACDSS\Archive\acdss-dashboard\Archive\Dashboard Automation_49\bin\Release\Riyadh Evaluation_Tput.xml","Riyadh Evaluation_Tput.xml","2/15/2024 12:50:46 PM","10/31/2018 3:05:35 PM","24232","Archive"
"F:\Development\ACDSS Software\acdss-installation-package\ACDSS Latest Files by Sites\Riyadh\ACDSS Software Package\ACDSS\Archive\acdss-dashboard\Archive\Dashboard Automation_49\bin\Release\Riyadh Evaluation_v1.xml","Riyadh Evaluation_v1.xml","2/15/2024 12:50:46 PM","8/3/2018 6:11:18 PM","29444","Archive"
"F:\Development\ACDSS Software\acdss-installation-package\ACDSS Latest Files by Sites\Riyadh\ACDSS Software Package\ACDSS\Archive\acdss-dashboard\Archive\Dashboard Automation_49\bin\Release\Riyadh Evaluation_v2.xml","Riyadh Evaluation_v2.xml","2/15/2024 12:50:46 PM","9/20/2018 1:47:13 PM","30115","Archive"
"F:\Development\ACDSS Software\acdss-installation-package\ACDSS Latest Files by Sites\Riyadh\ACDSS Software Package\ACDSS\Archive\acdss-dashboard\Archive\WIP\bin\Release\Riyadh Evaluation_Delay.xml","Riyadh Evaluation_Delay.xml","2/15/2024 12:51:07 PM","10/31/2018 3:06:48 PM","23699","Archive"
"F:\Development\ACDSS Software\acdss-installation-package\ACDSS Latest Files by Sites\Riyadh\ACDSS Software Package\ACDSS\Archive\acdss-dashboard\Archive\WIP\bin\Release\Riyadh Evaluation_Hourly_Summary.xml","Riyadh Evaluation_Hourly_Summary.xml","2/15/2024 12:51:08 PM","11/2/2018 6:11:42 PM","41766","Archive"
"F:\Development\ACDSS Software\acdss-installation-package\ACDSS Latest Files by Sites\Riyadh\ACDSS Software Package\ACDSS\Archive\acdss-dashboard\Archive\WIP\bin\Release\Riyadh Evaluation_Individual_Intersection.xml","Riyadh Evaluation_Individual_Intersection.xml","2/15/2024 12:51:08 PM","2/26/2019 1:41:28 PM","36968","Archive"
"F:\Development\ACDSS Software\acdss-installation-package\ACDSS Latest Files by Sites\Riyadh\ACDSS Software Package\ACDSS\Archive\acdss-dashboard\Archive\WIP\bin\Release\Riyadh Evaluation_Multi_resolution.xml","Riyadh Evaluation_Multi_resolution.xml","2/15/2024 12:51:08 PM","11/30/2018 9:17:27 AM","16348","Archive"
"F:\Development\ACDSS Software\acdss-installation-package\ACDSS Latest Files by Sites\Riyadh\ACDSS Software Package\ACDSS\Archive\acdss-dashboard\Archive\WIP\bin\Release\Riyadh Evaluation_Tput.xml","Riyadh Evaluation_Tput.xml","2/15/2024 12:51:08 PM","10/31/2018 3:05:35 PM","24232","Archive"
"F:\Development\ACDSS Software\acdss-installation-package\ACDSS Latest Files by Sites\Riyadh\ACDSS Software Package\ACDSS\Archive\acdss-dashboard\Archive\WIP\bin\Release\Riyadh Evaluation_v1.xml","Riyadh Evaluation_v1.xml","2/15/2024 12:51:08 PM","8/3/2018 6:11:18 PM","29444","Archive"
"F:\Development\ACDSS Software\acdss-installation-package\ACDSS Latest Files by Sites\Riyadh\ACDSS Software Package\ACDSS\Archive\acdss-dashboard\Archive\WIP\bin\Release\Riyadh Evaluation_v2.xml","Riyadh Evaluation_v2.xml","2/15/2024 12:51:08 PM","9/20/2018 1:47:13 PM","30115","Archive"
"F:\Development\ACDSS Software\acdss-installation-package\ACDSS Latest Files by Sites\Riyadh\ACDSS Software Package\ACDSS\Archive\acdss-dashboard\Beta\bin\Release\Riyadh Evaluation_Delay.xml","Riyadh Evaluation_Delay.xml","2/15/2024 12:51:30 PM","1/30/2020 11:51:53 AM","26061","Archive"
"F:\Development\ACDSS Software\acdss-installation-package\ACDSS Latest Files by Sites\Riyadh\ACDSS Software Package\ACDSS\Archive\acdss-dashboard\Beta\bin\Release\Riyadh Evaluation_Hourly_Summary.xml","Riyadh Evaluation_Hourly_Summary.xml","2/15/2024 12:51:30 PM","11/2/2018 6:11:42 PM","41766","Archive"
"F:\Development\ACDSS Software\acdss-installation-package\ACDSS Latest Files by Sites\Riyadh\ACDSS Software Package\ACDSS\Archive\acdss-dashboard\Beta\bin\Release\Riyadh Evaluation_HS.xml","Riyadh Evaluation_HS.xml","2/15/2024 12:51:30 PM","1/30/2020 11:54:52 AM","27861","Archive"
"F:\Development\ACDSS Software\acdss-installation-package\ACDSS Latest Files by Sites\Riyadh\ACDSS Software Package\ACDSS\Archive\acdss-dashboard\Beta\bin\Release\Riyadh Evaluation_Individual_Intersection.xml","Riyadh Evaluation_Individual_Intersection.xml","2/15/2024 12:51:30 PM","1/30/2020 12:07:46 PM","46184","Archive"
"F:\Development\ACDSS Software\acdss-installation-package\ACDSS Latest Files by Sites\Riyadh\ACDSS Software Package\ACDSS\Archive\acdss-dashboard\Beta\bin\Release\Riyadh Evaluation_Multi_resolution.xml","Riyadh Evaluation_Multi_resolution.xml","2/15/2024 12:51:30 PM","2/13/2020 11:20:36 AM","17783","Archive"
"F:\Development\ACDSS Software\acdss-installation-package\ACDSS Latest Files by Sites\Riyadh\ACDSS Software Package\ACDSS\Archive\acdss-dashboard\Beta\bin\Release\Riyadh Evaluation_Tput.xml","Riyadh Evaluation_Tput.xml","2/15/2024 12:51:30 PM","1/30/2020 11:50:43 AM","28046","Archive"
"F:\Development\ACDSS Software\acdss-installation-package\ACDSS Latest Files by Sites\Riyadh\ACDSS Software Package\ACDSS\Archive\acdss-dashboard\Beta\bin\Release\Riyadh Evaluation_v1.xml","Riyadh Evaluation_v1.xml","2/15/2024 12:51:31 PM","8/3/2018 6:11:18 PM","29444","Archive"
"F:\Development\ACDSS Software\acdss-installation-package\ACDSS Latest Files by Sites\Riyadh\ACDSS Software Package\ACDSS\Archive\acdss-dashboard\Beta\bin\Release\Riyadh Evaluation_v2.xml","Riyadh Evaluation_v2.xml","2/15/2024 12:51:31 PM","9/20/2018 1:47:13 PM","30115","Archive"
"F:\Development\ACDSS Software\acdss-installation-package\ACDSS Latest Files by Sites\Riyadh\ACDSS Software Package\ACDSS\Archive\acdss-dashboard\Beta\bin\Release\Riyadh Evaluation_VHT.xml","Riyadh Evaluation_VHT.xml","2/15/2024 12:51:31 PM","1/30/2020 11:53:40 AM","27914","Archive"
"F:\Development\ACDSS Software\acdss-installation-package\ACDSS Latest Files by Sites\Riyadh\ACDSS Software Package\ACDSS\Archive\acdss-dashboard\Beta\bin\Release\Riyadh Evaluation_VMT.xml","Riyadh Evaluation_VMT.xml","2/15/2024 12:51:31 PM","1/30/2020 11:52:51 AM","27914","Archive"
"F:\Development\ACDSS Software\acdss-installation-package\ACDSS Latest Files by Sites\Riyadh\ACDSS Software Package\ACDSS\Archive\acdss-dashboard\Dashboard Repository\Riyadh Evaluation_Delay.xml","Riyadh Evaluation_Delay.xml","2/15/2024 12:51:52 PM","1/30/2020 11:51:53 AM","26061","Archive"
"F:\Development\ACDSS Software\acdss-installation-package\ACDSS Latest Files by Sites\Riyadh\ACDSS Software Package\ACDSS\Archive\acdss-dashboard\Dashboard Repository\Riyadh Evaluation_Hourly_Summary.xml","Riyadh Evaluation_Hourly_Summary.xml","2/15/2024 12:51:52 PM","11/2/2018 6:11:42 PM","41766","Archive"
"F:\Development\ACDSS Software\acdss-installation-package\ACDSS Latest Files by Sites\Riyadh\ACDSS Software Package\ACDSS\Archive\acdss-dashboard\Dashboard Repository\Riyadh Evaluation_HS.xml","Riyadh Evaluation_HS.xml","2/15/2024 12:51:52 PM","1/30/2020 11:54:52 AM","27861","Archive"
"F:\Development\ACDSS Software\acdss-installation-package\ACDSS Latest Files by Sites\Riyadh\ACDSS Software Package\ACDSS\Archive\acdss-dashboard\Dashboard Repository\Riyadh Evaluation_Individual_Intersection.xml","Riyadh Evaluation_Individual_Intersection.xml","2/15/2024 12:51:52 PM","1/30/2020 12:07:46 PM","46184","Archive"
"F:\Development\ACDSS Software\acdss-installation-package\ACDSS Latest Files by Sites\Riyadh\ACDSS Software Package\ACDSS\Archive\acdss-dashboard\Dashboard Repository\Riyadh Evaluation_Multi_resolution.xml","Riyadh Evaluation_Multi_resolution.xml","2/15/2024 12:51:52 PM","2/13/2020 11:20:36 AM","17783","Archive"
"F:\Development\ACDSS Software\acdss-installation-package\ACDSS Latest Files by Sites\Riyadh\ACDSS Software Package\ACDSS\Archive\acdss-dashboard\Dashboard Repository\Riyadh Evaluation_Tput.xml","Riyadh Evaluation_Tput.xml","2/15/2024 12:51:52 PM","1/30/2020 11:50:43 AM","28046","Archive"
"F:\Development\ACDSS Software\acdss-installation-package\ACDSS Latest Files by Sites\Riyadh\ACDSS Software Package\ACDSS\Archive\acdss-dashboard\Dashboard Repository\Riyadh Evaluation_VHT.xml","Riyadh Evaluation_VHT.xml","2/15/2024 12:51:52 PM","1/30/2020 11:53:40 AM","27914","Archive"
"F:\Development\ACDSS Software\acdss-installation-package\ACDSS Latest Files by Sites\Riyadh\ACDSS Software Package\ACDSS\Archive\acdss-dashboard\Dashboard Repository\Riyadh Evaluation_VMT.xml","Riyadh Evaluation_VMT.xml","2/15/2024 12:51:52 PM","1/30/2020 11:52:51 AM","27914","Archive"
"F:\Development\ACDSS Software\acdss-installation-package\ACDSS Latest Files by Sites\Riyadh\ACDSS Software Package\ACDSS\Archive\acdss-dashboard\Dashboard Repository\Archived\Riyadh Evaluation.xml","Riyadh Evaluation.xml","2/15/2024 12:51:53 PM","7/30/2018 4:17:12 PM","20157","Archive"
"F:\Development\ACDSS Software\acdss-installation-package\ACDSS Latest Files by Sites\Riyadh\ACDSS Software Package\ACDSS\Archive\acdss-dashboard\Dashboard Repository\Archived\Riyadh Evaluation_Delay_bkp.xml","Riyadh Evaluation_Delay_bkp.xml","2/15/2024 12:51:53 PM","9/27/2018 10:34:07 PM","24832","Archive"
"F:\Development\ACDSS Software\acdss-installation-package\ACDSS Latest Files by Sites\Riyadh\ACDSS Software Package\ACDSS\Archive\acdss-dashboard\Dashboard Repository\Archived\Riyadh Evaluation_Hourly_Summary_20181026.xml","Riyadh Evaluation_Hourly_Summary_20181026.xml","2/15/2024 12:51:53 PM","10/25/2018 5:35:33 PM","29752","Archive"
"F:\Development\ACDSS Software\acdss-installation-package\ACDSS Latest Files by Sites\Riyadh\ACDSS Software Package\ACDSS\Archive\acdss-dashboard\Dashboard Repository\Archived\Riyadh Evaluation_Hourly_Summary_backup.xml","Riyadh Evaluation_Hourly_Summary_backup.xml","2/15/2024 12:51:53 PM","11/2/2018 3:44:25 PM","39739","Archive"
"F:\Development\ACDSS Software\acdss-installation-package\ACDSS Latest Files by Sites\Riyadh\ACDSS Software Package\ACDSS\Archive\acdss-dashboard\Dashboard Repository\Archived\Riyadh Evaluation_Tput_bkp.xml","Riyadh Evaluation_Tput_bkp.xml","2/15/2024 12:51:54 PM","9/27/2018 10:29:02 PM","25366","Archive"
"F:\Development\ACDSS Software\acdss-installation-package\ACDSS Latest Files by Sites\Riyadh\ACDSS Software Package\ACDSS\Archive\acdss-dashboard\Dashboard Repository\Archived\Riyadh Evaluation_v0.xml","Riyadh Evaluation_v0.xml","2/15/2024 12:51:54 PM","7/31/2018 12:13:52 PM","30383","Archive"
"F:\Development\ACDSS Software\acdss-installation-package\ACDSS Latest Files by Sites\Riyadh\ACDSS Software Package\ACDSS\Archive\acdss-dashboard\Dashboard Repository\Archived\Riyadh Evaluation_v1.xml","Riyadh Evaluation_v1.xml","2/15/2024 12:51:54 PM","8/3/2018 6:11:18 PM","29444","Archive"
"F:\Development\ACDSS Software\acdss-installation-package\ACDSS Latest Files by Sites\Riyadh\ACDSS Software Package\ACDSS\Archive\acdss-dashboard\Dashboard Repository\Archived\Riyadh Evaluation_v2.xml","Riyadh Evaluation_v2.xml","2/15/2024 12:51:54 PM","9/26/2018 11:05:37 AM","29885","Archive"
"F:\Development\ACDSS Software\acdss-installation-package\ACDSS Latest Files by Sites\Riyadh\ACDSS Software Package\ACDSS\Archive\acdss-dashboard\Dashboard Repository\Archived\20191122\Riyadh Evaluation_Delay.xml","Riyadh Evaluation_Delay.xml","2/15/2024 12:51:54 PM","10/31/2018 3:06:48 PM","23699","Archive"
"F:\Development\ACDSS Software\acdss-installation-package\ACDSS Latest Files by Sites\Riyadh\ACDSS Software Package\ACDSS\Archive\acdss-dashboard\Dashboard Repository\Archived\20191122\Riyadh Evaluation_Individual_Intersection.xml","Riyadh Evaluation_Individual_Intersection.xml","2/15/2024 12:51:54 PM","2/26/2019 1:41:28 PM","36968","Archive"
"F:\Development\ACDSS Software\acdss-installation-package\ACDSS Latest Files by Sites\Riyadh\ACDSS Software Package\ACDSS\Archive\acdss-dashboard\Dashboard Repository\Archived\20191122\Riyadh Evaluation_Multi_resolution.xml","Riyadh Evaluation_Multi_resolution.xml","2/15/2024 12:51:54 PM","1/10/2019 4:47:10 PM","16348","Archive"
"F:\Development\ACDSS Software\acdss-installation-package\ACDSS Latest Files by Sites\Riyadh\ACDSS Software Package\ACDSS\Archive\acdss-dashboard\Dashboard Repository\Archived\20191122\Riyadh Evaluation_Tput.xml","Riyadh Evaluation_Tput.xml","2/15/2024 12:51:54 PM","10/31/2018 3:05:35 PM","24232","Archive"
"F:\Development\ACDSS Software\acdss-installation-package\ACDSS Latest Files by Sites\Riyadh\ACDSS Software Package\ACDSS\Archive\acdss-dashboard\Development\bin\Release\Riyadh Evaluation_Delay.xml","Riyadh Evaluation_Delay.xml","2/15/2024 12:52:01 PM","1/30/2020 11:51:53 AM","26061","Archive"
"F:\Development\ACDSS Software\acdss-installation-package\ACDSS Latest Files by Sites\Riyadh\ACDSS Software Package\ACDSS\Archive\acdss-dashboard\Development\bin\Release\Riyadh Evaluation_Hourly_Summary.xml","Riyadh Evaluation_Hourly_Summary.xml","2/15/2024 12:52:01 PM","11/2/2018 6:11:42 PM","41766","Archive"
"F:\Development\ACDSS Software\acdss-installation-package\ACDSS Latest Files by Sites\Riyadh\ACDSS Software Package\ACDSS\Archive\acdss-dashboard\Development\bin\Release\Riyadh Evaluation_HS.xml","Riyadh Evaluation_HS.xml","2/15/2024 12:52:01 PM","1/30/2020 11:54:52 AM","27861","Archive"
"F:\Development\ACDSS Software\acdss-installation-package\ACDSS Latest Files by Sites\Riyadh\ACDSS Software Package\ACDSS\Archive\acdss-dashboard\Development\bin\Release\Riyadh Evaluation_Individual_Intersection.xml","Riyadh Evaluation_Individual_Intersection.xml","2/15/2024 12:52:01 PM","1/30/2020 12:07:46 PM","46184","Archive"
"F:\Development\ACDSS Software\acdss-installation-package\ACDSS Latest Files by Sites\Riyadh\ACDSS Software Package\ACDSS\Archive\acdss-dashboard\Development\bin\Release\Riyadh Evaluation_Multi_resolution.xml","Riyadh Evaluation_Multi_resolution.xml","2/15/2024 12:52:01 PM","2/13/2020 11:20:36 AM","17783","Archive"
"F:\Development\ACDSS Software\acdss-installation-package\ACDSS Latest Files by Sites\Riyadh\ACDSS Software Package\ACDSS\Archive\acdss-dashboard\Development\bin\Release\Riyadh Evaluation_Tput.xml","Riyadh Evaluation_Tput.xml","2/15/2024 12:52:01 PM","1/30/2020 11:50:43 AM","28046","Archive"
"F:\Development\ACDSS Software\acdss-installation-package\ACDSS Latest Files by Sites\Riyadh\ACDSS Software Package\ACDSS\Archive\acdss-dashboard\Development\bin\Release\Riyadh Evaluation_v1.xml","Riyadh Evaluation_v1.xml","2/15/2024 12:52:01 PM","8/3/2018 6:11:18 PM","29444","Archive"
"F:\Development\ACDSS Software\acdss-installation-package\ACDSS Latest Files by Sites\Riyadh\ACDSS Software Package\ACDSS\Archive\acdss-dashboard\Development\bin\Release\Riyadh Evaluation_v2.xml","Riyadh Evaluation_v2.xml","2/15/2024 12:52:01 PM","9/20/2018 1:47:13 PM","30115","Archive"
"F:\Development\ACDSS Software\acdss-installation-package\ACDSS Latest Files by Sites\Riyadh\ACDSS Software Package\ACDSS\Archive\acdss-dashboard\Development\bin\Release\Riyadh Evaluation_VHT.xml","Riyadh Evaluation_VHT.xml","2/15/2024 12:52:01 PM","1/30/2020 11:53:40 AM","27914","Archive"
"F:\Development\ACDSS Software\acdss-installation-package\ACDSS Latest Files by Sites\Riyadh\ACDSS Software Package\ACDSS\Archive\acdss-dashboard\Development\bin\Release\Riyadh Evaluation_VMT.xml","Riyadh Evaluation_VMT.xml","2/15/2024 12:52:01 PM","1/30/2020 11:52:51 AM","27914","Archive"
"F:\Development\ACDSS Software\acdss-installation-package\ACDSS Latest Files by Sites\Riyadh\ACDSS Software Package\ACDSS\Archive\acdss-dashboard\Real-time Status Maps\bin\Release\Riyadh Evaluation_Delay.xml","Riyadh Evaluation_Delay.xml","2/15/2024 12:52:26 PM","1/30/2020 11:51:53 AM","26061","Archive"
"F:\Development\ACDSS Software\acdss-installation-package\ACDSS Latest Files by Sites\Riyadh\ACDSS Software Package\ACDSS\Archive\acdss-dashboard\Real-time Status Maps\bin\Release\Riyadh Evaluation_Hourly_Summary.xml","Riyadh Evaluation_Hourly_Summary.xml","2/15/2024 12:52:26 PM","11/2/2018 6:11:42 PM","41766","Archive"
"F:\Development\ACDSS Software\acdss-installation-package\ACDSS Latest Files by Sites\Riyadh\ACDSS Software Package\ACDSS\Archive\acdss-dashboard\Real-time Status Maps\bin\Release\Riyadh Evaluation_HS.xml","Riyadh Evaluation_HS.xml","2/15/2024 12:52:26 PM","1/30/2020 11:54:52 AM","27861","Archive"
"F:\Development\ACDSS Software\acdss-installation-package\ACDSS Latest Files by Sites\Riyadh\ACDSS Software Package\ACDSS\Archive\acdss-dashboard\Real-time Status Maps\bin\Release\Riyadh Evaluation_Individual_Intersection.xml","Riyadh Evaluation_Individual_Intersection.xml","2/15/2024 12:52:26 PM","1/30/2020 12:07:46 PM","46184","Archive"
"F:\Development\ACDSS Software\acdss-installation-package\ACDSS Latest Files by Sites\Riyadh\ACDSS Software Package\ACDSS\Archive\acdss-dashboard\Real-time Status Maps\bin\Release\Riyadh Evaluation_Multi_resolution.xml","Riyadh Evaluation_Multi_resolution.xml","2/15/2024 12:52:26 PM","2/13/2020 11:20:36 AM","17783","Archive"
"F:\Development\ACDSS Software\acdss-installation-package\ACDSS Latest Files by Sites\Riyadh\ACDSS Software Package\ACDSS\Archive\acdss-dashboard\Real-time Status Maps\bin\Release\Riyadh Evaluation_Tput.xml","Riyadh Evaluation_Tput.xml","2/15/2024 12:52:27 PM","1/30/2020 11:50:43 AM","28046","Archive"
"F:\Development\ACDSS Software\acdss-installation-package\ACDSS Latest Files by Sites\Riyadh\ACDSS Software Package\ACDSS\Archive\acdss-dashboard\Real-time Status Maps\bin\Release\Riyadh Evaluation_v1.xml","Riyadh Evaluation_v1.xml","2/15/2024 12:52:27 PM","8/3/2018 6:11:18 PM","29444","Archive"
"F:\Development\ACDSS Software\acdss-installation-package\ACDSS Latest Files by Sites\Riyadh\ACDSS Software Package\ACDSS\Archive\acdss-dashboard\Real-time Status Maps\bin\Release\Riyadh Evaluation_v2.xml","Riyadh Evaluation_v2.xml","2/15/2024 12:52:27 PM","9/20/2018 1:47:13 PM","30115","Archive"
"F:\Development\ACDSS Software\acdss-installation-package\ACDSS Latest Files by Sites\Riyadh\ACDSS Software Package\ACDSS\Archive\acdss-dashboard\Real-time Status Maps\bin\Release\Riyadh Evaluation_VHT.xml","Riyadh Evaluation_VHT.xml","2/15/2024 12:52:27 PM","1/30/2020 11:53:40 AM","27914","Archive"
"F:\Development\ACDSS Software\acdss-installation-package\ACDSS Latest Files by Sites\Riyadh\ACDSS Software Package\ACDSS\Archive\acdss-dashboard\Real-time Status Maps\bin\Release\Riyadh Evaluation_VMT.xml","Riyadh Evaluation_VMT.xml","2/15/2024 12:52:27 PM","1/30/2020 11:52:51 AM","27914","Archive"
"F:\Development\ACDSS Software\acdss-installation-package\ACDSS Latest Files by Sites\Riyadh\ACDSS Software Package\ACDSS\Archive\acdss-dashboard\Release\bin\Release\Riyadh Evaluation_Delay.xml","Riyadh Evaluation_Delay.xml","2/15/2024 12:52:49 PM","1/30/2020 11:51:53 AM","26061","Archive"
"F:\Development\ACDSS Software\acdss-installation-package\ACDSS Latest Files by Sites\Riyadh\ACDSS Software Package\ACDSS\Archive\acdss-dashboard\Release\bin\Release\Riyadh Evaluation_Hourly_Summary.xml","Riyadh Evaluation_Hourly_Summary.xml","2/15/2024 12:52:49 PM","11/2/2018 6:11:42 PM","41766","Archive"
"F:\Development\ACDSS Software\acdss-installation-package\ACDSS Latest Files by Sites\Riyadh\ACDSS Software Package\ACDSS\Archive\acdss-dashboard\Release\bin\Release\Riyadh Evaluation_HS.xml","Riyadh Evaluation_HS.xml","2/15/2024 12:52:49 PM","1/30/2020 11:54:52 AM","27861","Archive"
"F:\Development\ACDSS Software\acdss-installation-package\ACDSS Latest Files by Sites\Riyadh\ACDSS Software Package\ACDSS\Archive\acdss-dashboard\Release\bin\Release\Riyadh Evaluation_Individual_Intersection.xml","Riyadh Evaluation_Individual_Intersection.xml","2/15/2024 12:52:49 PM","1/30/2020 12:07:46 PM","46184","Archive"
"F:\Development\ACDSS Software\acdss-installation-package\ACDSS Latest Files by Sites\Riyadh\ACDSS Software Package\ACDSS\Archive\acdss-dashboard\Release\bin\Release\Riyadh Evaluation_Multi_resolution.xml","Riyadh Evaluation_Multi_resolution.xml","2/15/2024 12:52:49 PM","2/13/2020 11:20:36 AM","17783","Archive"
"F:\Development\ACDSS Software\acdss-installation-package\ACDSS Latest Files by Sites\Riyadh\ACDSS Software Package\ACDSS\Archive\acdss-dashboard\Release\bin\Release\Riyadh Evaluation_Tput.xml","Riyadh Evaluation_Tput.xml","2/15/2024 12:52:49 PM","1/30/2020 11:50:43 AM","28046","Archive"
"F:\Development\ACDSS Software\acdss-installation-package\ACDSS Latest Files by Sites\Riyadh\ACDSS Software Package\ACDSS\Archive\acdss-dashboard\Release\bin\Release\Riyadh Evaluation_v1.xml","Riyadh Evaluation_v1.xml","2/15/2024 12:52:49 PM","8/3/2018 6:11:18 PM","29444","Archive"
"F:\Development\ACDSS Software\acdss-installation-package\ACDSS Latest Files by Sites\Riyadh\ACDSS Software Package\ACDSS\Archive\acdss-dashboard\Release\bin\Release\Riyadh Evaluation_v2.xml","Riyadh Evaluation_v2.xml","2/15/2024 12:52:49 PM","9/20/2018 1:47:13 PM","30115","Archive"
"F:\Development\ACDSS Software\acdss-installation-package\ACDSS Latest Files by Sites\Riyadh\ACDSS Software Package\ACDSS\Archive\acdss-dashboard\Release\bin\Release\Riyadh Evaluation_VHT.xml","Riyadh Evaluation_VHT.xml","2/15/2024 12:52:49 PM","1/30/2020 11:53:40 AM","27914","Archive"
"F:\Development\ACDSS Software\acdss-installation-package\ACDSS Latest Files by Sites\Riyadh\ACDSS Software Package\ACDSS\Archive\acdss-dashboard\Release\bin\Release\Riyadh Evaluation_VMT.xml","Riyadh Evaluation_VMT.xml","2/15/2024 12:52:49 PM","1/30/2020 11:52:51 AM","27914","Archive"
"F:\Development\ACDSS Software\acdss-installation-package\ACDSS Latest Files by Sites\Riyadh\ACDSS Software Package\ACDSS\Archive\acdss-dashboard\SQL Script\Intersection Specific Evaluation.sql","Intersection Specific Evaluation.sql","2/15/2024 12:53:13 PM","4/15/2019 4:43:46 PM","31977","Archive"
"F:\Development\Archive\DYNEV Testing\barakah\jinil cases\Case Descriptions.txt","Case Descriptions.txt","1/6/2023 10:30:51 AM","1/6/2023 10:31:33 AM","255","Archive"
"F:\Development\AYIELDS_RECORDS-559\%Net_Worth_Backup_124.txt","%Net_Worth_Backup_124.txt","8/24/2014 8:00:00 AM","8/24/2014 8:00:00 AM","473","Hidden, Archive"
"F:\Development\AYIELDS_RECORDS-559\3Amortization_739.csv","3Amortization_739.csv","8/24/2014 8:00:00 AM","8/24/2014 8:00:00 AM","3410","Hidden, Archive"
"F:\Development\AYIELDS_RECORDS-559\7Loans-949.pdf","7Loans-949.pdf","8/24/2014 8:00:00 AM","8/24/2014 8:00:00 AM","2220","Hidden, Archive"
"F:\Engineering\1075 INFORM Contract with GPI","1075 INFORM Contract with GPI","11/2/2023 9:50:07 PM","3/6/2026 9:39:02 AM",,"ReadOnly, Directory"
"F:\Engineering\2CV-NET_WORTH_788","2CV-NET_WORTH_788","6/10/2026 9:16:09 AM","6/10/2026 12:54:49 PM",,"Hidden, Directory, NotContentIndexed"
"F:\Engineering\879_DEISSouthamptonTennis Camp - Cashin","879_DEISSouthamptonTennis Camp - Cashin","11/3/2023 6:57:25 PM","8/10/2016 12:04:34 PM",,"ReadOnly, Directory"
"F:\Engineering\950_Equinox_Bridgehampton_Cashin","950_Equinox_Bridgehampton_Cashin","11/4/2023 4:46:45 PM","10/20/2022 11:43:08 AM",,"Directory"
"F:\Engineering\ACDSS - Guidelines Evaluation Training","ACDSS - Guidelines Evaluation Training","11/4/2023 5:11:05 PM","4/8/2026 1:24:05 PM",,"Directory"
"F:\Engineering\Cashin - Long Beach Park Ave","Cashin - Long Beach Park Ave","11/4/2023 9:25:09 PM","5/11/2017 3:04:22 PM",,"Directory"
"F:\Engineering\Cashin Huntington Hub Sewer","Cashin Huntington Hub Sewer","11/4/2023 9:25:11 PM","5/8/2018 2:07:19 PM",,"Directory"
"F:\Engineering\Cashin MacArthur Airport Sewer","Cashin MacArthur Airport Sewer","11/4/2023 9:25:13 PM","12/8/2017 8:06:15 AM",,"ReadOnly, Directory"
"F:\Engineering\Cashin Old Town Rd","Cashin Old Town Rd","11/4/2023 9:25:16 PM","5/9/2019 1:48:33 PM",,"Directory"
"F:\Engineering\Cashin Port Jeff","Cashin Port Jeff","11/4/2023 9:25:33 PM","8/19/2019 10:16:59 AM",,"ReadOnly, Directory"
"F:\Engineering\Cashin Stony Brook Rd","Cashin Stony Brook Rd","11/4/2023 9:25:34 PM","1/17/2021 8:53:10 AM",,"Directory"
"F:\Engineering\Cashin_OysterBay","Cashin_OysterBay","11/4/2023 9:25:34 PM","9/3/2019 3:35:41 PM",,"Directory"
"F:\Engineering\Cashin_SCCC","Cashin_SCCC","11/4/2023 9:25:35 PM","5/10/2019 2:12:19 PM",,"Directory"
"F:\Engineering\Cashin_TIS","Cashin_TIS","11/4/2023 9:25:38 PM","4/19/2019 4:24:34 PM",,"Directory"
"F:\Engineering\7Contract-Plan_355.csv","7Contract-Plan_355.csv","8/24/2014 8:00:00 AM","8/24/2014 8:00:00 AM","3402","Hidden, Archive, NotContentIndexed"
"F:\Engineering\00 PM PROJECT MANAGERS VOUCHERS TO BE SIGNED\Brandon\4Loans_367.docx","4Loans_367.docx","8/24/2014 8:00:00 AM","8/24/2014 8:00:00 AM","36931","Hidden, Archive, NotContentIndexed"
"F:\Engineering\00 PM PROJECT MANAGERS VOUCHERS TO BE SIGNED\Brandon\Signed\finalized to master\#Valuation-190.txt","#Valuation-190.txt","8/24/2014 8:00:00 AM","8/24/2014 8:00:00 AM","473","Hidden, Archive, NotContentIndexed"
"F:\Engineering\00 PM PROJECT MANAGERS VOUCHERS TO BE SIGNED\Brandon\Signed\finalized to master\6Contract-505.csv","6Contract-505.csv","8/24/2014 8:00:00 AM","8/24/2014 8:00:00 AM","3404","Hidden, Archive, NotContentIndexed"
"F:\Engineering\00 PM PROJECT MANAGERS VOUCHERS TO BE SIGNED\Brandon\Signed\finalized to master\9Annuity-795.jpg","9Annuity-795.jpg","8/24/2014 8:00:00 AM","8/24/2014 8:00:00 AM","102005","Hidden, Archive, NotContentIndexed"
"F:\Engineering\1001 PANYNJ_OBX Survey with HDR\LOS Description.docx","LOS Description.docx","8/9/2018 3:43:25 PM","8/9/2018 3:43:26 PM","396756","Archive, NotContentIndexed"
"F:\Engineering\1014 40St PTG\Data\Accident Data\From NYCDOT\HBMA24544\SIMS_Code_Descriptions_6_26_2020.pdf","SIMS_Code_Descriptions_6_26_2020.pdf","6/29/2020 11:24:52 AM","11/24/2020 11:33:49 AM","166295","Archive"
"F:\Engineering\1014 40St PTG\Docs\Extract 649357 Executed Contract 8-27-18.pdf","Extract 649357 Executed Contract 8-27-18.pdf","2/4/2019 9:54:41 PM","2/4/2019 9:54:42 PM","1932367","Archive"
"F:\Engineering\1059 PTG GWB HH Ramps\Contractual","Contractual","11/2/2023 8:48:48 PM","11/18/2019 2:11:55 PM",,"ReadOnly, Directory"
"F:\Engineering\1059 PTG GWB HH Ramps\Contractual\Contract.pdf","Contract.pdf","8/14/2019 2:16:43 PM","8/14/2019 2:15:45 PM","4949880","Archive"
"F:\Engineering\1059 PTG GWB HH Ramps\Documents\Deliverables according to Contract.docx","Deliverables according to Contract.docx","1/18/2020 8:14:25 AM","1/18/2020 8:14:27 AM","268893","Archive"
"F:\Engineering\1059 PTG GWB HH Ramps\Plans etc from Parsons\XXXXXXXX-Contract_Border.dwg","XXXXXXXX-Contract_Border.dwg","5/6/2020 12:06:12 PM","5/6/2020 12:06:13 PM","578855","Archive"
"F:\Engineering\1068 - EWR T1 Redevelopment Engineering Support with Arup\Documents\From Arup\20200225_T1 FRONTAGE_Contracts.pdf","20200225_T1 FRONTAGE_Contracts.pdf","4/3/2020 2:40:00 PM","4/3/2020 10:41:31 AM","766565","Archive"
"F:\Engineering\1071 MTA CBDTP With TransCore\Docs\From_Proposal\CBDTP DBOM Contract FIN v2 10-31-19 -Technical Proposal.pdf","CBDTP DBOM Contract FIN v2 10-31-19 -Technical Proposal.pdf","11/22/2019 5:49:57 PM","11/22/2019 5:43:44 PM","450946059","Archive"
"F:\Engineering\1071 MTA CBDTP With TransCore\Docs\From_Proposal\Exhibit D - Subcontractor's Quote.pdf","Exhibit D - Subcontractor's Quote.pdf","11/22/2019 4:16:34 PM","11/13/2019 3:17:32 PM","208151","Archive"
"F:\Engineering\1071 MTA CBDTP With TransCore\Literature\Other Congestion Pricing Publications\Report-06-LA Evaluation.pdf","Report-06-LA Evaluation.pdf","12/9/2019 9:56:52 AM","12/2/2019 1:08:50 PM","35616439","Archive"
"F:\Engineering\1075 INFORM Contract with GPI\Misc Tasks\WB Oakdale Merge Review\MN_DOT Ramp Study_rbWG\evaluationplan.pdf","evaluationplan.pdf","2/2/2023 2:07:10 PM","2/2/2023 2:07:16 PM","3692852","Archive"
"F:\Engineering\1109_NYCDOT_OHD_AECOM_Planning_ESA_T1\Data\from_NYCDOT\Sample OHD spreadsheets and Description Tabs","Sample OHD spreadsheets and Description Tabs","11/2/2023 10:48:01 PM","4/28/2021 9:43:18 AM",,"ReadOnly, Directory"
"F:\Engineering\1109_NYCDOT_OHD_AECOM_Planning_ESA_T1\Data\from_NYCDOT\Sample OHD spreadsheets and Description Tabs.zip","Sample OHD spreadsheets and Description Tabs.zip","2/18/2020 2:12:48 PM","2/18/2020 2:12:50 PM","169418","Archive"
"F:\Engineering\1109_NYCDOT_OHD_AECOM_Planning_ESA_T1\Data\from_NYCDOT\Sample OHD spreadsheets and Description Tabs\Sample Description Tab.jpg","Sample Description Tab.jpg","2/18/2020 11:03:01 AM","2/18/2020 11:03:01 AM","106005","Archive"
"F:\Engineering\1109_NYCDOT_OHD_AECOM_Planning_ESA_T1\Meetings\2020-02-18 AECOM Visit to DOT\Sample OHD spreadsheets and Description Tabs.zip","Sample OHD spreadsheets and Description Tabs.zip","2/20/2020 6:19:14 AM","2/18/2020 2:12:50 PM","169418","Archive"
"F:\Engineering\1130 - PANYNJ LT Helix with HDR\Data\Hauxhurst Mueller Ramp Request\20210125 Hauxhurst Ramp Traffic Evaluation KLD Rev0.docx","20210125 Hauxhurst Ramp Traffic Evaluation KLD Rev0.docx","1/25/2021 10:07:22 PM","1/25/2021 10:18:55 PM","20507980","Archive"
"F:\Engineering\1130 - PANYNJ LT Helix with HDR\Data\Hauxhurst Mueller Ramp Request\20210125 Hauxhurst Ramp Traffic Evaluation KLD Rev0.pdf","20210125 Hauxhurst Ramp Traffic Evaluation KLD Rev0.pdf","1/25/2021 11:34:50 PM","1/25/2021 11:34:50 PM","523038","Archive"
"F:\Engineering\1130 - PANYNJ LT Helix with HDR\Data\LCR & LER Data Request\20210126 DRAFT LCR LER Closure Traffic Evaluation KLD Rev0.docx","20210126 DRAFT LCR LER Closure Traffic Evaluation KLD Rev0.docx","1/27/2021 9:17:51 AM","1/28/2021 9:08:13 AM","11684584","Archive"
"F:\Engineering\1130 - PANYNJ LT Helix with HDR\Data\LCR & LER Data Request\20210126 DRAFT LCR LER Closure Traffic Evaluation KLD Rev0.pdf","20210126 DRAFT LCR LER Closure Traffic Evaluation KLD Rev0.pdf","1/27/2021 9:18:37 AM","1/27/2021 9:18:36 AM","1288125","Archive"
"F:\Engineering\1130 - PANYNJ LT Helix with HDR\Data\LCR & LER Data Request\20210127 DRAFT LCR LER Closure Traffic Evaluation KLD Rev1.docx","20210127 DRAFT LCR LER Closure Traffic Evaluation KLD Rev1.docx","1/27/2021 2:55:33 PM","1/27/2021 2:55:56 PM","11682280","Archive"
"F:\Engineering\1130 - PANYNJ LT Helix with HDR\Data\LCR & LER Data Request\20210127 DRAFT LCR LER Closure Traffic Evaluation KLD Rev1.pdf","20210127 DRAFT LCR LER Closure Traffic Evaluation KLD Rev1.pdf","1/27/2021 2:55:56 PM","1/27/2021 2:55:58 PM","1251436","Archive"
"F:\Engineering\1130 - PANYNJ LT Helix with HDR\Data\LCR & LER Data Request\Archive\20210125 DRAFT LCR LER Closure Traffic Evaluation KLD Rev0.docx","20210125 DRAFT LCR LER Closure Traffic Evaluation KLD Rev0.docx","1/25/2021 10:04:45 PM","1/25/2021 10:05:48 PM","11684325","Archive"
"F:\Engineering\1130 - PANYNJ LT Helix with HDR\Data\LCR & LER Data Request\Archive\20210125 DRAFT LCR LER Closure Traffic Evaluation KLD Rev0.pdf","20210125 DRAFT LCR LER Closure Traffic Evaluation KLD Rev0.pdf","1/25/2021 11:33:10 PM","1/25/2021 11:33:09 PM","1288078","Archive"
"F:\Engineering\1130 - PANYNJ LT Helix with HDR\Data\LCR & LER Data Request\Archive\20210125 DRAFT LCR LER Closure Traffic Evaluation Rev0.docx","20210125 DRAFT LCR LER Closure Traffic Evaluation Rev0.docx","1/25/2021 9:54:39 PM","1/25/2021 9:54:48 PM","11804468","Archive"
"F:\Engineering\1130 - PANYNJ LT Helix with HDR\Docs\Revision 2 Staging SEP\20210312_LT Helix SEP Appendix B - 7 Lane Single Level Roadway Construction Staging Evaluation.docx","20210312_LT Helix SEP Appendix B - 7 Lane Single Level Roadway Construction Staging Evaluation.docx","3/12/2021 3:53:29 PM","3/12/2021 3:53:30 PM","2468654","Archive"
"F:\Engineering\1131 - NYCDOT HDR ITS ESA T4 Video Analytics RFEI Support\Docs\RFP\Video Analytics Project_Evaluation Instruction.docx","Video Analytics Project_Evaluation Instruction.docx","2/22/2023 8:10:13 AM","2/22/2023 8:10:13 AM","79612","Archive"
"F:\Engineering\1131 - NYCDOT HDR ITS ESA T4 Video Analytics RFEI Support\Docs\RFP\Video Analytics Project_Evaluation Instruction_5152023.docx","Video Analytics Project_Evaluation Instruction_5152023.docx","5/15/2023 5:40:35 PM","5/15/2023 5:40:36 PM","40581","Archive"
"F:\Engineering\1131 - NYCDOT HDR ITS ESA T4 Video Analytics RFEI Support\Docs\RFP\Video Analytics Project_Evaluation Instruction_5152023_SM.docx","Video Analytics Project_Evaluation Instruction_5152023_SM.docx","5/15/2023 5:52:06 PM","5/15/2023 5:52:06 PM","46764","Archive"
"F:\Engineering\1131 - NYCDOT HDR ITS ESA T4 Video Analytics RFEI Support\Docs\RFP\archive\Evaluation Criteria Table.docx","Evaluation Criteria Table.docx","1/31/2023 6:25:48 PM","1/31/2023 6:25:48 PM","19416","Archive"
"F:\Engineering\1131 - NYCDOT HDR ITS ESA T4 Video Analytics RFEI Support\Docs\RFP\archive\Video Analytics Project_Evaluation Instruction.docx","Video Analytics Project_Evaluation Instruction.docx","2/1/2023 12:39:44 PM","2/1/2023 12:39:45 PM","70089","Archive"
"F:\Engineering\1131 - NYCDOT HDR ITS ESA T4 Video Analytics RFEI Support\Docs\RFP\archive\Video Analytics Project_Evaluation Instruction_20230201.docx","Video Analytics Project_Evaluation Instruction_20230201.docx","2/1/2023 4:14:06 PM","2/1/2023 4:14:07 PM","38034","Archive"
"F:\Engineering\1131 - NYCDOT HDR ITS ESA T4 Video Analytics RFEI Support\Docs\RFP\archive\Video Analytics Project_Evaluation Instruction_SM.docx","Video Analytics Project_Evaluation Instruction_SM.docx","2/1/2023 12:53:11 PM","2/1/2023 12:53:11 PM","77828","Archive"
"F:\Engineering\1131 - NYCDOT HDR ITS ESA T4 Video Analytics RFEI Support\Docs\RFP\Reference\Evaluation of the After Market Safety Device Proposals_v1.docx","Evaluation of the After Market Safety Device Proposals_v1.docx","1/26/2023 11:36:05 AM","1/26/2023 11:36:05 AM","24713","Archive"
